capability_id,capability_name,area,role_owner,originating_process_ids,substrate_id,skill_ids,lifecycle_status,i81_verdict,i81_gap_summary,external_register_summary,last_review_at,last_review_by,last_review_decision_id,methodology_version_at_review,notes,capability_tier,l1_domain,definition,alpha_inventory_refs
CAP-LEGAL-INSTRUMENT-LIFECYCLE,Legal Instrument Lifecycle Management,Legal,Legal Consumer Specialist,thi_legal_dtp_21;thi_legal_dtp_22;thi_legal_dtp_23;thi_legal_dtp_26;thi_legal_dtp_27,SUBS-ANYSPHERE-CURSOR-SDK,,planned,,,,2026-06-16,Data Governance Office,D-IH-76-R,v3.2,Collapsed from 5 shadows (D-IH-95-I); co-owner Legal Collaborator Specialist; NDA templates A/B are realizations not capabilities.,utility,"Legal, Compliance & Privacy","Drafting, maintaining and governing consumer + collaborator legal instruments (T&C, privacy, retention, NDA templates).",
CAP-LEGAL-IP-TRADEMARK,Intellectual Property & Trademark Management,Legal,Legal Counsel,hol_lgl_prc_trademark_naming_governance_001;hol_lgl_prc_trademark_monitoring_001;hol_lgl_prc_ip_register_mtnce_001,SUBS-ANYSPHERE-CURSOR-SDK,,active,,,,2026-06-16,Data Governance Office,D-IH-76-R,v3.2,Collapsed from 4 shadows incl. cross-entity dedup of deprecated thi_legal_dtp_303 (D-IH-95-I); cross-area flag: brand-naming composes with Marketing/Brand + Tech domains.,differentiating,"Legal, Compliance & Privacy","Trademark naming-clearance, monitoring and IP-register stewardship across the brand portfolio.",
CAP-LEGAL-CORP-ENTITY-READINESS,Corporate & Entity Legal Readiness,Legal,Legal Counsel,thi_legal_dtp_302;thi_legal_dtp_304,SUBS-ANYSPHERE-CURSOR-SDK,,active,,,,2026-06-16,Data Governance Office,D-IH-76-R,v3.2,Collapsed from 2 shadows (D-IH-95-I); Finance funding-path + registered-fact gate depend on this.,utility,"Legal, Compliance & Privacy",Founder/company entity-formation readiness and the filed-instruments register.,
CAP-FIN-PRICING-MONETIZATION,Pricing & Monetization Strategy,Finance,Business Controller,thi_finan_dtp_126;thi_finan_dtp_203,SUBS-HOLISTIKA-OPENCLAW,,planned,,,,2026-06-16,Data Governance Office,D-IH-76-R,v3.2,Collapsed from 2 shadows (D-IH-95-I).,differentiating,Finance & Revenue Operations,Pricing definition and subscription/monetization strategy.,
CAP-FIN-REVENUE-OPS-BILLING,Revenue Operations & Billing,Finance,Business Controller,thi_finan_dtp_261;thi_finan_dtp_271;thi_finan_dtp_301;thi_finan_dtp_308,SUBS-HOLISTIKA-OPENCLAW,,active,,,,2026-06-16,Data Governance Office,D-IH-76-R,v3.2,Collapsed from 4 shadows (D-IH-95-I); thi_finan_dtp_308 (Stripe FDW) cross-area flag -> Data plane.,utility,Finance & Revenue Operations,"Quote-to-cash: billing activation, reconciliation, lead-to-contract revenue chain and partner revenue settlement.",CAP-M14
CAP-FIN-BUDGET-COST-CAPITAL,"Budget, Cost & Capital Planning",Finance,Business Controller,thi_finan_dtp_125;thi_finan_dtp_272;thi_finan_dtp_273;thi_finan_dtp_302,SUBS-HOLISTIKA-OPENCLAW,,active,,,,2026-06-16,Data Governance Office,D-IH-76-R,v3.2,"Collapsed from 4 shadows (D-IH-95-I); co-owner PMO; cross-area flags: 273->PMO/People, 302->Legal entity-readiness.",utility,Finance & Revenue Operations,"Budget scope, capex allocation, process-cost/FTE mapping and capital/funding planning.",
CAP-FIN-COUNTERPARTY-MDM,Counterparty & Financial Master-Data Stewardship,Finance,Business Controller,thi_finan_dtp_303;thi_finan_dtp_304;thi_finan_dtp_305;thi_finan_dtp_306;thi_finan_dtp_307;thi_finan_dtp_309,SUBS-HOLISTIKA-OPENCLAW,,active,,,,2026-06-16,Data Governance Office,D-IH-76-R,v3.2,Collapsed from 6 shadows (D-IH-95-I); distinct from Data generic MDM; 306 entity-gate cross-area flag -> Legal.,utility,Finance & Revenue Operations,"Counterparty register stewardship: onboarding, classification, renewal and segment/revenue metadata.",CAP-M14
CAP-DATA-ENTERPRISE-MGMT-MDM,Enterprise Data Management & Master Data,Data,Data Steward,thi_data_dtp_31;thi_data_dtp_32;thi_data_dtp_33,SUBS-HOLISTIKA-KIRBE,,planned,,,,2026-06-16,Data Governance Office,D-IH-76-R,v3.2,"Collapsed from 4 shadows (D-IH-95-I); RPA (34) folded as automation realization (tech-named, not a capability).",utility,Data Governance & Enterprise Knowledge,"BI/reporting catalog, enterprise master-data relationships, datamarts and automation of data ops.",
CAP-DATA-MODELING-ENGINEERING,Data Modeling & Database Engineering,Data,Data Governance Office,thi_data_dtp_77;thi_data_dtp_76;thi_data_dtp_78,SUBS-HOLISTIKA-LLAMAINDEX-WORKER,,planned,,,,2026-06-16,Data Governance Office,D-IH-76-R,v3.2,Collapsed from 3 shadows (D-IH-95-I); co-owner Data Engineer.,utility,Data Governance & Enterprise Knowledge,Data modeling and database engineering; SQL functions and column typing are realizations.,
CAP-DATA-PIPELINE-QUALITY-LINEAGE,"Data Pipeline, Quality & Lineage",Data,Data Steward,SOP-ETL_MACROECON_INGESTION_001;thi_data_dtp_274;thi_data_dtp_275,SUBS-HOLISTIKA-LLAMAINDEX-WORKER,,planned,,,,2026-06-16,Data Governance Office,D-IH-76-R,v3.2,Collapsed from 3 shadows (D-IH-95-I); co-owner Data Engineer; 274 cross-area flag -> KiRBe product plane.,utility,Data Governance & Enterprise Knowledge,"ETL ingestion, ingestion data-quality monitoring and formal data lineage (ingestion -> Supabase -> graph).",
CAP-DATA-PLATFORM-PRODUCTS,Enterprise Data Platform & Data-Product Stewardship,Data,Data Governance Office,hol_data_dtp_datafam_compliance_mirror_001;hol_data_dtp_datafam_canonical_csv_001;hol_data_dtp_datafam_engagement_fact_001;hol_data_dtp_datafam_telemetry_obs_001;hol_data_dtp_datafam_gtm_crm_001;hol_data_dtp_datafam_km_topic_001;hol_data_dtp_datafam_aic_runtime_001,SUBS-HOLISTIKA-KIRBE,,active,,,,2026-06-16,Data Governance Office,D-IH-76-R,v3.2,"Collapsed from 7 data-product shadows (D-IH-95-I); co-owners RevOps Manager + System Owner; gtm_crm->RevOps, aic_runtime->Tech cross-area flags.",differentiating,Data Governance & Enterprise Knowledge,"Stewardship of the DATA-FAM data-product planes (mirror, canonical-CSV, engagement-fact, telemetry, GTM-CRM, KM-topic, AIC-runtime) as TRP-053 specializations.",CAP-M15
CAP-MKT-BRAND-NARRATIVE,Brand & Narrative Management,MKT,Brand & Narrative Manager,thi_mkt_dtp_65;thi_mkt_dtp_66;thi_mkt_dtp_293,SUBS-VERCEL-VERCEL-AI-SDK,,active,,,,2026-06-16,Data Governance Office,D-IH-76-R,v3.2,Collapsed per D-IH-95-I (representative originating_process_ids; full rollup in l2-collapse-maps).,differentiating,Go-to-Market & Brand,"Own a coherent brand voice, message, manifesto, visual identity, founder narrative and positioning story.",
CAP-MKT-BRAND-GOVERNANCE,Brand Governance & Drift Control,MKT,Brand & Narrative Manager,tbi_mkt_prc_brand_canon_mtnce_001;tbi_mkt_prc_voice_drift_triage_001;tbi_mkt_prc_drift_gate_ops_001,SUBS-VERCEL-VERCEL-AI-SDK,,active,,,,2026-06-16,Data Governance Office,D-IH-76-R,v3.2,Collapsed per D-IH-95-I (representative originating_process_ids; full rollup in l2-collapse-maps).,differentiating,Go-to-Market & Brand,"Keep the brand canon true over time via canon maintenance, voice-drift triage, register/jargon/audience audits and brand-asset stewardship.",
CAP-MKT-EDITORIAL,Editorial & Content Production,MKT,Brand & Narrative Manager,thi_mkt_dtp_67;thi_mkt_dtp_212;thi_mkt_dtp_306,SUBS-VERCEL-VERCEL-AI-SDK,,planned,,,,2026-06-16,Data Governance Office,D-IH-76-R,v3.2,Collapsed per D-IH-95-I (representative originating_process_ids; full rollup in l2-collapse-maps).,utility,Go-to-Market & Brand,"Plan, produce and route content across channels — editorial calendar, templates, copy pipeline, thought-leadership.",
CAP-MKT-CREATIVE-WEB,"Creative, Web & Experience Design",MKT,Brand & Narrative Manager,thi_mkt_dtp_2;thi_mkt_dtp_9;env_mkt_dtp_7,SUBS-VERCEL-VERCEL-AI-SDK,,planned,,,,2026-06-16,Data Governance Office,D-IH-76-R,v3.2,Collapsed per D-IH-95-I (representative originating_process_ids; full rollup in l2-collapse-maps).,utility,Go-to-Market & Brand,"Produce brand-grade creative and web/landing experiences (design, UX, multimedia, landing pages).",
CAP-MKT-DEMAND-GEN,Digital Demand Generation,MKT,Reach Manager,thi_mkt_dtp_20;thi_mkt_dtp_42;env_mkt_dtp_47,SUBS-VERCEL-VERCEL-AI-SDK,,active,,,,2026-06-16,Data Governance Office,D-IH-76-R,v3.2,Collapsed per D-IH-95-I (representative originating_process_ids; full rollup in l2-collapse-maps).,utility,Go-to-Market & Brand,"Generate qualified demand — SEO, paid media, campaigns, funnel, audiences, events, partner-channel acquisition.",
CAP-MKT-ANALYTICS,Marketing Analytics & Attribution,MKT,CMO,thi_mkt_dtp_19;thi_mkt_dtp_309,SUBS-VERCEL-VERCEL-AI-SDK,,planned,,,,2026-06-16,Data Governance Office,D-IH-76-R,v3.2,Collapsed per D-IH-95-I (representative originating_process_ids; full rollup in l2-collapse-maps).,utility,Go-to-Market & Brand,"Measure and attribute marketing performance — analytics, dashboards, attribution models.",
CAP-MKT-EXPERIMENTATION,Marketing Experimentation & Growth,MKT,Experimentation Manager,thi_mkt_dtp_61;thi_mkt_dtp_307;thi_mkt_dtp_308,SUBS-VERCEL-VERCEL-AI-SDK,,planned,,,,2026-06-16,Data Governance Office,D-IH-76-R,v3.2,Collapsed per D-IH-95-I (representative originating_process_ids; full rollup in l2-collapse-maps).,differentiating,Go-to-Market & Brand,"Run a disciplined experiment loop — variant hypotheses, A/B testing, experiment registry, growth hacking.",
CAP-MKT-PR-MEDIA,PR & Media Relations,MKT,PR Manager,thi_mkt_dtp_305,SUBS-VERCEL-VERCEL-AI-SDK,,planned,,,,2026-06-16,Data Governance Office,D-IH-76-R,v3.2,Collapsed per D-IH-95-I (representative originating_process_ids; full rollup in l2-collapse-maps).,utility,Go-to-Market & Brand,"Earn media — press releases, media pitches, journalist relations.",
CAP-MKT-RESONANCE,Community & Audience Resonance,MKT,Resonance Manager,thi_mkt_dtp_213;thi_mkt_dtp_287;thi_mkt_dtp_302,SUBS-VERCEL-VERCEL-AI-SDK,,planned,,,,2026-06-16,Data Governance Office,D-IH-76-R,v3.2,Collapsed per D-IH-95-I (representative originating_process_ids; full rollup in l2-collapse-maps).,differentiating,Go-to-Market & Brand,"Build and sustain community — ambassador program, resonance pulse, social-channel support.",
CAP-MKT-ACCOUNT-LIFECYCLE,Account & Lifecycle Marketing,MKT,CMO,thi_mkt_dtp_303,SUBS-VERCEL-VERCEL-AI-SDK,,planned,,,,2026-06-16,Data Governance Office,D-IH-76-R,v3.2,Collapsed per D-IH-95-I (representative originating_process_ids; full rollup in l2-collapse-maps).,utility,Go-to-Market & Brand,"Nurture known contacts across the lifecycle — account engagement cadence, email/scheduling-driven nurture.",
CAP-MKT-PRODUCT-LAUNCH,Product & Launch Marketing,MKT,Brand & Narrative Manager,thi_mkt_dtp_211;thi_mkt_dtp_231;thi_mkt_dtp_254,SUBS-VERCEL-VERCEL-AI-SDK,,planned,,,,2026-06-16,Data Governance Office,D-IH-76-R,v3.2,Collapsed per D-IH-95-I (representative originating_process_ids; full rollup in l2-collapse-maps).,utility,Go-to-Market & Brand,"Bring products to market — ASO/app-store, battlecards/messaging matrix, launch content, sales-enablement (absorbs AI product GTM/launch).",
CAP-RES-DEEP-METHODOLOGY,Deep Research Methodology & Source-Ledger Discipline,Research,Holistik Researcher,hol_resea_dtp_302;hol_resea_dtp_research_action_001;hol_resea_dtp_161,SUBS-HOLISTIKA-OPENCLAW,,active,,,,2026-06-15,Data Governance Office,D-IH-76-Q,v3.2,Collapsed per D-IH-95-I (representative originating_process_ids; full rollup in l2-collapse-maps).,differentiating,Corporate Intelligence & Research,The methodology spine — the source-ledgered research-action discipline that governs how every other research capability runs.,CAP-M05;CAP-M09
CAP-RES-ELICITATION-HUMINT,Counterparty Elicitation & Human-Source Discovery,Research,Lead Researcher,hol_res_prc_counterparty_baseline_assess_001;hol_res_prc_elicitation_discipline_001;hol_resea_dtp_94,SUBS-HOLISTIKA-OPENCLAW,,active,,,,2026-06-16,Data Governance Office,D-IH-76-R,v3.2,Collapsed per D-IH-95-I (representative originating_process_ids; full rollup in l2-collapse-maps).,differentiating,Corporate Intelligence & Research,"Human-source collection — counterparty baseline assessment, elicitation discipline, enriched interviews and field observation (HUMINT).",
CAP-RES-OSINT,Open-Source Intelligence Collection (OSINT),Research,OSINT Analyst,hol_resea_dtp_322;hol_resea_dtp_323;hol_resea_dtp_324,SUBS-HOLISTIKA-KIRBE,,active,,,,2026-06-16,Data Governance Office,D-IH-76-R,v3.2,Collapsed per D-IH-95-I (representative originating_process_ids; full rollup in l2-collapse-maps).,differentiating,Corporate Intelligence & Research,"Open-source collection — web intelligence, social-media intelligence and publication monitoring.",
CAP-RES-SECONDARY-SYNTHESIS,Secondary Research & Evidence Synthesis,Research,Holistik Researcher,hol_resea_dtp_317;hol_resea_dtp_319;hol_resea_dtp_320,SUBS-HOLISTIKA-KIRBE,,planned,,,,2026-06-16,Data Governance Office,D-IH-76-R,v3.2,Collapsed per D-IH-95-I (representative originating_process_ids; full rollup in l2-collapse-maps).,utility,Corporate Intelligence & Research,"Desk research and synthesis — literature review, multi-source synthesis, contradiction resolution.",
CAP-RES-SOURCE-GRADING,Source Reliability Grading & Credibility Assessment,Research,Intelligence Analyst,hol_res_prc_reliability_grading_001;hol_resea_dtp_312,SUBS-HOLISTIKA-OPENCLAW,,active,,,,2026-06-16,Data Governance Office,D-IH-76-R,v3.2,Collapsed per D-IH-95-I (representative originating_process_ids; full rollup in l2-collapse-maps).,differentiating,Corporate Intelligence & Research,Score source reliability and assess credibility (the sellable source-confidence edge).,
CAP-RES-CLASSIFICATION,Intelligence Classification & Fact Structuring,Research,Intelligence Analyst,hol_resea_dtp_142;hol_resea_dtp_143;hol_resea_dtp_313,SUBS-HOLISTIKA-OPENCLAW,,planned,,,,2026-06-16,Data Governance Office,D-IH-76-R,v3.2,Collapsed per D-IH-95-I (representative originating_process_ids; full rollup in l2-collapse-maps).,differentiating,Corporate Intelligence & Research,"Place intel in the matrix, classify it and structure facts.",
CAP-RES-PESTEL-ANALYSIS,PESTEL Analysis (per-prong macro viewpoints),Research,Lead Researcher,hol_resea_dtp_315,SUBS-HOLISTIKA-OPENCLAW,,active,,,,2026-06-16,Data Governance Office,D-IH-76-R,v3.2,Minted pillar PESTEL_ANALYSIS.md + SOP-RESEARCH_PRONG_SYNTHESIS_001 pairing.,differentiating,Corporate Intelligence & Research,Per-prong PESTEL six-viewpoint craft at Research Action synthesize stage 4.,
CAP-RES-HXPESTAL-ANALYSIS,HxPESTAL Master-Synthesis (H × PESTAL),Research,Lead Researcher,hol_resea_dtp_99,SUBS-HOLISTIKA-OPENCLAW,,active,,,,2026-06-16,Data Governance Office,D-IH-76-R,v3.2,Macro lens; Activism replaces Environmental; MADEIRA Methodology mode intent proof.,differentiating,Corporate Intelligence & Research,Holistika master-synthesis harmonising per-prong PESTEL/Porter with HxPESTAL intent tracker.,
CAP-RES-ANALYSIS-FORESIGHT,"Analytic Assessment, Frameworks & Foresight",Research,Intelligence Analyst,hol_resea_dtp_154;hol_resea_dtp_283;hol_resea_dtp_314,SUBS-HOLISTIKA-OPENCLAW,,planned,,,,2026-06-16,Data Governance Office,D-IH-76-R,v3.2,Collapsed per D-IH-95-I; PESTEL/HxPESTAL split to CAP-RES-PESTEL-ANALYSIS + CAP-RES-HXPESTAL-ANALYSIS (active 2026-06-10).,differentiating,Corporate Intelligence & Research,"Convert information into intelligence — assessment cycle, foresight scenarios, temporal/generational analysis.",
CAP-RES-COMPETITIVE-MARKET,Competitive & Market Intelligence,Research,Intelligence Analyst,hol_resea_dtp_230;hol_resea_dtp_316,SUBS-HOLISTIKA-OPENCLAW,,planned,,,,2026-06-16,Data Governance Office,D-IH-76-R,v3.2,Collapsed per D-IH-95-I (representative originating_process_ids; full rollup in l2-collapse-maps).,differentiating,Corporate Intelligence & Research,"Competitive intelligence, positioning and benchmarking, and market-demand research (absorbs Operations market-intel).",
CAP-RES-BIZ-PROCESS-ENG,Business & Process Engineering Analysis,Research,Holistik Researcher,hol_resea_dtp_280;hol_resea_dtp_281;hol_resea_dtp_282,SUBS-HOLISTIKA-OPENCLAW,,planned,,,,2026-06-16,Data Governance Office,D-IH-76-R,v3.2,Collapsed per D-IH-95-I (representative originating_process_ids; full rollup in l2-collapse-maps).,differentiating,Corporate Intelligence & Research,"Process engineering, business engineering and factor-combination analysis (Holistika methodology pillars).",
CAP-RES-REPORTING-PACKAGING,Intelligence Reporting & Research Output Packaging,Research,Lead Researcher,hol_res_prc_intelligence_report_001;hol_resea_dtp_318;hol_resea_dtp_321,SUBS-HOLISTIKA-OPENCLAW,,active,,,,2026-06-16,Data Governance Office,D-IH-76-R,v3.2,Collapsed per D-IH-95-I (representative originating_process_ids; full rollup in l2-collapse-maps).,differentiating,Corporate Intelligence & Research,"The dissemination stage — research briefs, intelligence reports and deliverable packaging.",
CAP-RES-KB-PIPELINE-RADAR,"Research Knowledge Base, Pipeline & Freshness Radar",Research,Lead Researcher,hol_resea_dtp_research_radar_001;gtm_proc_research_pipeline;gtm_research_dtp_5,SUBS-HOLISTIKA-KIRBE,,active,,,,2026-06-15,Data Governance Office,D-IH-76-Q,v3.2,Collapsed per D-IH-95-I (representative originating_process_ids; full rollup in l2-collapse-maps).,utility,Corporate Intelligence & Research,"Store/recall — the research KB, material pipeline and the freshness radar that feeds MADEIRA's scenario corpus (absorbs Tech AI scenario-radar).",CAP-M05;CAP-M06
CAP-RES-MULTI-DOMAIN-COVERAGE,Multi-Domain Research Coverage & Sense-Making,Research,Holistik Researcher,hol_resea_dtp_302,SUBS-HOLISTIKA-OPENCLAW,,planned,,,,2026-06-16,Data Governance Office,D-IH-76-R,v3.2,Collapsed per D-IH-95-I (representative originating_process_ids; full rollup in l2-collapse-maps).,utility,Corporate Intelligence & Research,Run structured intelligence across a standing subject portfolio (People/Security/Macro/AI/Politics/Social/Logic/Legal/UX); the subject taxonomy itself lives in TOPIC_REGISTRY.,
CAP-TALENT-ACQUISITION,Talent Acquisition & Candidate Assessment,People,CPO,thi_peopl_dtp_98;tbi_peopl_dtp_recruiter_onboarding_001,SUBS-ANYSPHERE-CURSOR-SDK,,planned,,,,2026-06-16,Data Governance Office,D-IH-76-R,v3.2,Collapsed per D-IH-95-I (representative originating_process_ids; full rollup in l2-collapse-maps).,utility,"People, Org Design & Quality Fabric","Source, interview and assess internal hires and recruiters against role-fit criteria.",
CAP-TALENT-ONBOARDING,Talent Onboarding & Enablement,People,People Operations Manager,hol_peopl_dtp_284;hol_peopl_dtp_314;hol_peopl_dtp_147,SUBS-ANYSPHERE-CURSOR-SDK,,planned,,,,2026-06-16,Data Governance Office,D-IH-76-R,v3.2,Collapsed per D-IH-95-I (representative originating_process_ids; full rollup in l2-collapse-maps).,utility,"People, Org Design & Quality Fabric","Bring operators, cohorts and external collaborators to productive capability via structured onboarding.",
CAP-WORKFORCE-PLANNING,Workforce Planning & Role-Fit Design,People,CPO,gtm_team_dtp_11;gtm_team_dtp_12;gtm_team_dtp_25,SUBS-ANYSPHERE-CURSOR-SDK,,planned,,,,2026-06-16,Data Governance Office,D-IH-76-R,v3.2,Collapsed per D-IH-95-I (representative originating_process_ids; full rollup in l2-collapse-maps).,differentiating,"People, Org Design & Quality Fabric","Map required abilities onto the org chart, find capability gaps and prioritise role demand by phase and area strategy.",
CAP-CAREER-PATHWAYS,Career Pathway & Progression Design,People,People Operations Manager,gtm_team_dtp_23;gtm_team_dtp_26,SUBS-ANYSPHERE-CURSOR-SDK,,planned,,,,2026-06-16,Data Governance Office,D-IH-76-R,v3.2,Collapsed per D-IH-95-I (representative originating_process_ids; full rollup in l2-collapse-maps).,utility,"People, Org Design & Quality Fabric",Design role-based progression paths from current ability toward internal capability objectives.,
CAP-LEARNING-DEVELOPMENT,"Learning, Training & Curriculum Development",People,CPO,hol_peopl_dtp_313;thi_peopl_dtp_131;tbi_peopl_dtp_apprentice_curriculum_assignment_001,SUBS-ANYSPHERE-CURSOR-SDK,,planned,,,,2026-06-16,Data Governance Office,D-IH-76-R,v3.2,Collapsed per D-IH-95-I (representative originating_process_ids; full rollup in l2-collapse-maps).,differentiating,"People, Org Design & Quality Fabric","Build and coach curricula that move people and apprentices from training to billable output, including formation-time estimation.",
CAP-EXTERNAL-COLLABORATOR-MGMT,External / Outsourced Collaborator Sourcing & Engagement,People,People Operations Manager,gtm_team_dtp_7;gtm_team_dtp_14;tbi_peopl_dtp_outsourced_helper_soc_review_001,SUBS-ANYSPHERE-CURSOR-SDK,,planned,,,,2026-06-16,Data Governance Office,D-IH-76-R,v3.2,Collapsed per D-IH-95-I (representative originating_process_ids; full rollup in l2-collapse-maps).,utility,"People, Org Design & Quality Fabric","Source, compare, contract and integrate freelance/outsourced collaborators, including SOC review and market-rate fit.",
CAP-ACCESS-PROVISIONING,Workforce Access Provisioning & Security Tiering,People,People Operations Manager,gtm_team_dtp_8;gtm_team_dtp_9;gtm_team_dtp_22,SUBS-ANYSPHERE-CURSOR-SDK,,planned,,,,2026-06-16,Data Governance Office,D-IH-76-R,v3.2,Collapsed per D-IH-95-I (representative originating_process_ids; full rollup in l2-collapse-maps).,utility,"People, Org Design & Quality Fabric","Assign tools, profiles and security tiers to people by engagement and buyer sensitivity.",
CAP-COMPENSATION-SETTLEMENT,"Compensation, Payroll & Collaborator Settlement",People,People Operations Manager,hol_peopl_dtp_315;tbi_peopl_dtp_percentage_collaborator_payout_001;hol_peopl_dtp_collaborator_share_001,SUBS-HOLISTIKA-OPENCLAW,,planned,,,,2026-06-16,Data Governance Office,D-IH-76-R,v3.2,Collapsed per D-IH-95-I (representative originating_process_ids; full rollup in l2-collapse-maps).,utility,Finance & Revenue Operations,"Run payroll, budget allocation, percentage-collaborator payouts and collaborator-share settlement (Finance owns the ledger).",
CAP-ENGAGEMENT-MODEL-GOVERNANCE,Engagement Model Governance & Intake Classification,People,CPO,tbi_peopl_dtp_engagement_model_registry_mtnce_001;tbi_peopl_dtp_engagement_model_classification_001;tbi_peopl_dtp_engagement_lifecycle_routing_001,SUBS-ANYSPHERE-CURSOR-SDK,,active,,,,2026-06-16,Data Governance Office,D-IH-76-R,v3.2,Collapsed per D-IH-95-I (representative originating_process_ids; full rollup in l2-collapse-maps).,differentiating,Delivery & Client Engagement Operations,Maintain the engagement-model registry and classify/route each engagement at intake (People mints the pattern; Delivery consumes).,CAP-M26
CAP-CANONICAL-GOVERNANCE,Canonical Registry & Decision-Ratification Governance,People,Compliance,hol_peopl_dtp_310;hol_peopl_dtp_311;hol_peopl_dtp_101,SUBS-ANYSPHERE-CURSOR-SDK,,active,,,,2026-06-15,Data Governance Office,D-IH-76-Q,v3.2,Collapsed per D-IH-95-I (representative originating_process_ids; full rollup in l2-collapse-maps).,differentiating,"People, Org Design & Quality Fabric",Audit canonical registries and ratify decisions/policies that keep the governance SSOT trustworthy.,CAP-M04
CAP-KNOWLEDGE-REGISTER-STEWARDSHIP,Knowledge & Source Register Stewardship,People,Compliance,hol_peopl_dtp_303;hol_peopl_dtp_304,SUBS-HOLISTIKA-KIRBE,,active,,,,2026-06-16,Data Governance Office,D-IH-76-R,v3.2,Collapsed per D-IH-95-I (representative originating_process_ids; full rollup in l2-collapse-maps).,differentiating,Corporate Intelligence & Research,Steward knowledge/source registers (GOI/POI) and redact adviser transcripts to access tier.,CAP-M09
CAP-REGULATORY-READINESS,Regulatory Readiness & Evidence Packs,People,Compliance,hol_peopl_dtp_302,SUBS-ANYSPHERE-CURSOR-SDK,,active,,,,2026-06-16,Data Governance Office,D-IH-76-R,v3.2,Collapsed per D-IH-95-I (representative originating_process_ids; full rollup in l2-collapse-maps).,utility,"Legal, Compliance & Privacy",Assemble regulatory readiness and evidence packs (e.g. ENISA) for external attestation.,
CAP-COMPLIANCE-AUTOMATION,Compliance Workflow Automation,People,Compliance,SOP-FLOWMAKER_COMPLIANCE_AUTOMATION_003,SUBS-ANYSPHERE-CURSOR-SDK,,planned,,,,2026-06-16,Data Governance Office,D-IH-76-R,v3.2,Collapsed per D-IH-95-I (representative originating_process_ids; full rollup in l2-collapse-maps).,utility,"Legal, Compliance & Privacy",Automate recurring compliance workflows end-to-end.,
CAP-ETHICS-GOVERNANCE,Ethics & Responsible-AI Review,People,CPO,hol_peopl_dtp_139;hol_peopl_dtp_312;tbi_peopl_dtp_agentic_ethics_boundaries_001,SUBS-ANYSPHERE-CURSOR-SDK,,active,,,,2026-06-16,Data Governance Office,D-IH-76-R,v3.2,Collapsed per D-IH-95-I (representative originating_process_ids; full rollup in l2-collapse-maps).,differentiating,"People, Org Design & Quality Fabric","Review ethical and responsible-AI boundaries, AI-overreach claims and the allies/neutrals/enemies stakeholder-ethics frame.",
CAP-PRECOMMIT-SYNTHESIS-DISCIPLINE,Pre-Commit Synthesis & Tranche Quality Discipline,People,Capability Curator,hol_peopl_dtp_synthesis_before_tranche_001,SUBS-ANYSPHERE-CURSOR-SDK,,active,,,,2026-06-15,Data Governance Office,D-IH-76-Q,v3.2,Collapsed per D-IH-95-I (representative originating_process_ids; full rollup in l2-collapse-maps).,differentiating,"People, Org Design & Quality Fabric","Run tranche-level synthesis, charter authoring, closing-loop test design and finding-disposition before any commit.",CAP-M29
CAP-CLOSURE-ASSURANCE-GOVERNANCE,Closure Assurance & Verdict Governance,People,Capability Curator,hol_peopl_dtp_uat_governance_001;hol_peopl_dtp_pwf_governance_001,SUBS-ANYSPHERE-CURSOR-SDK,,active,,,,2026-06-15,Data Governance Office,D-IH-76-Q,v3.2,Collapsed per D-IH-95-I (representative originating_process_ids; full rollup in l2-collapse-maps).,differentiating,"People, Org Design & Quality Fabric",Enforce the closure-UAT quality bar and PASS-WITH-FOLLOWUP rationale discipline at wave/initiative close.,CAP-M24;CAP-M28
CAP-REGRESSION-INDEX-ASSURANCE,Baseline Regression & Index-Integrity Assurance,People,Capability Curator,hol_peopl_dtp_inter_wave_regression_001;hol_peopl_dtp_index_integrity_001,SUBS-ANYSPHERE-CURSOR-SDK,,active,,,,2026-06-16,Data Governance Office,D-IH-76-R,v3.2,Collapsed per D-IH-95-I (representative originating_process_ids; full rollup in l2-collapse-maps).,differentiating,"People, Org Design & Quality Fabric",Run inter-wave regression and baseline-index integrity sweeps to catch drift across the knowledge base.,
CAP-EXPERIENCE-UX-QUALITY,Experience & UX Quality Design,People,Capability Curator,hol_peopl_dtp_ux_research_001,SUBS-ANYSPHERE-CURSOR-SDK,,active,,,,2026-06-16,Data Governance Office,D-IH-76-R,v3.2,Collapsed per D-IH-95-I (representative originating_process_ids; full rollup in l2-collapse-maps).,differentiating,"People, Org Design & Quality Fabric","Conduct UX research and the experience quality bar, including ERP-engagement-governance surface design.",CAP-M25
CAP-CAPABILITY-CONFIDENCE-STEWARDSHIP,Capability-Map Confidence Stewardship,People,Capability Curator,hol_peopl_talent_h_capability_confidence_001,SUBS-ANYSPHERE-CURSOR-SDK,,active,,,,2026-06-16,Data Governance Office,D-IH-76-R,v3.2,Collapsed per D-IH-95-I (representative originating_process_ids; full rollup in l2-collapse-maps).,differentiating,"People, Org Design & Quality Fabric",Rate and maintain per-capability confidence across the de-densified capability map on a recurring cadence.,
CAP-DESIGN-PATTERN-STEWARDSHIP,People Design-Pattern & Cross-Area Breakthrough Stewardship,People,CPO,tbi_peopl_dtp_cross_area_breakthrough_001;tbi_peopl_dtp_stakeholder_lenses_review_001,SUBS-ANYSPHERE-CURSOR-SDK,,active,,,,2026-06-16,Data Governance Office,D-IH-76-R,v3.2,Collapsed per D-IH-95-I (representative originating_process_ids; full rollup in l2-collapse-maps).,differentiating,"People, Org Design & Quality Fabric",Mint cross-area design patterns and propagate breakthroughs to consuming areas.,
CAP-AGENTIC-OPERATIONS,Agentic Operations & AIC Lifecycle Stewardship,People,CPO,tbi_peopl_dtp_agentic_ops_mtnce_001;hol_peopl_talent_a_capability_execution_001;hol_peopl_talent_a_aic_dispatcher_001,SUBS-ANYSPHERE-CURSOR-SDK,,active,,,,2026-06-15,Data Governance Office,D-IH-76-Q,v3.2,Collapsed per D-IH-95-I (representative originating_process_ids; full rollup in l2-collapse-maps).,differentiating,Applied AI & MADEIRA,Run the agentic operating cadence and steward AIC execution and per-task dispatch across the capability lifecycle (People owns doctrine; MADEIRA executes).,CAP-M01;CAP-M04;CAP-M13
CAP-DELIVERY-METHODOLOGY-STEWARDSHIP,Proprietary Delivery & Engagement Methodology Stewardship,People,CPO,hol_peopl_dtp_118;hol_peopl_dtp_140;hol_peopl_dtp_160,SUBS-ANYSPHERE-CURSOR-SDK,,planned,,,,2026-06-16,Data Governance Office,D-IH-76-R,v3.2,Collapsed per D-IH-95-I (representative originating_process_ids; full rollup in l2-collapse-maps).,utility,"People, Org Design & Quality Fabric","Curate Holistika's proprietary delivery/engagement method primitives (four-wall, arrowhead, conceptualise->signify, root-cause/regression technique).",
CAP-OPS-PROGRAM-PORTFOLIO-MGMT,Program & Portfolio Management,Operations,PMO,hol_opera_dtp_148;hol_opera_dtp_310;hol_ops_dtp_72,SUBS-ANYSPHERE-CURSOR-SDK,,active,,,,2026-06-16,Data Governance Office,D-IH-76-R,v3.2,Collapsed per D-IH-95-I (representative originating_process_ids; full rollup in l2-collapse-maps).,utility,Delivery & Client Engagement Operations,"Maintain the live portfolio of programs, projects, scenarios and register-anchors as a single source of truth.",CAP-M30
CAP-OPS-PROJECT-ENGAGEMENT-PLANNING,Project & Engagement Planning & Estimation,Operations,Product Owner,thi_opera_dtp_79;thi_opera_dtp_120;hol_eng_prc_estimation_001,SUBS-ANYSPHERE-CURSOR-SDK,,active,,,,2026-06-16,Data Governance Office,D-IH-76-R,v3.2,Collapsed per D-IH-95-I (representative originating_process_ids; full rollup in l2-collapse-maps).,differentiating,Delivery & Client Engagement Operations,"Scope, plan and estimate (time/effort/budget, min-par-max) a project or client engagement against objectives, deliverables and metrics.",
CAP-OPS-DELIVERY-EXECUTION-CADENCE,Delivery Execution & Agile Cadence,Operations,Product Owner,hol_ops_dtp_71;thi_opera_dtp_221;hol_opera_dtp_152,SUBS-ANYSPHERE-CURSOR-SDK,,active,,,,2026-06-16,Data Governance Office,D-IH-76-R,v3.2,Collapsed per D-IH-95-I (representative originating_process_ids; full rollup in l2-collapse-maps).,utility,Delivery & Client Engagement Operations,"Run delivery through agile cadence, gates and meeting/communication rhythm (sprint, ROD/scrum, GO/NO-GO, beta exit).",
CAP-OPS-OPERATING-MODEL-DESIGN,Operating Model & Internal Controls Design,Operations,PMO,gtm_ops_dtp_130;gtm_ops_dtp_131,SUBS-ANYSPHERE-CURSOR-SDK,,planned,,,,2026-06-16,Data Governance Office,D-IH-76-R,v3.2,Collapsed per D-IH-95-I (representative originating_process_ids; full rollup in l2-collapse-maps).,differentiating,Delivery & Client Engagement Operations,"Design the end-to-end operating model, standards and internal controls that bind processes, components and roles into a coherent enterprise.",
CAP-OPS-PROCESS-CATALOG-MGMT,Process Architecture & Catalog Management,Operations,PMO,SOP-META_PROCESS_MGMT_001;hol_opera_dtp_276;thi_opera_dtp_108,SUBS-ANYSPHERE-CURSOR-SDK,,active,,,,2026-06-16,Data Governance Office,D-IH-76-R,v3.2,Collapsed per D-IH-95-I (representative originating_process_ids; full rollup in l2-collapse-maps).,differentiating,"People, Org Design & Quality Fabric","Identify, decompose, model, document (SOP) and maintain the process catalog and its SOP<->component traceability (pattern owned by People).",
CAP-OPS-WORKFORCE-CAPACITY-PLANNING,Workforce Capacity & Resource Planning,Operations,PMO,gtm_launch_dtp_56;gtm_launch_dtp_59;gtm_services_dtp_22,SUBS-ANYSPHERE-CURSOR-SDK,,planned,,,,2026-06-16,Data Governance Office,D-IH-76-R,v3.2,Collapsed per D-IH-95-I (representative originating_process_ids; full rollup in l2-collapse-maps).,utility,"People, Org Design & Quality Fabric","Plan FTE capacity, availability and agile work allocation across quarterly/annual horizons and min-par-max scenarios.",
CAP-OPS-OPERATIONAL-GOVERNANCE,Operational Governance & Cohesion,Operations,PMO,hol_opera_dtp_153;gtm_pm_st_promo;ops_pmo_dtp_cohesion_quarterly_001,SUBS-ANYSPHERE-CURSOR-SDK,,active,,,,2026-06-16,Data Governance Office,D-IH-76-R,v3.2,Collapsed per D-IH-95-I (representative originating_process_ids; full rollup in l2-collapse-maps).,differentiating,"People, Org Design & Quality Fabric","Gate, regression-check and quarterly-review operational cohesion (vault promotion, regression execution, cohesion review).",
CAP-OPS-KNOWLEDGE-MGMT-SYSTEM,Knowledge Management & Documentation System,Operations,System Owner,gtm_ops_dtp_23;gtm_ops_dtp_57;gtm_ops_dtp_78,SUBS-HOLISTIKA-KIRBE,,planned,,,,2026-06-16,Data Governance Office,D-IH-76-R,v3.2,Collapsed per D-IH-95-I (representative originating_process_ids; full rollup in l2-collapse-maps).,utility,Data Governance & Enterprise Knowledge,"Organize, standardize and route the multi-surface knowledge base (Obsidian/Drive/Excalidraw/GitHub) by role and output standard.",
CAP-OPS-ERP-DATA-PLATFORM-BUILD,ERP & Data Platform Build-out,Operations,System Owner,gtm_launch_dtp_17;gtm_ops_dtp_15;gtm_ops_dtp_18,SUBS-VERCEL-VERCEL-AI-SDK,,planned,,,,2026-06-16,Data Governance Office,D-IH-76-R,v3.2,Collapsed per D-IH-95-I (representative originating_process_ids; full rollup in l2-collapse-maps).,utility,Product & Platform Engineering,"Build the ERP and operational data platform (tables, relations, transactional models, SQL flows, payment/external integrations) — co-owned with Tech.",
CAP-OPS-COMPONENT-PORTFOLIO-MGMT,Component & Tooling Portfolio Management,Operations,System Owner,gtm_ops_dtp_1;gtm_ops_dtp_59;gtm_ops_dtp_87,SUBS-HOLISTIKA-OPENCLAW,,active,,,,2026-06-16,Data Governance Office,D-IH-76-R,v3.2,Collapsed per D-IH-95-I (representative originating_process_ids; full rollup in l2-collapse-maps).,differentiating,Product & Platform Engineering,"Maintain the component/service matrix — operating procedures, criticality, tiering, sourcing and cross-area reuse of every tool/component.",
CAP-OPS-SERVICE-CATALOG-PRODUCTIZATION,Service Catalog & Productization,Operations,Product Owner,gtm_services_dtp_82;gtm_services_dtp_24;gtm_ops_dtp_99,SUBS-VERCEL-VERCEL-AI-SDK,,planned,,,,2026-06-16,Data Governance Office,D-IH-76-R,v3.2,Collapsed per D-IH-95-I (representative originating_process_ids; full rollup in l2-collapse-maps).,differentiating,Go-to-Market & Brand,"Define, price (FTE-based) and productize the service catalog, including methodology licensing and service-delivery SOPs.",
CAP-OPS-INBOUND-LEAD-ROUTING,Inbound Lead Routing & Response SLA,Operations,RevOps Manager,thi_opera_dtp_288;holistika_reach_dtp_003,SUBS-VERCEL-VERCEL-AI-SDK,,active,,,,2026-06-16,Data Governance Office,D-IH-76-R,v3.2,Collapsed per D-IH-95-I (representative originating_process_ids; full rollup in l2-collapse-maps).,utility,Go-to-Market & Brand,"Centralize inbound web leads, route them to BD and honour a response SLA.",
CAP-OPS-REVENUE-OPERATIONS,Revenue Operations & Engagement Orchestration,Operations,RevOps Manager,tbi_ops_dtp_revops_qbr_001;tbi_ops_dtp_revops_revenue_rollup_001;tbi_ops_dtp_revops_crm_sync_001,SUBS-HOLISTIKA-OPENCLAW,,active,,,,2026-06-16,Data Governance Office,D-IH-76-R,v3.2,Collapsed per D-IH-95-I (representative originating_process_ids; full rollup in l2-collapse-maps).,differentiating,Finance & Revenue Operations,"Orchestrate the revenue engine — QBRs, engagement scaffolding, revenue rollups, CRM sync and counterparty checkpoints.",
CAP-OPS-PROCESS-PRIORITIZATION,Process & Capability Prioritization & Sourcing,Operations,PMO,gtm_services_dtp_58;gtm_services_dtp_66;gtm_ops_dtp_88,SUBS-ANYSPHERE-CURSOR-SDK,,planned,,,,2026-06-16,Data Governance Office,D-IH-76-R,v3.2,Collapsed per D-IH-95-I (representative originating_process_ids; full rollup in l2-collapse-maps).,differentiating,Delivery & Client Engagement Operations,"Rank processes/capabilities by criticality, ROI, dependency, FTE difficulty and market demand, and make make-vs-buy (insource/outsource) decisions.",
CAP-CONVERSATIONAL-AI-ENGINE,Conversational AI Delivery Engine,Tech,AI Engineer,env_tech_dtp_263;gtm_madeira_dtp_52;SOP-GEMINI_FASTAPI_SERVICE_001,SUBS-HOLISTIKA-OPENCLAW-WINDOWS,,active,,,,2026-06-15,Data Governance Office,D-IH-76-Q,v3.2,Collapsed per D-IH-95-I (representative originating_process_ids; full rollup in l2-collapse-maps).,differentiating,Applied AI & MADEIRA,"Serve grounded, multilingual, multimodal conversational answers with reasoning, memory, streaming and structured output.",CAP-M01
CAP-AI-PERSONA-PERSONALITY,AI Persona & Personality Configuration,Tech,AI Engineer,env_tech_dtp_265;gtm_madeira_dtp_89;gtm_madeira_dtp_93,SUBS-HOLISTIKA-OPENCLAW,,active,,,,2026-06-15,Data Governance Office,D-IH-76-Q,v3.2,Collapsed per D-IH-95-I (representative originating_process_ids; full rollup in l2-collapse-maps).,differentiating,Applied AI & MADEIRA,"Give an AI collaborator a configurable, sentiment-aware persona — traits, emotional state, interaction style, backstory, self-awareness.",
CAP-KNOWLEDGE-RETRIEVAL-RAG,Knowledge Retrieval & RAG Platform,Tech,AI Engineer,env_tech_dtp_256;env_tech_dtp_258;SOP-KIRBE_LLM_MANAGEMENT_001,SUBS-HOLISTIKA-LLAMAINDEX-WORKER,,active,,,,2026-06-15,Data Governance Office,D-IH-76-Q,v3.2,Collapsed per D-IH-95-I (representative originating_process_ids; full rollup in l2-collapse-maps).,differentiating,Applied AI & MADEIRA,"Ingest any source, index it (vector + graph), and retrieve/rerank relevant knowledge for grounding — the KiRBe archivist platform.",CAP-M08
CAP-KNOWLEDGE-VAULT-GOVERNANCE,"Knowledge Vault Governance, Security & Metering",Tech,System Owner,env_tech_dtp_257;env_tech_dtp_259;env_tech_dtp_278,SUBS-HOLISTIKA-KIRBE,,planned,,,,2026-06-16,Data Governance Office,D-IH-76-R,v3.2,Collapsed per D-IH-95-I (representative originating_process_ids; full rollup in l2-collapse-maps).,utility,Applied AI & MADEIRA,"Govern multi-tenant knowledge vaults — RBAC/membership, usage metering/quotas, audit logging, auth/RLS test gating.",
CAP-AI-EVALUATION-BENCHMARKING,"AI Evaluation, Benchmarking & Compliance Scoring",Tech,AI Engineer,gtm_madeira_dtp_140;gtm_madeira_dtp_141;gtm_madeira_dtp_99,SUBS-HOLISTIKA-OPENCLAW,,active,,,,2026-06-15,Data Governance Office,D-IH-76-Q,v3.2,Collapsed per D-IH-95-I (representative originating_process_ids; full rollup in l2-collapse-maps).,differentiating,Applied AI & MADEIRA,"Evaluate AI outputs for quality, ethics and code-of-conduct compliance via automated and agentic evaluators.",CAP-M10
CAP-AI-AGENT-ORCHESTRATION,Multi-Agent Orchestration & Tooling,Tech,AI Engineer,env_tech_dtp_264;gtm_madeira_dtp_51;SOP-FLOWMAKER_MADEIRA_ARCHITECTURE_001,SUBS-HOLISTIKA-OPENCLAW,,active,,,,2026-06-15,Data Governance Office,D-IH-76-Q,v3.2,Collapsed per D-IH-95-I (representative originating_process_ids; full rollup in l2-collapse-maps).,differentiating,Applied AI & MADEIRA,"Compose and run a roster of cooperating AI agents (research, swarm-edit, code, ReAct) with tool/API access (absorbs Operations agentic use-case catalog).",CAP-M19;CAP-M20;CAP-M21
CAP-MADEIRA-SCENARIO-LIFECYCLE,"AI Verdict, Scenario & Telemetry Lifecycle",Tech,AI Engineer,env_tech_dtp_madeira_verdict;env_tech_dtp_madeira_incident;env_tech_dtp_madeira_telemetry,SUBS-ANYSPHERE-CURSOR-SDK,,active,,,,2026-06-15,Data Governance Office,D-IH-76-Q,v3.2,Collapsed per D-IH-95-I (representative originating_process_ids; full rollup in l2-collapse-maps).,differentiating,Applied AI & MADEIRA,"Run the operational governance loop for a deployed AI — verdict review, dossier emit, incident response, scenario promote/quarantine, telemetry, UX review.",CAP-M11
CAP-API-LIFECYCLE-GOVERNANCE,API Lifecycle & Portfolio Governance,Tech,System Owner,env_tech_dtp_306;env_tech_dtp_307;SOP-MCP_SERVER_DEFINITION,SUBS-HOLISTIKA-OPENCLAW,,active,,,,2026-06-15,Data Governance Office,D-IH-76-Q,v3.2,Collapsed per D-IH-95-I (representative originating_process_ids; full rollup in l2-collapse-maps).,differentiating,Product & Platform Engineering,"Register, specify (SSOT), catalog, version and attribute the full internal + third-party API portfolio.",CAP-M21
CAP-WEB-APP-EXPERIENCE-ENG,Web & Application Experience Engineering,Tech,System Owner,env_tech_dtp_8;env_tech_dtp_16;thi_tech_dtp_52,SUBS-VERCEL-VERCEL-AI-SDK,,planned,,,,2026-06-16,Data Governance Office,D-IH-76-R,v3.2,Collapsed per D-IH-95-I (representative originating_process_ids; full rollup in l2-collapse-maps).,utility,Product & Platform Engineering,"Build accessible web/app UI — components, UI logic, forms, user management, in-codebase SEO, storefront surfaces.",
CAP-MULTIPLATFORM-DEPLOYMENT,Multi-Platform Deployment & Packaging,Tech,System Owner,gtm_madeira_dtp_74;gtm_madeira_dtp_80,SUBS-VERCEL-VERCEL-AI-SDK,,planned,,,,2026-06-15,Data Governance Office,D-IH-76-Q,v3.2,Collapsed per D-IH-95-I (representative originating_process_ids; full rollup in l2-collapse-maps).,utility,Product & Platform Engineering,"Package and deploy the product across cloud, web, desktop, mobile-native and edge/VR targets.",CAP-M22
CAP-CICD-RELEASE-ENG,CI/CD & Release Engineering,Tech,System Owner,env_tech_dtp_70;env_tech_dtp_295;gtm_madeira_dtp_145,SUBS-HOLISTIKA-OPENCLAW,,active,,,,2026-06-16,Data Governance Office,D-IH-76-R,v3.2,Collapsed per D-IH-95-I (representative originating_process_ids; full rollup in l2-collapse-maps).,differentiating,Product & Platform Engineering,"Test, gate, merge and ship code through automated pipelines across local + cloud CI/CD.",
CAP-CODEBASE-CATALOG-STANDARDS,"Codebase Catalog, Standards & Developer Onboarding",Tech,System Owner,env_tech_dtp_12;env_tech_dtp_155;env_tech_dtp_285,SUBS-HOLISTIKA-OPENCLAW,,planned,,,,2026-06-16,Data Governance Office,D-IH-76-R,v3.2,Collapsed per D-IH-95-I (representative originating_process_ids; full rollup in l2-collapse-maps).,utility,Product & Platform Engineering,"Maintain an IT/codebase catalog with access unification, SDK/package standards, continuous improvement and developer onboarding.",
CAP-CROSS-REPO-GOVERNANCE,Cross-Repo Governance & Schema Propagation,Tech,System Owner,SOP-EXTERNAL_REPO_BLESSING_001;SOP-EXTERNAL_REPO_DRIFT_REMEDIATION_001;SOP-CROSS_REPO_SCHEMA_PROPAGATION_001,SUBS-HOLISTIKA-OPENCLAW,,active,,,,2026-06-16,Data Governance Office,D-IH-76-R,v3.2,Collapsed per D-IH-95-I (representative originating_process_ids; full rollup in l2-collapse-maps).,differentiating,Product & Platform Engineering,"Bless external repos, remediate drift and propagate schema/contract changes across the multi-repo fleet.",
CAP-AGENTIC-INFRA-OPS,Agentic Infrastructure Operations & Runtime Health,Tech,System Owner,env_tech_dtp_agentic_infra_ops_001;env_tech_dtp_openclaw_runtime_health_triage_001;env_tech_dtp_substrate_landscape_mtnce_001,SUBS-HOLISTIKA-OPENCLAW-WINDOWS,,active,,,,2026-06-15,Data Governance Office,D-IH-76-Q,v3.2,Collapsed per D-IH-95-I (representative originating_process_ids; full rollup in l2-collapse-maps).,differentiating,Product & Platform Engineering,"Operate the agentic runtime — infra ops, runtime-health triage, agentic + substrate landscape maintenance.",CAP-M12
CAP-TECHOPS-RELIABILITY-OBSERVABILITY,TechOps Reliability & Observability,Tech,System Owner,env_tech_dtp_253;env_tech_dtp_techops_reliability_001;env_tech_dtp_app_governance_quarterly_001,SUBS-HOLISTIKA-OPENCLAW,,active,,,,2026-06-15,Data Governance Office,D-IH-76-Q,v3.2,Extended D-IH-99-A lab tranche: deploy-health + DC-HOL-LAB-PLATFORM-ENV-001 sibling to CAP-LAB-PLATFORM-BINDING-GOVERNANCE.,differentiating,Product & Platform Engineering,"Keep deployed systems reliable — observability/logs/KPIs, deploy cadence, defect remediation, render-gate + app-governance sweeps.",CAP-M23
CAP-APPLICATION-SECURITY,Application Security & Secrets Management,Tech,System Owner,env_tech_dtp_13;env_tech_dtp_277,SUBS-HOLISTIKA-OPENCLAW,,planned,,,,2026-06-16,Data Governance Office,D-IH-76-R,v3.2,Collapsed per D-IH-95-I (representative originating_process_ids; full rollup in l2-collapse-maps).,utility,Product & Platform Engineering,Secure the codebase and manage secrets/tokens via a vault pattern.,
CAP-DATABASE-GRAPH-MGMT,Database & Graph Store Management,Tech,Database Owner,env_tech_dtp_15;env_tech_dtp_270;SOP-GRAPHDB_NEO4J_001,SUBS-HOLISTIKA-KIRBE,,active,,,,2026-06-16,Data Governance Office,D-IH-76-R,v3.2,Collapsed per D-IH-95-I (representative originating_process_ids; full rollup in l2-collapse-maps).,utility,Product & Platform Engineering,"Provision and operate relational + graph (Neo4j) data stores, including cost/clustering posture.",
CAP-DOMAIN-DNS-MGMT,Domain & DNS Management,Tech,System Owner,env_tech_dtp_28;env_tech_dtp_29;env_tech_dtp_44,SUBS-HOLISTIKA-OPENCLAW,,planned,,,,2026-06-16,Data Governance Office,D-IH-76-R,v3.2,Collapsed per D-IH-95-I (representative originating_process_ids; full rollup in l2-collapse-maps).,utility,Product & Platform Engineering,"Manage domains, nameservers, sub-domains and web-traffic analytics.",
CAP-ECOMMERCE-PLATFORM-INTEGRATION,E-commerce & Storefront Platform Integration,Tech,System Owner,env_tech_dtp_56;env_tech_dtp_294;env_tech_dtp_296,SUBS-VERCEL-VERCEL-AI-SDK,,active,,,,2026-06-16,Data Governance Office,D-IH-76-R,v3.2,Collapsed per D-IH-95-I (representative originating_process_ids; full rollup in l2-collapse-maps).,differentiating,Product & Platform Engineering,"Integrate and ship commerce surfaces — Shopify app/theme/billing, plugins, storefront performance budgets.",
CAP-THIRD-PARTY-INTEGRATION-MGMT,Third-Party Integration Management,Tech,System Owner,env_tech_dtp_18;env_tech_dtp_63;env_tech_dtp_64,SUBS-HOLISTIKA-OPENCLAW,,planned,,,,2026-06-16,Data Governance Office,D-IH-76-R,v3.2,Collapsed per D-IH-95-I (representative originating_process_ids; full rollup in l2-collapse-maps).,utility,Product & Platform Engineering,"Manage outbound integrations to third-party platforms (FB/Google/Sentry/Pinecone, PMS + comms tools).",
CAP-ENVOY-TECHLAB-SHOWCASE,Tech Lab Studio & Showcase Engineering,Tech,System Owner,SOP-ENVOYLAB_REFACTOR_ARCHITECTURE_001;SOP-MADEIRA_ENVOYTECH_SHOWCASE_002;SOP-KIRBE_ENVOYTECH_SHOWCASE_003,SUBS-VERCEL-VERCEL-AI-SDK,,active,,,,2026-06-16,Data Governance Office,D-IH-76-R,v3.2,Collapsed per D-IH-95-I (representative originating_process_ids; full rollup in l2-collapse-maps).,utility,Product & Platform Engineering,"Build and maintain the Envoy Tech Lab demo/showcase surfaces (AI Studio, MADEIRA/KiRBe/ERP showcases, lab architecture).",
CAP-DATAOPS-QUALITY-ASSURANCE,DataOps Quality Assurance,Tech,System Owner,env_tech_dtp_dataops_quality_001,SUBS-HOLISTIKA-LLAMAINDEX-WORKER,,active,,,,2026-06-16,Data Governance Office,D-IH-76-R,v3.2,Collapsed per D-IH-95-I (representative originating_process_ids; full rollup in l2-collapse-maps).,differentiating,Data Governance & Enterprise Knowledge,Enforce the canonical-CSV + mirror data-quality bar (7-dimension DataOps check).,
CAP-CLIENT-AI-DATAOPS-DELIVERY,Client AI & DataOps Engagement Delivery,Tech,AI Engineer,hol_eng_prc_engagement_design_001,SUBS-HOLISTIKA-KIRBE,,active,,,,2026-06-16,Data Governance Office,D-IH-76-R,v3.2,Collapsed per D-IH-95-I (representative originating_process_ids; full rollup in l2-collapse-maps).,differentiating,Delivery & Client Engagement Operations,"Deliver bespoke client AI/DataOps modules (the SUEZ POC family: extraction, mapping, dispute register, dashboards).",
CAP-LAB-PLATFORM-BINDING-GOVERNANCE,Lab Platform Binding Governance,Tech,System Owner,env_tech_dtp_techops_reliability_001,SUBS-PATTERN-MADEIRA-DIRECT-OWN-RUNTIME,,active,,,,2026-06-16,Data Governance Office,D-IH-76-R,v3.2,SSOT contract DC-HOL-LAB-PLATFORM-ENV-001; SOP-TECH_LAB_PLATFORM_BINDING_001; parent lab capability under TechOps family.,differentiating,Product & Platform Engineering,"Keep lab hosting config faithful to running apps — one contract anchor, matrix inventory, consumer FK rows.",
CAP-LAB-COMPONENT-ECOSYSTEM-GOVERNANCE,Lab Component Ecosystem Governance,Tech,System Owner,env_tech_dtp_lab_component_registry_001,SUBS-PATTERN-MADEIRA-DIRECT-OWN-RUNTIME,,active,,,,2026-06-16,Data Governance Office,D-IH-76-R,v3.2,Umbrella LAB_COMPONENT_ECOSYSTEM_GOVERNANCE + COMPONENT_MODULE_REGISTRY + Wave-1/2 dimension registries; sibling to binding capability.,differentiating,Product & Platform Engineering,Classify and probe the whole lab vendor stack — not just env vars — using the Supabase EG pattern generalized.,
CAP-CROSS-AREA-LAB-REGRESSION,Cross-Area Lab Regression Sweep,Operations,PMO,hol_peopl_dtp_uat_governance_001,SUBS-ANYSPHERE-CURSOR-SDK,,active,,,,2026-06-16,Data Governance Office,D-IH-76-R,v3.2,Post-incident area×role matrix + registry FK sweep; pairs methodology-regression report shape under active initiatives.,utility,Delivery & Client Engagement Operations,"After lab incidents, sweep all touched areas/roles so stale bindings surface before they hit engagement-grade registries.",
CAP-AIC-MULTI-LENS-INVESTIGATION,AIC Multi-Lens Investigation,People,System Owner,hol_peopl_dtp_uat_governance_001,SUBS-ANYSPHERE-CURSOR-SDK,,active,,,,2026-06-16,Data Governance Office,D-IH-76-R,v3.2,Human+AIC probe-first ladder; ACIM rows for AIC-CURSOR-BORROWED; SOP-TECH_LAB_PLATFORM_BINDING_001 §3.,differentiating,"People, Org Design & Quality Fabric",Investigate lab failures by switching role/lens and following the governed ladder — not defaulting to password RCA.,
CAP-MADEIRA-INTERACTION-MODE-PARITY,MADEIRA Interaction Mode Parity,Tech,AI Engineer,env_tech_dtp_madeira_lifecycle;gtm_madeira_dtp_51,SUBS-ANYSPHERE-CURSOR-SDK,,active,,,,2026-06-15,Data Governance Office,D-IH-76-Q,v3.2,Five MADEIRA modes Ask/Plan/Agent/Debug/Methodology per MADEIRA_MODE_PARITY.md; alpha CAP-M02.,differentiating,Applied AI & MADEIRA,Deliver and enforce five governed interaction modes with per-mode RBAC posture and transition rules.,CAP-M02
CAP-MADEIRA-TOOL-CATEGORY-RBAC,MADEIRA Tool Category RBAC,Tech,System Owner,SOP-MCP_SERVER_DEFINITION;env_tech_dtp_openclaw_runtime_health_triage_001,SUBS-HOLISTIKA-OPENCLAW,,active,,,,2026-06-15,Data Governance Office,D-IH-76-Q,v3.2,16 tool-category RBAC per MADEIRA_TOOL_RBAC.csv; alpha CAP-M03.,differentiating,Applied AI & MADEIRA,Block wrong-mode tool calls deterministically via governed tool-category permission matrix.,CAP-M03
CAP-MADEIRA-RESEARCH-CENTER-SURFACE,MADEIRA Research Center Surface,Tech,AI Engineer,hol_peopl_dtp_uat_visual_evidence_001;env_tech_dtp_256,SUBS-HOLISTIKA-LLAMAINDEX-WORKER,,active,,,,2026-06-15,Data Governance Office,D-IH-76-Q,v3.2,Research Center UI (I96 Scenario B); alpha CAP-M07.,differentiating,Applied AI & MADEIRA,Render governed Research Center panels for operator and director POVs with live or stubbed BFF data.,CAP-M07
CAP-MADEIRA-CONTEXT-ECONOMICS,MADEIRA Context Economics & Metered Context,Tech,System Owner,hol_peopl_talent_a_aic_dispatcher_001;env_tech_dtp_agentic_infra_ops_001,SUBS-HOLISTIKA-OPENCLAW,,planned,,,,2026-06-15,Data Governance Office,D-IH-76-Q,v3.2,Cache/compaction/postprocess per context-economics-wip-spec; alpha CAP-M16..M18; T2 code scheduled.,differentiating,Applied AI & MADEIRA,"Govern prompt cache boundaries, session compaction, and output postprocessing so context spend is metered and trustworthy.",CAP-M16;CAP-M17;CAP-M18
