type,orientation,entity,area,role_parent_1,role_owner,item_parent_2,item_parent_1,item_name,item_id,item_granularity,time_hours_par,description,instructions,addundum_extras,confidence,count_name,frequency,quality
Internal,Employee,Holistika,Research,Holistik Researcher,Holistik Researcher,,,Holistika Research and Methodology,hol_resea_prj_1,project,,,,,3,1,high,3
Internal,Employee,Holistika,People,People,CPO,,,Holistika People and Organisational Development,hol_peopl_prj_1,project,,,,,3,1,high,3
Internal,Employee,Think Big,MKT,CMO,CMO,,,Think Big Channel and Marketing Operations,thi_mkt_prj_1,project,,,,,3,1,high,3
Internal,Employee,Think Big,Operations,PMO,COO,,,Think Big Operational Excellence,thi_opera_prj_1,project,,,,,3,1,high,3
Internal,Employee,Think Big,Finance,CFO,CFO,,,Think Big Finance Architecture,thi_finan_prj_1,project,,,,,3,1,high,3
Internal,Employee,Think Big,Legal,Legal Counsel,Legal Counsel,,,Think Big Legal Compliance,thi_legal_prj_1,project,,,,,3,1,high,3
Internal,Employee,HLK Tech Lab,Tech,CTO,CTO,,,KiRBe Platform,env_tech_prj_2,project,,,,,3,1,high,3
Internal,Employee,HLK Tech Lab,Tech,CTO,CTO,,,MADEIRA Platform,env_tech_prj_3,project,,,,,3,1,high,3
Internal,Employee,HLK Tech Lab,Tech,CTO,CTO,,,HLK Infrastructure and DevOPS,env_tech_prj_4,project,,,,,3,1,high,3
Internal,Employee,HLK Tech Lab,Data,Data Governance Lead,CDO,,,HLK Data Governance,thi_data_prj_1,project,,,,,3,1,high,3
Internal,Employee,Holistika,Research,Holistik Researcher,HUMINT Specialist,Holistika Research and Methodology,Holistika Research and Methodology,HUMINT Techniques,hol_resea_ws_1,workstream,,,,,3,1,high,3
Internal,Employee,Holistika,Research,Holistik Researcher,Intelligence Analyst,Holistika Research and Methodology,Holistika Research and Methodology,Intelligence Matrix Operations,hol_resea_ws_2,workstream,,,,,3,1,high,3
Internal,Employee,Holistika,Research,Holistik Researcher,Holistik Researcher,Holistika Research and Methodology,Holistika Research and Methodology,Holistika Methodology Pillars,hol_resea_ws_3,workstream,,,,,3,1,high,3
Internal,Employee,Holistika,Research,Holistik Researcher,Holistik Researcher,Holistika Research and Methodology,Holistika Research and Methodology,Deep Research,hol_resea_ws_4,workstream,,,,,3,1,high,3
Internal,Employee,Holistika,Research,Holistik Researcher,Lead Researcher,Holistika Research and Methodology,Holistika Research and Methodology,Research Techniques,hol_resea_ws_5,workstream,,,,,3,1,high,3
Internal,Employee,Holistika,People,People,CPO,Holistika People and Organisational Development,Holistika People and Organisational Development,Compliance Methodology,hol_peopl_ws_1,workstream,,,,,3,1,high,3
Internal,Employee,Holistika,People,People,CPO,Holistika People and Organisational Development,Holistika People and Organisational Development,Talent Development,hol_peopl_ws_2,workstream,,,,,3,1,high,3
Internal,Employee,Holistika,People,People,CPO,Holistika People and Organisational Development,Holistika People and Organisational Development,Holistika Project Lifecycle,hol_peopl_ws_3,workstream,,,,,3,1,high,3
Internal,Employee,Holistika,People,People,CPO,Holistika Project Lifecycle,Holistika Project Lifecycle,Item Phases,hol_peopl_ws_ip1,workstream,,,,,3,1,high,3
Internal,Employee,Think Big,MKT,CMO,Brand Manager,Think Big Channel and Marketing Operations,Think Big Channel and Marketing Operations,Channels,thi_mkt_ws_1,workstream,,,,,3,1,high,3
Internal,Employee,Think Big,MKT,CMO,Growth Manager,Think Big Channel and Marketing Operations,Channels,Online,thi_mkt_ws_o1,workstream,,,,,3,1,high,3
Internal,Employee,Think Big,MKT,CMO,Brand Manager,Think Big Channel and Marketing Operations,Think Big Channel and Marketing Operations,Customer Experience,thi_mkt_ws_2,workstream,,,,,3,1,high,3
Internal,Employee,Think Big,Operations,PMO,COO,Think Big Operational Excellence,Think Big Operational Excellence,Engage,thi_opera_ws_1,workstream,,,,,3,1,high,3
Internal,Employee,Think Big,Operations,PMO,COO,Think Big Operational Excellence,Think Big Operational Excellence,Project Estimation,thi_opera_ws_2,workstream,,,,,3,1,high,3
Internal,Employee,Think Big,Operations,PMO,COO,Think Big Operational Excellence,Think Big Operational Excellence,Stakeholder and Communications,thi_opera_ws_3,workstream,,,,,3,1,high,3
Internal,Employee,Think Big,Finance,CFO,Business Controller,Think Big Finance Architecture,Think Big Finance Architecture,Financial Forecast,thi_finan_ws_1,workstream,,,,,3,1,high,3
Internal,Employee,Think Big,Finance,CFO,Business Controller,Think Big Finance Architecture,Think Big Finance Architecture,Revenue Operations,thi_finan_ws_2,workstream,,,,,3,1,high,3
Internal,Employee,Think Big,Legal,Legal Counsel,Legal Counsel,Think Big Legal Compliance,Think Big Legal Compliance,Legal Compliance Documentation,thi_legal_ws_1,workstream,,,,,3,1,high,3
Internal,Employee,HLK Tech Lab,Tech,CTO,Tech Lead,KiRBe Platform,KiRBe Platform,KiRBe Security and Governance,env_tech_ws_k1,workstream,,,,,3,1,high,3
Internal,Employee,HLK Tech Lab,Tech,CTO,Tech Lead,HLK Infrastructure and DevOPS,HLK Infrastructure and DevOPS,Cybersecurity Operations,env_tech_ws_s1,workstream,,,,,3,1,high,3
Internal,Employee,HLK Tech Lab,Data,Data Governance Lead,Data Steward,HLK Data Governance,HLK Data Governance,Data Management,thi_data_ws_1,workstream,,,,,3,1,high,3
Internal,Employee,HLK Tech Lab,Data,Data Architect,Data Governance Lead,HLK Data Governance,HLK Data Governance,MasterData/Architecture,thi_data_ws_2,workstream,,,,,3,1,high,3
Internal,Employee,HLK Tech Lab,Tech,DevOPS,Front-End Developer,,HLK Infrastructure and DevOPS,Next.js Web App,thi_tech_dtp_1,workstream,,,,,2,1,low,2
Internal,Employee,Think Big,MKT,Brand Manager,Copywriter,Think Big Channel and Marketing Operations,Branding web,Storytelling web,thi_mkt_dtp_2,process,,,,,3,1,high,3
External,Employee,Think Big,MKT,Brand Manager,AV,Think Big Channel and Marketing Operations,Branding web,"Media Edition (Final Cut, Premiere, etc)",thi_mkt_dtp_3,task,,,,,1,1,high,2
Internal,Employee,Think Big,MKT,Brand Manager,UX Designer,Next.js Web App,High-Level Web design,Layout,thi_mkt_dtp_4,task,,,,,3,2,low,3
Internal,Employee,HLK Tech Lab,Tech,System Owner,Domain Specialist,Next.js Web App,Next.js Web App,Domain management,env_tech_dtp_5,workstream,,,,,2,1,medium,2
Internal,Employee,Think Big,MKT,Brand Manager,UX Designer,Think Big Channel and Marketing Operations,Think Big Channel and Marketing Operations,Branding web,thi_mkt_dtp_6,workstream,,,,,3,1,low,3
Internal,Employee,Envoy Tech,MKT,Brand Manager,Design,Next.js Web App,Next.js Web App,High-Level Web design,env_mkt_dtp_7,process,,"high-level web design, that it's not about the specific visual details (like colors, fonts, or exact layouts). Instead, high-level web design focuses on the strategic elements that make a website effective and achieve its goals.",Understanding the Goals and Objectives Defining the Target Audience Information Architecture (UX) Strategy Key Features and Functionality Brand Identity Performance and Scalability Measurement and Iteration,,2,1,medium,3
Internal,Employee,HLK Tech Lab,Tech,Tech Lead,Front-End Developer,Next.js Web App,Layout,Components UI Development,env_tech_dtp_8,process,,,,,2,1,medium,3
Internal,Employee,Think Big,MKT,Brand Manager,UX Designer,Next.js Web App,Layout,Components UX design,thi_mkt_dtp_9,process,,"UX design is a discipline that focuses on the user and aims to provide them with the best possible experience when they interact with a service or system. To achieve this, UX designers strive to deeply understand the needs, desires, frustrations, and behaviors of users.",Analysis of information according to different characteristics Gathering information from an external point of view Component branding Application,,2,1,medium,3
Internal,Employee,HLK Tech Lab,Tech,System Owner,Back-End Developer,HLK Data Governance,Data Management,API calls - CRUD request,env_tech_dtp_10,workstream,,,,,3,1,low,3
Internal,Employee,HLK Tech Lab,Tech,System Owner,Tech Lead,HLK Infrastructure and DevOPS,HLK Infrastructure and DevOPS,Language - Internal Conventions,env_tech_dtp_11,workstream,,,,,3,1,high,2
Internal,Employee,HLK Tech Lab,Tech,System Owner,Tech Lead,HLK Infrastructure and DevOPS,Repo Management and Hosting,Package Manager & SDK,env_tech_dtp_12,process,,,,,3,1,medium,3
Internal,Employee,HLK Tech Lab,Tech,System Owner,Tech Lead,HLK Infrastructure and DevOPS,Repo Management and Hosting,Codebase security,env_tech_dtp_13,process,,,,,3,1,low,3
Internal,Employee,HLK Tech Lab,Tech,System Owner,Tech Lead,HLK Infrastructure and DevOPS,HLK Infrastructure and DevOPS,Repo Management and Hosting,env_tech_dtp_14,workstream,,,,,3,1,high,3
Internal,Employee,HLK Tech Lab,Tech,Data Governance Lead,Database Owner,HLK Data Governance,Data Management,Database Management,env_tech_dtp_15,process,,,,,3,1,high,3
Internal,Employee,HLK Tech Lab,Tech,Front-End Developer,Back-End Developer,Next.js Web App,Components UI Development,UI logic,env_tech_dtp_16,process,,,,,3,1,medium,3
Internal,Employee,HLK Tech Lab,Tech,System Owner,System Owner,HLK Infrastructure and DevOPS,HLK Infrastructure and DevOPS,Server Config (tbd),env_tech_dtp_17,workstream,,,,,1,1,low,1
Internal,Employee,HLK Tech Lab,Tech,System Owner,Tech Lead,HLK Data Governance,Data Management,"Integration Management (facebook, google, sentry, pinecone..)",env_tech_dtp_18,process,,,,,3,1,medium,3
Internal,Employee,Think Big,MKT,Brand Manager,UX Designer,Next.js Web App,High-Level Web design,Analytics,thi_mkt_dtp_19,process,,,,,3,1,high,3
Internal,Employee,Think Big,MKT,Brand Manager,UX Designer,Think Big Channel and Marketing Operations,Channels,Buyer Funnel and Design,thi_mkt_dtp_20,process,,,,,3,1,low,2
Internal,Employee,Think Big,Legal,Legal Counsel,Legal Consumer Specialist,Think Big Legal Compliance,Legal Compliance Documentation,Terms and Conditions,thi_legal_dtp_21,task,,,,,3,1,low,3
Internal,Employee,Think Big,Legal,Legal Counsel,Legal Consumer Specialist,Think Big Legal Compliance,Legal Compliance Documentation,Privacy,thi_legal_dtp_22,task,,,,,3,1,low,3
Internal,Employee,Think Big,Legal,Legal Counsel,Legal Consumer Specialist,Think Big Legal Compliance,Legal Compliance Documentation,Retention,thi_legal_dtp_23,task,,,,,3,2,low,3
Internal,Employee,HLK Tech Lab,Tech,DevOPS,Back-End Developer,Think Big Legal Compliance,Legal Compliance Documentation,Retention,env_tech_dtp_24,task,,,,,3,2,medium,3
Internal,Employee,HLK Tech Lab,Tech,DevOPS,Back-End Developer,Think Big Legal Compliance,Legal Compliance Documentation,NDA,env_tech_dtp_25,task,,,,,3,3,low,3
Internal,Employee,Think Big,Legal,Legal Counsel,Legal Collaborator Specialist,Think Big Legal Compliance,Legal Compliance Documentation,NDA,thi_legal_dtp_26,task,,,,,3,3,low,3
Internal,Employee,Think Big,Legal,Legal Counsel,Legal Consumer Specialist,Think Big Legal Compliance,Legal Compliance Documentation,NDA,thi_legal_dtp_27,task,,,,,3,3,low,3
Internal,Employee,HLK Tech Lab,Tech,System Owner,Domain Specialist,Next.js Web App,Domain management,DNS,env_tech_dtp_28,task,,,,,2,1,low,3
Internal,Employee,HLK Tech Lab,Tech,System Owner,Domain Specialist,Next.js Web App,Domain management,Nameserver,env_tech_dtp_29,task,,,,,2,1,low,3
Internal,Employee,HLK Tech Lab,Tech,System Owner,Domain Specialist,Next.js Web App,Analytics,Web Traffic Analytics,env_tech_dtp_30,task,,,,,3,1,high,3
Internal,Employee,HLK Tech Lab,Data,Data Governance Lead,Data Steward,HLK Data Governance,MasterData/Architecture,"Query, KPI & Reporting Catalog",thi_data_dtp_31,task,,,,,3,1,high,3
Internal,Employee,HLK Tech Lab,Data,Data Governance Lead,Data Steward,HLK Data Governance,Data Management,Enterprise MasterData (Relationship Management),thi_data_dtp_32,process,,,,,3,1,medium,3
Internal,Employee,HLK Tech Lab,Data,Data Governance Lead,Data Steward,HLK Data Governance,MasterData/Architecture,Datamarts & Enterprise Applications,thi_data_dtp_33,task,,,,,2,1,medium,2
Internal,Employee,HLK Tech Lab,Data,Data Architect,Data Engineer,HLK Data Governance,MasterData/Architecture,RPA,thi_data_dtp_34,process,,,,,3,1,medium,3
Internal,Employee,HLK Tech Lab,Tech,DevOPS,Back-End Developer,HLK Data Governance,Data Management,Audiences,env_tech_dtp_35,task,,,,,3,2,medium,3
Internal,Employee,HLK Tech Lab,Tech,DevOPS,Back-End Developer,HLK Data Governance,Data Management,Events,env_tech_dtp_36,task,,,,,3,2,medium,3
Internal,Employee,HLK Tech Lab,Tech,DevOPS,Back-End Developer,HLK Data Governance,Data Management,Campaign Management,env_tech_dtp_37,task,,,,,3,2,medium,3
Internal,Employee,HLK Tech Lab,Tech,DevOPS,Back-End Developer,HLK Data Governance,Data Management,Facebook Business Manager,env_tech_dtp_38,process,,,,,3,2,medium,3
Internal,Employee,Think Big,MKT,Growth Manager,Social Media Manager,Think Big Channel and Marketing Operations,Facebook Business Manager,Audiences,thi_mkt_dtp_39,task,,,,,3,2,medium,3
Internal,Employee,Think Big,MKT,Growth Manager,Social Media Manager,Think Big Channel and Marketing Operations,Facebook Business Manager,Layout,thi_mkt_dtp_40,task,,,,,3,2,medium,3
Internal,Employee,Think Big,MKT,Growth Manager,Social Media Manager,Think Big Channel and Marketing Operations,Facebook Business Manager,Events,thi_mkt_dtp_41,task,,,,,3,2,medium,3
Internal,Employee,Think Big,MKT,Growth Manager,Social Media Manager,Think Big Channel and Marketing Operations,Facebook Business Manager,Campaign Management,thi_mkt_dtp_42,process,,,,,3,2,medium,3
Internal,Employee,Think Big,MKT,Growth Manager,Social Media Manager,Think Big Channel and Marketing Operations,Online,Facebook Business Manager,thi_mkt_dtp_43,workstream,,,,,3,2,high,3
Internal,Employee,HLK Tech Lab,Tech,System Owner,Domain Specialist,Next.js Web App,Domain management,Sub-domain design,env_tech_dtp_44,task,,,,,3,1,low,3
Internal,Employee,HLK Tech Lab,Tech,DevOPS,Back-End Developer,HLK Data Governance,Data Management,Linkedin,env_tech_dtp_45,process,,,,,3,2,low,3
Internal,Employee,HLK Tech Lab,Tech,DevOPS,Back-End Developer,HLK Data Governance,Data Management,Instagram,env_tech_dtp_46,process,,,,,3,2,low,3
Internal,Employee,Envoy Tech,MKT,Growth Manager,Social Media Manager,Think Big Channel and Marketing Operations,Online,SEO OnPage,env_mkt_dtp_47,process,,,,,3,1,low,3
Internal,Employee,Envoy Tech,MKT,Growth Manager,Social Media Manager,Think Big Channel and Marketing Operations,Online,SEO OffPage,env_mkt_dtp_48,process,,,,,3,1,low,3
Internal,Employee,HLK Tech Lab,Tech,DevOPS,Back-End Developer,Think Big Channel and Marketing Operations,Online,SEM,env_tech_dtp_49,task,,,,,3,1,medium,3
Internal,Employee,Think Big,MKT,Growth Manager,Social Media Manager,Think Big Channel and Marketing Operations,Online,Linkedin,thi_mkt_dtp_50,process,,,,,3,2,high,3
Internal,Employee,Think Big,MKT,Growth Manager,Social Media Manager,Think Big Channel and Marketing Operations,Online,Instagram,thi_mkt_dtp_51,process,,,,,3,2,high,3
Internal,Employee,HLK Tech Lab,Tech,DevOPS,Front-End Developer,Think Big Channel and Marketing Operations,Branding web,SEO as part of the Codebase,thi_tech_dtp_52,process,,,,,3,1,low,3
Internal,Employee,HLK Tech Lab,Tech,DevOPS,Back-End Developer,HLK Data Governance,Data Management,User management,env_tech_dtp_53,process,,,,,3,1,medium,3
Internal,Employee,HLK Tech Lab,Tech,DevOPS,Back-End Developer,SQL Architecture,SQL Architecture,Edge Function Architecture,env_tech_dtp_54,workstream,,,,,2,1,high,2
Internal,Employee,HLK Tech Lab,Tech,DevOPS,Back-End Developer,,HLK Data Governance,SQL Architecture,env_tech_dtp_55,workstream,,,,,3,1,low,3
Internal,Employee,HLK Tech Lab,Tech,System Owner,Tech Lead,Next.js Web App,Next.js Web App,E-commerce Plugins,env_tech_dtp_56,task,,,,,3,1,medium,3
Internal,Employee,Think Big,MKT,Growth Manager,Social Media Manager,Think Big Channel and Marketing Operations,Customer Experience,Mailchimp,thi_mkt_dtp_57,task,,,,,3,1,low,3
Internal,Employee,Think Big,MKT,Growth Manager,Social Media Manager,Think Big Channel and Marketing Operations,Customer Experience,Calendly,thi_mkt_dtp_58,task,,,,,3,1,low,3
Internal,Employee,Think Big,MKT,Brand Manager,UX Designer,Think Big Channel and Marketing Operations,Customer Experience,Newsletter,thi_mkt_dtp_59,task,,,,,3,1,medium,3
Internal,Employee,Think Big,MKT,Brand Manager,Design,Think Big Channel and Marketing Operations,Branding web,Animations,thi_mkt_dtp_60,task,,,,,1,1,low,2
Internal,Employee,Think Big,MKT,Growth Manager,Social Media Manager,Think Big Channel and Marketing Operations,Facebook Business Manager,A-Z Test (research process),thi_mkt_dtp_61,task,,,,,3,1,high,3
Internal,Employee,Think Big,MKT,Brand Manager,UX Designer,Next.js Web App,High-Level Web design,Landing page design,thi_mkt_dtp_62,task,,,,,3,1,medium,3
Internal,Employee,HLK Tech Lab,Tech,DevOPS,Back-End Developer,HLK Data Governance,Data Management,Facebook API,env_tech_dtp_63,task,,,,,3,1,low,3
Internal,Employee,HLK Tech Lab,Tech,DevOPS,Back-End Developer,HLK Data Governance,Data Management,Google API,env_tech_dtp_64,task,,,,,3,1,low,3
Internal,Employee,Think Big,MKT,Brand Manager,Copywriter,Think Big Channel and Marketing Operations,Branding web,Voice (Brand Persona),thi_mkt_dtp_65,process,,,,,3,1,medium,3
Internal,Employee,Think Big,MKT,Brand Manager,Copywriter,Think Big Channel and Marketing Operations,Branding web,Message (Brand Persona),thi_mkt_dtp_66,process,,,,,3,1,high,3
Internal,Employee,Think Big,MKT,Growth Manager,Social Media Manager,Think Big Channel and Marketing Operations,Facebook Business Manager,Editorial Calendar,thi_mkt_dtp_67,task,,,,,3,1,low,3
Internal,Employee,HLK Tech Lab,Tech,DevOPS,Back-End Developer,HLK Data Governance,HLK Data Governance,Masterdata Design,env_tech_dtp_68,workstream,,,,,3,2,low,3
Internal,Employee,Think Big,MKT,Brand Manager,Brand Manager,Think Big Channel and Marketing Operations,Branding web,Masterdata Design,thi_mkt_dtp_69,workstream,,,,,3,2,low,3
Internal,Employee,HLK Tech Lab,Tech,System Owner,Tech Lead,HLK Infrastructure and DevOPS,HLK Infrastructure and DevOPS,Testing & CI/CD,env_tech_dtp_70,process,,,,,2,1,high,3
Internal,Employee,Holistika,Operations,PMO,PMO,Think Big Operational Excellence,Engage,Delivery Management,hol_ops_dtp_71,process,,,,,3,1,medium,2
Internal,Employee,HLK Tech Lab,Data,Data Governance Lead,Data Engineer,HLK Data Governance,HLK Data Governance,Make,thi_data_dtp_72,workstream,,,,,3,1,,
Internal,Employee,Holistika,Operations,PMO,Process Owner,Holistika Process Governance Framework,Think Big Operational Excellence,Flow Design,tbd_tbd_dtp_73,process,,,,,3,1,,
Internal,Employee,Holistika,Operations,PMO,Process Owner,Holistika Process Governance Framework,Flow Design,Flow Parameter Input,tbd_tbd_dtp_74,task,,,,,3,1,,
Internal,Employee,HLK Tech Lab,Tech,System Owner,Tech Lead,HLK Infrastructure and DevOPS,Repo Management and Hosting,Merging branches,env_tech_dtp_75,process,,,,,2,1,,
Internal,Employee,HLK Tech Lab,Data,Data Architect,Data Engineer,HLK Data Governance,MasterData/Architecture,Create Relational Functions in SQL,thi_data_dtp_76,task,,,,,3,1,,
Internal,Employee,HLK Tech Lab,Data,Data Architect,Data Governance Lead,HLK Data Governance,MasterData/Architecture,Data Modeling,thi_data_dtp_77,process,,,,,3,1,,
Internal,Employee,HLK Tech Lab,Data,Data Architect,Data Governance Lead,HLK Data Governance,MasterData/Architecture,Column Types,thi_data_dtp_78,task,,,,,3,1,,
Internal,Employee,Think Big,Operations,Operations,PMO,Think Big Operational Excellence,Engage,Project charter,thi_opera_dtp_79,task,,,,,3,1,,
Internal,Employee,HLK Tech Lab,Tech,DevOPS,Back-End Developer,HLK Infrastructure and DevOPS,Data Management,Supabase Client Onboarding,env_tech_dtp_80,task,,,,,3,1,,
Internal,Employee,HLK Tech Lab,Tech,DevOPS,Front-End Developer,Next.js Web App,Components UI Development,"New Entry Form UX&UI - (suitable for revenue, not included in ""e-commerce admin"")",env_tech_dtp_81,task,,The process is under UI Responsibility,,,3,1,,
Internal,Employee,HLK Tech Lab,Tech,DevOPS,Front-End Developer,Next.js Web App,Components UI Development,"Contract Form UX&UI (suitable for revenue, not included in ""e-commerce admin"")",env_tech_dtp_82,task,,,,,3,1,,
Internal,Employee,HLK Tech Lab,Tech,DevOPS,Front-End Developer,Next.js Web App,Components UI Development,Expense Form UX&UI,env_tech_dtp_83,task,,,,,3,1,,
Internal,Employee,HLK Tech Lab,Tech,DevOPS,Front-End Developer,Next.js Web App,Components UI Development,Campaign Result Form (possible RPA) - UX&UI,env_tech_dtp_84,task,,,,,2,1,,
Internal,Employee,HLK Tech Lab,Tech,DevOPS,Front-End Developer,Next.js Web App,Components UI Development,"User Form for Generative AI - UX&UI (par is two use cases per modality, text, tts, stt, image, etc. Experimental is agent collaboration frameworks if placed on top of any of the former use cases)",env_tech_dtp_85,task,,,,,3,1,,
Internal,Employee,HLK Tech Lab,Tech,DevOPS,Front-End Developer,Next.js Web App,Components UI Development,"User Form for AI Agent collaboration frameworks - UX&UI - Experimental because of the market, especially if placed on top of any of our former AI use cases",env_tech_dtp_86,task,,,,,2,1,,
Internal,Employee,HLK Tech Lab,Tech,DevOPS,Front-End Developer,Next.js Web App,Components UI Development,User Form for RAG - UX&UI - (par is semantic chunking & semantic search. Semantic routing is experimental),env_tech_dtp_87,task,,,,,3,1,,
Internal,Employee,HLK Tech Lab,Tech,DevOPS,Front-End Developer,Next.js Web App,Components UI Development,User Form for GraphRAG - UX&UI - (par is semantic chunking & semantic search. Semantic routing is experimental),env_tech_dtp_88,task,,,,,1,1,,
Internal,Employee,HLK Tech Lab,Tech,DevOPS,Front-End Developer,Next.js Web App,Components UI Development,Form for Business Developer - UX&UI - (options & types),env_tech_dtp_89,task,,,,,2,1,,
Internal,Employee,HLK Tech Lab,Tech,DevOPS,Front-End Developer,Next.js Web App,Components UI Development,Form for e-commerce admin - products - UX&UI - (new/add/modify/delete),env_tech_dtp_90,task,,,,,2,1,,
Internal,Employee,HLK Tech Lab,Tech,DevOPS,Front-End Developer,Next.js Web App,Components UI Development,Form for e-commerce admin - pages - UX&UI - (new/add/modify/delete),env_tech_dtp_91,task,,,,,2,1,,
Internal,Employee,HLK Tech Lab,Tech,DevOPS,Front-End Developer,Next.js Web App,Components UI Development,Form for e-commerce admin - sales & payments - UX&UI - (new/add/modify/delete),env_tech_dtp_92,task,,,,,2,1,,
Internal,Employee,HLK Tech Lab,Tech,DevOPS,Front-End Developer,Next.js Web App,Components UI Development,Form for e-commerce admin - customer & vendors - UX&UI - (new/add/modify/delete),env_tech_dtp_93,task,,,,,2,1,,
Internal,Employee,Holistika,Research,Holistik Researcher,HUMINT Specialist,Holistika Research and Methodology,HUMINT Techniques,Enriched Interview,hol_resea_dtp_94,process,,,,,2,1,,
Internal,Employee,Holistika,Research,Holistik Researcher,HUMINT Specialist,Holistika Research and Methodology,HUMINT Techniques,Focus group,hol_resea_dtp_95,process,,,,,2,1,,
Internal,Employee,Think Big,Operations,Operations,PMO,Think Big Operational Excellence,Stakeholder and Communications,Meeting Preparation,thi_opera_dtp_96,task,,,,,2,1,,
Internal,Employee,Think Big,Operations,Operations,PMO,Think Big Operational Excellence,Engage,List of Requirements,thi_opera_dtp_97,process,,,,,2,1,,
Internal,Employee,Think Big,People,People,Talent,Holistika People and Organisational Development,Talent Development,B2E Candidate Interview,thi_peopl_dtp_98,task,,,,,2,1,,
Internal,Employee,Holistika,Research,Holistik Researcher,Lead Researcher,Holistika Research and Methodology,Research Techniques,HxPESTAL,hol_resea_dtp_99,process,,,,,2,1,,
Internal,Employee,Holistika,Research,Holistik Researcher,Lead Researcher,Holistika Research and Methodology,Research Techniques,Create Analogy,hol_resea_dtp_100,process,,,,,2,1,,
Internal,Employee,Holistika,People,People,Compliance,Holistika People and Organisational Development,Compliance Methodology,Apply Policy Framework,hol_peopl_dtp_101,process,,,,,2,1,,
Internal,Employee,Holistika,People,People,Compliance,Holistika People and Organisational Development,Compliance Methodology,Rant Policy,hol_peopl_dtp_102,process,,,,,2,1,,
Internal,Employee,Holistika,Operations,Operations,PMO,Think Big Operational Excellence,Think Big Operational Excellence,List Existing Use Cases,hol_opera_dtp_103,process,,,,,2,1,,
Internal,Employee,Holistika,People,People,Compliance,Holistika People and Organisational Development,Compliance Methodology,Isolate Concept,hol_peopl_dtp_104,process,,,,,2,1,,
Internal,Employee,Holistika,People,People,Talent,Holistika People and Organisational Development,Talent Development,Declare Signifier,hol_peopl_dtp_105,process,,,,,2,1,,
Internal,Employee,Holistika,People,People,Talent,Holistika People and Organisational Development,Talent Development,Regression Definition and Techniques,hol_peopl_dtp_106,process,,,,,,,,
Internal,Employee,Think Big,Operations,Operations,PMO,Think Big Operational Excellence,Think Big Operational Excellence,Document,thi_opera_dtp_107,process,,,,,,,,
Internal,Employee,Think Big,Operations,Operations,PMO,Think Big Operational Excellence,Think Big Operational Excellence,Design Process Flow,thi_opera_dtp_108,process,,,,,,,,
Internal,Employee,Think Big,Marketing,Branding,Copywriter,Think Big Channel and Marketing Operations,Branding web,Identify Personal Discourse,thi_marke_dtp_109,process,,,,,,,,
Internal,Employee,Holistika,Research,Holistik Researcher,Lead Researcher,Holistika Research and Methodology,Research Techniques,6 Ws,hol_resea_dtp_110,process,,,,,,,,
Internal,Employee,Think Big,People,People,Compliance,Holistika People and Organisational Development,Compliance Methodology,Design MO,thi_peopl_dtp_111,process,,,,,,,,
Internal,Employee,Holistika,Research,Holistik Researcher,Lead Researcher,Holistika Research and Methodology,Research Techniques,List Examples for Engage Project Charter,hol_resea_dtp_112,process,,,,,,,,
Internal,Employee,Think Big,Operations,Operations,PMO,Think Big Operational Excellence,Think Big Operational Excellence,List Dependencies,thi_opera_dtp_113,process,,,,,,,,
Internal,Employee,Holistika,People,People,Talent,Holistika Project Lifecycle,Item Phases,Terraform,hol_peopl_dtp_114,process,,,,,,,,
Internal,Employee,Holistika,People,People,Talent,Holistika Project Lifecycle,Item Phases,Sell,hol_peopl_dtp_115,process,,,,,,,,
Internal,Employee,Holistika,People,People,Talent,Holistika Project Lifecycle,Item Phases,Normalize,hol_peopl_dtp_116,process,,,,,,,,
Internal,Employee,Holistika,People,People,Talent,Holistika Project Lifecycle,Item Phases,Pacify,hol_peopl_dtp_117,process,,,,,,,,
Internal,Employee,Holistika,People,People,Talent,Holistika Project Lifecycle,Item Phases,Engage,hol_peopl_dtp_118,process,,,,,,,,
Internal,Employee,Holistika,People,People,Talent,Holistika Project Lifecycle,Item Phases,Hijack,hol_peopl_dtp_119,process,,,,,,,,
Internal,Employee,Think Big,Operations,Operations,PMO,Holistika Project Lifecycle,Item Phases,Plan,thi_opera_dtp_120,process,,,,,,,,
Internal,Employee,Think Big,Operations,Operations,PMO,Think Big Operational Excellence,Engage,List Objectives,thi_opera_dtp_121,process,,,,,,,,
Internal,Employee,Think Big,Operations,Operations,PMO,Think Big Operational Excellence,Engage,List Deliverables,thi_opera_dtp_122,process,,,,,,,,
Internal,Employee,Think Big,Operations,Operations,PMO,Think Big Operational Excellence,Engage,Define Success,thi_opera_dtp_123,process,,,,,,,,
Internal,Employee,Think Big,Operations,Operations,PMO,Think Big Operational Excellence,Engage,List Success Metrics,thi_opera_dtp_124,process,,,,,,,,
Internal,Employee,Think Big,Finance,CFO,Business Controller,Think Big Finance Architecture,Financial Forecast,Budget Scope,thi_finan_dtp_125,process,,,,,,,,
Internal,Employee,Think Big,Finance,CFO,Business Controller,Think Big Finance Architecture,Financial Forecast,Pricing Definition,thi_finan_dtp_126,process,,,,,,,,
Internal,Employee,Think Big,Operations,Operations,PMO,Think Big Operational Excellence,Engage,Define Stakeholders,thi_opera_dtp_127,process,,,,,,,,
Internal,Employee,Think Big,Operations,Operations,PMO,Think Big Operational Excellence,Engage,Define Project Budget,thi_opera_dtp_128,process,,,,,,,,
Internal,Employee,Think Big,Operations,Operations,PMO,Think Big Operational Excellence,Engage,Define Project Scope,thi_opera_dtp_129,process,,,,,,,,
Internal,Employee,Holistika,Operations,TBD,TBD,Holistika Process Governance Framework,Think Big Operational Excellence,Exploit (TBD),tbd_tbd_dtp_130,process,,,,,,,,
Internal,Employee,Think Big,People,People,Talent,Holistika People and Organisational Development,Talent Development,Consult Hard-Skillers for Estimation,thi_peopl_dtp_131,process,,,,,,,,
Internal,Employee,Think Big,Operations,Operations,PMO,Think Big Operational Excellence,Project Estimation,Time Estimations,thi_opera_dtp_132,process,,,,,,,,
Internal,Employee,Think Big,Operations,Operations,PMO,Think Big Operational Excellence,Project Estimation,Effort Estimations,thi_opera_dtp_133,task,,,,,,,,
Internal,Employee,Think Big,Operations,Operations,PMO,Think Big Operational Excellence,Project Estimation,Budget Estimations,thi_opera_dtp_134,task,,,,,,,,
Internal,Employee,Think Big,Operations,Operations,PMO,Think Big Operational Excellence,Project Estimation,Declare Min,thi_opera_dtp_135,task,,,,,,,,
Internal,Employee,Think Big,Operations,Operations,PMO,Think Big Operational Excellence,Project Estimation,Declare Par,thi_opera_dtp_136,task,,,,,,,,
Internal,Employee,Think Big,Operations,Operations,PMO,Think Big Operational Excellence,Project Estimation,Declare Max,thi_opera_dtp_137,task,,,,,,,,
Internal,Employee,Holistika,Operations,TBD,TBD,Holistika Process Governance Framework,Think Big Operational Excellence,Identify Resistances,tbd_tbd_dtp_138,task,,,,,,,,
Internal,Employee,Holistika,People,People,Compliance,Holistika People and Organisational Development,Compliance Methodology,"Allies, Neutrals and Enemies: A comprehensive take on Ethics and Moral over an NPS and CORPINT framework",hol_peopl_dtp_139,process,,,,,,,,
Internal,Employee,Holistika,People,People,Talent,Holistika People and Organisational Development,Talent Development,Arrowhead Strategy,hol_peopl_dtp_140,process,,,,,,,,
Internal,Employee,Holistika,People,People,Talent,Holistika People and Organisational Development,Talent Development,Conceptualize,hol_peopl_dtp_141,process,,,,,,,,
Internal,Employee,Holistika,Research,Holistik Researcher,Intelligence Analyst,Holistika Research and Methodology,Intelligence Matrix Operations,Place in Intelligence Matrix,hol_resea_dtp_142,process,,"The intelligence matrix is an analytical tool that allows for the classification of information based on various criteria such as its nature, source, security level, and intended use. It helps structure information and understand its context. By categorizing data, the matrix allows for the determination of the reliability and usefulness of each piece of information. This tool can be used in various fields to organize research, manage sensitive data, and facilitate decision-making. The intelligence matrix offers a methodical framework for processing information efficiently and securely","The Intelligence Matrix can be used in different ways, depending on your needs. Here is an example method Searching for information on a theme External analysis of this information Analysis using the information matrix Structured understanding of the information Classifying the information",,,,,
Internal,Employee,Holistika,Research,Holistik Researcher,Intelligence Analyst,Holistika Research and Methodology,Intelligence Matrix Operations,Classify Intel,hol_resea_dtp_143,task,,,,,,,,
Internal,Employee,Holistika,Research,Holistik Researcher,Intelligence Analyst,Holistika Research and Methodology,Intelligence Matrix Operations,Output 1,hol_resea_dtp_144,task,,,,,,,,
Internal,Employee,Holistika,Research,Holistik Researcher,Intelligence Analyst,Holistika Research and Methodology,Intelligence Matrix Operations,Output 2,hol_resea_dtp_145,task,,,,,,,,
Internal,Employee,Holistika,Research,Holistik Researcher,Intelligence Analyst,Holistika Research and Methodology,Intelligence Matrix Operations,Output 3,hol_resea_dtp_146,task,,,,,,,,
Internal,Employee,Holistika,People,People,Talent,Holistika People and Organisational Development,Talent Development,4th Wall Phases,hol_peopl_dtp_147,process,,,,,,,,
Internal,Employee,Holistika,Operations,Operations,PMO,Holistika Process Governance Framework,Think Big Operational Excellence,Program Management,hol_opera_dtp_148,process,,,,,,,,
Internal,Employee,Holistika,Operations,Operations,PMO,Holistika Research and Methodology,Intelligence Matrix Operations,Scenario Management,hol_opera_dtp_149,process,,Scenario management is a proactive method which involves exploring different future hypotheses in a given field. It enables potential challenges to be anticipated and appropriate solutions to be developed. The use of an intelligence matrix facilitates the classification and analysis of relevant information for each scenario.,,,,,,
Internal,Employee,Holistika,Research,Holistik Researcher,Intelligence Analyst,Holistika Research and Methodology,Intelligence Matrix Operations,Generational Filter,hol_resea_dtp_150,process,,"The generational filter is an analytical process that dissects the perceptions, behaviors, and forecasts of different generations. It combines digital and social research to understand the nuances of each generation, identify their values and motivations, and anticipate their trends and impacts. This process helps with strategic decision-making, particularly for administrator and decision-maker it allows for anticipating changes and adapting to future developments. However, it is important to note its limitations: risk of stereotypes, need for regular updates, influence of context, difficulty of long-term forecasting, and dependence on data quality.","Define the research question : Before starting the research, clearly define the research question and the objectives I want to achieve. Collect data : Use the generational filter to collect data specific to each generation. You could use different data sources, such as surveys, interviews, focus groups, online content analysis, Make sure to collect data representative of each generation. Analyze the info : Use qualitative and quantitative analysis methods to analyze the collected data. The generational filter would allow me to compare the responses and behaviors of different generations and identify significant trends and differences. Interpret the results : Interpret the research results taking into account the specificities of each generation. D'ont abuse generalizations and nuance my conclusions according to the context. Diffuse the results sing the generational filter in a rigorous and methodical way, I could conduct in-depth research and produce relevant and useful results.",,,,,
Internal,Employee,Holistika,Operations,Operations,PMO,Holistika Process Governance Framework,Stakeholder and Communications,Stakeholder management,hol_opera_dtp_151,process,,,,,,,,
Internal,Employee,Holistika,Operations,Operations,PMO,Holistika Process Governance Framework,Think Big Operational Excellence,ROD/Scrum meeting,hol_opera_dtp_152,process,,,,,,,,
Internal,Employee,Holistika,Operations,Operations,PMO,Holistika Process Governance Framework,Think Big Operational Excellence,Regression Process Execution,hol_opera_dtp_153,process,,,,,,,,
Internal,Employee,Holistika,Research,Holistik Researcher,Holistik Researcher,Holistika Research and Methodology,Deep Research,Intelligence Assessment,hol_resea_dtp_154,process,,,,,,,,
Internal,Employee,HLK Tech Lab,Tech,System Owner,Tech Lead,HLK Infrastructure and DevOPS,HLK Infrastructure and DevOPS,"Continuous Improvement, Continuous Development",env_tech_dtp_155,process,,,,,,,,
Internal,Employee,HLK Tech Lab,Tech,System Owner,Tech Lead,HLK Infrastructure and DevOPS,HLK Infrastructure and DevOPS,IT Catalog,env_tech_dtp_156,process,,,,,,,,
Internal,Employee,Holistika,People,People,Talent,Holistika People and Organisational Development,Talent Development,CUDA Framework,hol_peopl_dtp_157,process,,,,,,,,
Internal,Employee,Holistika,People,People,Talent,Holistika People and Organisational Development,Talent Development,Output 1 Framework Design,hol_peopl_dtp_158,process,,,,,,,,
Internal,Employee,Holistika,People,People,Talent,Holistika People and Organisational Development,Talent Development,Tale to Morale to Analogy,hol_peopl_dtp_159,process,,,,,,,,
Internal,Employee,Holistika,People,People,Talent,Holistika People and Organisational Development,Talent Development,Root Cause Analysis,hol_peopl_dtp_160,process,,,,,,,,
Internal,Employee,Holistika,Research,Holistik Researcher,Lead Researcher,Holistika Research and Methodology,Research Techniques,Research Dos & Dont's for a given process,hol_resea_dtp_161,process,,,,,,,,
Internal,Employee,Holistika,Research,Holistik Researcher,Intelligence Analyst,Holistika Research and Methodology,Generational Filter,Generational Filter,hol__dtp_162,task,,,,,,,,
Internal,Employee,Holistika,Operations,Operations,PMO,Holistika Project Lifecycle,Item Phases,To do,hol_opera_dtp_163,task,,,,,,,,
Internal,Employee,Holistika,Operations,Operations,PMO,Holistika Project Lifecycle,Item Phases,In process,hol_opera_dtp_164,task,,,,,,,,
Internal,Employee,Holistika,Operations,Operations,PMO,Holistika Project Lifecycle,Item Phases,Done,hol_opera_dtp_165,task,,,,,,,,
Internal,Employee,Holistika,Operations,Data Architect,PMO,Holistika Process Governance Framework,SOP Lifecycle Management,SOP Documentation,hol_ops_sd_5,process,,,,,3,1,high,3
Internal,Employee,Holistika,Operations,Data Architect,PMO,SOP Lifecycle Management,SOP Documentation,SOP-META_PROCESS_MGMT_001,SOP-META_PROCESS_MGMT_001,task,,Standard Operating Procedure for Process Definition and Management,,,3,1,high,3
Internal,Employee,HLK Tech Lab,Tech,Data Architect,Data Engineer,HLK Data Governance,SOP Documentation,SOP-GRAPHDB_NEO4J_001,SOP-GRAPHDB_NEO4J_001,task,,Neo4j and Cypher Standard Operating Procedure,,,3,1,high,3
Internal,Employee,Holistika,Operations,Process Owner,PMO,Holistika Process Governance Framework,SOP Lifecycle Management,Process Identification & Scoping,hol_ops_pis_3,process,,,,,3,1,high,3
Internal,Employee,Holistika,Operations,Data Architect,PMO,Holistika Process Governance Framework,SOP Lifecycle Management,Process Decomposition & Modeling,hol_ops_pdm_4,process,,,,,3,1,high,3
Internal,Employee,Holistika,Operations,Data Engineer,PMO,Holistika Process Governance Framework,SOP Lifecycle Management,Process Data Ingestion & Update,hol_ops_pdiu_6,process,,,,,3,1,high,3
Internal,Employee,Holistika,Operations,Data Engineer,PMO,SOP Lifecycle Management,Process Data Ingestion & Update,Update process_list_1.csv,hol_ops_upl_7,task,,,,,3,1,high,3
Internal,Employee,Holistika,Operations,Data Engineer,PMO,SOP Lifecycle Management,Process Data Ingestion & Update,Execute Cypher Update Script,hol_ops_ecs_8,task,,,,,3,1,high,3
Internal,Employee,Holistika,Operations,Data Architect,PMO,,,Holistika Process Governance Framework,hol_ops_pgf_1,project,,,,,3,1,high,3
Internal,Employee,Holistika,Operations,Data Architect,PMO,Holistika Process Governance Framework,Holistika Process Governance Framework,SOP Lifecycle Management,hol_ops_slm_2,workstream,,,,,3,1,high,3
Internal,Employee,Think Big,Operations,PMO,Product Owner,Think Big Operational Excellence,Think Big Operational Excellence,Product Management Lifecycle,thi_opera_dtp_200,workstream,,End-to-end product management from vision and PRD through MVP acceptance to phased roadmap execution. Includes dependency and risk registers.,,3,1,high,3,
Internal,Employee,Think Big,Operations,PMO,Product Owner,Think Big Operational Excellence,Product Management Lifecycle,Product Requirements Definition,thi_opera_dtp_201,process,,Define problem statement. vision. modular PRD sections. success metrics. MVP acceptance criteria. and phased post-MVP roadmap.,,3,1,high,3,
Internal,Employee,Think Big,Operations,PMO,Product Owner,Think Big Operational Excellence,Product Requirements Definition,MVP Definition of Done,thi_opera_dtp_202,task,,Explicit sign-off checklist for MVP readiness including functional. UX. performance. and compliance gates.,,3,1,high,3,
Internal,Employee,Think Big,Finance,CFO,Business Controller,Think Big Operational Excellence,Product Management Lifecycle,Subscription Pricing Strategy,thi_finan_dtp_203,process,,Define pricing tiers (trial. starter. growth. pro. plus. consultant). competitive benchmark rationale. and revenue-split model for partnerships.,,3,1,medium,3,
Internal,Employee,Think Big,MKT,CMO,Brand Manager,Think Big Channel and Marketing Operations,Think Big Channel and Marketing Operations,Go-To-Market Strategy,thi_mkt_dtp_210,workstream,,Phased launch from closed beta through community soft launch to content-led growth and paid acquisition after PMF.,,3,1,high,3,
Internal,Employee,Think Big,MKT,Brand Manager,Copywriter,Think Big Channel and Marketing Operations,Go-To-Market Strategy,App Store Listing and ASO,thi_mkt_dtp_211,process,,App Store Optimization: listing copy. screenshots. keyword strategy. review acquisition tactics. migration narrative from deprecated platforms.,,3,1,medium,3,
Internal,Employee,Think Big,MKT,Brand Manager,Copywriter,Think Big Channel and Marketing Operations,Go-To-Market Strategy,Content Calendar and Template Library,thi_mkt_dtp_212,process,,Dual-track content engine: how-to tutorials and strategy videos. PDFs/playbooks. onboarding email sequences. template library maintenance.,,3,1,medium,3,
Internal,Employee,Think Big,MKT,Growth Manager,Social Media Manager,Think Big Channel and Marketing Operations,Go-To-Market Strategy,Community and Ambassador Program,thi_mkt_dtp_213,process,,Community/school launch. ambassador/referral tiers. partner distribution. Trendtrack/Foreplay-informed acquisition lists.,,3,1,medium,3,
Internal,Employee,Think Big,Operations,PMO,Project Manager,Think Big Operational Excellence,Product Management Lifecycle,Phased Delivery Plan and Critical Path,thi_opera_dtp_220,process,,Define project phases (feasibility through ongoing growth). critical path dependencies. external deadlines. weekly sync and monthly review cadence.,,3,1,high,3,
Internal,Employee,Think Big,Operations,PMO,Product Owner,Think Big Operational Excellence,Phased Delivery Plan and Critical Path,Feasibility GO/NO-GO Gate,thi_opera_dtp_221,task,,Week-1 feasibility assessment including API constraints. platform limitations. and partner alignment confirmation.,,3,1,high,3,
Internal,Employee,Think Big,Operations,PMO,Product Owner,Think Big Operational Excellence,Phased Delivery Plan and Critical Path,Beta Exit Criteria and Sign-Off,thi_opera_dtp_222,task,,Define and evaluate beta exit criteria: user feedback thresholds. bug severity limits. performance budgets. and partner approval.,,3,1,high,3,
Internal,Employee,Think Big,Operations,PMO,PMO,Think Big Operational Excellence,Phased Delivery Plan and Critical Path,Communication Cadence,thi_opera_dtp_223,task,,Standup. weekly sync. monthly review. and decision log maintenance across tri-party governance.,,3,1,medium,3,
Internal,Employee,Holistika,Research,Holistik Researcher,Intelligence Analyst,Holistika Research and Methodology,Research Techniques,Competitive Intelligence and Positioning,hol_resea_dtp_230,process,,Structured competitor profiling: feature matrix maintenance. pricing vulnerability analysis. gap/threat positioning. time-bound opportunity tracking.,,2,1,high,3,
Internal,Employee,Think Big,MKT,Brand Manager,Copywriter,Think Big Channel and Marketing Operations,Go-To-Market Strategy,Battlecards and Messaging Matrix,thi_mkt_dtp_231,task,,Translate competitive matrix into sales battlecards. positioning statements. and differentiation messaging.,,3,1,medium,3,
Internal,Employee,HLK Tech Lab,Tech,CTO,System Owner,HLK Infrastructure and DevOPS,HLK Infrastructure and DevOPS,Platform Architecture Lifecycle,env_tech_dtp_240,workstream,,Embedded app architecture. extension lifecycle. OAuth/session token compliance. API design and constraint management.,,2,1,high,3,
Internal,Employee,HLK Tech Lab,Tech,System Owner,DevOPS,HLK Infrastructure and DevOPS,Platform Architecture Lifecycle,Storefront Extension and Performance Budget,env_tech_dtp_242,process,,Theme App Extension design. Lighthouse performance gate. storefront JavaScript budget. AJAX Cart API integration.,,2,1,medium,3,
Internal,Employee,HLK Tech Lab,Tech,CTO,System Owner,HLK Infrastructure and DevOPS,Platform Architecture Lifecycle,Event Taxonomy and Analytics Pipeline,env_tech_dtp_243,process,,GTM dataLayer event taxonomy. analytics pipeline design. Tape/correlation tracking. i18n considerations.,,2,1,medium,3,
Internal,Employee,HLK Tech Lab,Tech,CTO,System Owner,HLK Infrastructure and DevOPS,Platform Architecture Lifecycle,Feasibility Gate Checklist,env_tech_dtp_244,task,,Week-1 technical feasibility checklist: API access. sandbox validation. dependency audit. environment provisioning.,,2,1,high,3,
Internal,Employee,Think Big,Operations,PMO,Product Owner,Think Big Operational Excellence,Product Management Lifecycle,Benchmark UX Review and Gap Register,thi_opera_dtp_250,process,,Structured competitor benchmark session. IEU scoring (Impact x Urgency / Effort). categorized gap register. priority stack rank.,,3,1,high,3,
Internal,Employee,Think Big,Operations,PMO,Product Owner,Think Big Operational Excellence,Benchmark UX Review and Gap Register,IEU Prioritization Ritual,thi_opera_dtp_251,task,,Apply Impact x Urgency / Effort scoring to gap register items. produce remediation wave plan. track wiring defects separately.,,3,1,high,3,
Internal,Employee,HLK Tech Lab,Tech,CTO,DevOPS,Think Big Operational Excellence,Benchmark UX Review and Gap Register,Trust Defect Remediation Wave,env_tech_dtp_253,process,,Identify and fix wiring defects where stored configuration does not apply on the user-facing surface. Treat as high-severity trust issues.,,2,1,high,3,
Internal,Employee,Think Big,MKT,Brand Manager,Copywriter,Think Big Channel and Marketing Operations,Go-To-Market Strategy,Migration Guide and Launch Content Pack,thi_mkt_dtp_254,task,,Produce migration narrative. tutorial assets. listing copy. and launch announcement content for deprecated-platform users.,,3,1,medium,3,
Internal,Employee,HLK Tech Lab,Tech,System Owner,Back-End Developer,KiRBe Platform,KiRBe Platform,KiRBe Multi-Source Connector Setup,env_tech_dtp_255,workstream,,OAuth/credential setup and API configuration for ingestion connectors (Drive. web. YouTube. database). Per CONNECTOR_SETUP_GUIDE.,,2,1,medium,3,
Internal,Employee,HLK Tech Lab,Tech,Tech Lead,Back-End Developer,KiRBe Platform,KiRBe Multi-Source Connector Setup,KiRBe Canonical Ingestion Envelope,env_tech_dtp_256,process,,Deterministic provenance. idempotent documents. CQS ingestion vs retrieval. Two-phase ingestion per kirbe_soc_refactor_blueprint.,,2,1,high,3,
Internal,Employee,HLK Tech Lab,Tech,System Owner,Data Steward,KiRBe Platform,KiRBe Security and Governance,KiRBe Vault RBAC and Membership Governance,env_tech_dtp_257,process,,Org/vault-scoped access. JWT + RLS patterns. vault membership model. tenant isolation.,,2,1,high,3,
Internal,Employee,HLK Tech Lab,Tech,Data Architect,Data Engineer,KiRBe Platform,KiRBe Multi-Source Connector Setup,KiRBe Hybrid Search (BM25 + Vector + RRF),env_tech_dtp_258,process,,Operational procedure for hybrid retrieval combining lexical and semantic search with reciprocal rank fusion.,,2,1,high,3,
Internal,Employee,HLK Tech Lab,Tech,System Owner,Back-End Developer,KiRBe Platform,KiRBe Multi-Source Connector Setup,KiRBe Usage Metering and Quota Enforcement,env_tech_dtp_259,process,,Org quotas. usage events. rate limiting. and billing-aligned metering per SOP-KIRBE_USAGE_METERING_001.,,2,1,medium,3,
Internal,Employee,HLK Tech Lab,Tech,DevOPS,DevOPS,KiRBe Platform,KiRBe Security and Governance,KiRBe Audit Logging and Security Monitoring,env_tech_dtp_260,process,,RBAC/security event logging. permission-denied signals. potential security incident detection per SOP-KIRBE_AUDIT_LOGGING_001.,,2,1,high,3,
Internal,Employee,Think Big,Finance,CFO,Business Controller,Think Big Finance Architecture,Revenue Operations,KiRBe Stripe Billing Activation and Reconciliation,thi_finan_dtp_261,process,,Stripe payment flows. subscription management. revenue reconciliation for KiRBe SaaS billing.,,3,1,medium,3,
Internal,Employee,HLK Tech Lab,Tech,Tech Lead,Data Engineer,KiRBe Platform,KiRBe Platform,KiRBe Reader Operations (per source),env_tech_dtp_262,workstream,,Source-specific readers (simpledir. yt. web. database) and monitoring of ingestion quality and provenance.,,2,1,medium,3,
Internal,Employee,HLK Tech Lab,Tech,Tech Lead,Back-End Developer,MADEIRA Platform,MADEIRA Platform,MADEIRA SSE Streaming Chat,env_tech_dtp_263,process,,End-to-end streaming request handling: madeira_stream_query to get_madeira_agent to EnhancedMadeiraAgent with tools.,,2,1,high,3,
Internal,Employee,HLK Tech Lab,Tech,AI Engineer,AI Engineer,MADEIRA Platform,MADEIRA SSE Streaming Chat,MADEIRA Agent Tool Orchestration,env_tech_dtp_264,process,,LlamaIndex tools (vector. graph. sub-question engines) wired into multi-tool ReAct agent with metadata-rich tool selection.,,2,1,high,3,
Internal,Employee,HLK Tech Lab,Tech,System Owner,AI Engineer,MADEIRA Platform,MADEIRA SSE Streaming Chat,MADEIRA Personality and UX Configuration,env_tech_dtp_265,process,,PersonalityConfig. system prompt management. uncanny valley UX design. capability contract definition.,,2,1,medium,3,
Internal,Employee,HLK Tech Lab,Tech,DevOPS,Back-End Developer,MADEIRA Platform,MADEIRA SSE Streaming Chat,MADEIRA API Hardening and Mounted Sub-App Lifecycle,env_tech_dtp_266,process,,/madeira mounts. health checks. state/DI. connection pool management per hardening-sop.,,2,1,high,3,
Internal,Employee,HLK Tech Lab,Tech,Tech Lead,Back-End Developer,MADEIRA Platform,MADEIRA Platform,Archivist Service Operations,env_tech_dtp_267,workstream,,Separate Archivist API alongside Madeira: ingestion. indexing. health checks. and knowledge management backend.,,2,1,medium,3,
Internal,Employee,HLK Tech Lab,Tech,Data Architect,Data Engineer,HLK Data Governance,HLK Data Governance,Neo4j GraphRAG Sync and Tenant Scoping,env_tech_dtp_268,process,,Derived graph index from Supabase SSOT. multi-tenant query scoping by org_id/vault_id. Cypher update scripts.,,2,1,high,3,
Internal,Employee,HLK Tech Lab,Tech,AI Engineer,Data Architect,HLK Data Governance,Neo4j GraphRAG Sync and Tenant Scoping,Neo4j Knowledge Graph for Agent Context,env_tech_dtp_269,process,,Agent memory and Matriz de Inteligencia linkage. document/video/concept graph navigation for MADEIRA/KiRBe.,,2,1,high,3,
Internal,Employee,HLK Tech Lab,Tech,CTO,System Owner,HLK Data Governance,Neo4j GraphRAG Sync and Tenant Scoping,Neo4j Operational Cost and Clustering Posture,env_tech_dtp_270,task,,AuraDB/Enterprise clustering considerations. cost-performance tradeoffs. scaling decision framework.,,1,1,medium,2,
Internal,Employee,Think Big,Finance,CFO,Business Controller,Think Big Finance Architecture,Revenue Operations,BID Lead-to-Contract Revenue Chain,thi_finan_dtp_271,process,,Lead to product/workstream IDs to contract and revenue tables. Handoff to finance/ops for booking and recognition.,,3,1,medium,3,
Internal,Employee,Think Big,Finance,CFO,Business Controller,Think Big Finance Architecture,Revenue Operations,Capex Alignment for Paid Media and Channel Spend,thi_finan_dtp_272,process,,Link campaign spend to capex-owning finance role. budget allocation and variance tracking.,,3,1,medium,3,
Internal,Employee,Think Big,Finance,Business Controller,PMO,Think Big Finance Architecture,Revenue Operations,Process-Cost and FTE Mapping from Organigrama,thi_finan_dtp_273,process,,Organigrama + P2P as entry to process costing. effort/time/FTE lens for resource planning.,,3,1,medium,3,
Internal,Employee,HLK Tech Lab,Data,Data Governance Lead,Data Steward,HLK Data Governance,Data Management,KiRBe Ingestion Data Quality Monitoring,thi_data_dtp_274,process,,Success vs failure/skip tracking. domain policies. data quality gates for each ingestion run.,,3,1,high,3,
Internal,Employee,HLK Tech Lab,Data,Data Architect,Data Engineer,HLK Data Governance,HLK Data Governance,Formal Data Lineage (Ingestion to Supabase to Graph),thi_data_dtp_275,process,,Lineage patterns from vault sources through Supabase tables to Neo4j graph representations.,,3,1,high,3,
Internal,Employee,Holistika,Operations,Data Architect,PMO,Holistika Process Governance Framework,Holistika Process Governance Framework,SOP/Component Matrix Traceability,hol_opera_dtp_276,process,,Draw dependencies to trace SOPs. map component matrix for cross-process visibility and impact analysis.,,3,1,high,3,
Internal,Employee,HLK Tech Lab,Tech,System Owner,DevOPS,KiRBe Platform,KiRBe Security and Governance,Secrets and Token Vault Pattern,env_tech_dtp_277,process,,Centralized credential vault as API (Buttercup or equivalent). token rotation. API key management.,,2,1,high,3,
Internal,Employee,HLK Tech Lab,Tech,DevOPS,Back-End Developer,KiRBe Platform,KiRBe Security and Governance,KiRBe E2E Auth and RLS Testing Gate,env_tech_dtp_278,process,,Security regression testing for Row Level Security. auth flow validation. tenant isolation verification.,,2,1,high,3,
Internal,Employee,HLK Tech Lab,Tech,DevOPS,DevOPS,KiRBe Platform,KiRBe Audit Logging and Security Monitoring,Security Incident Signal from Permission-Denied Audit,env_tech_dtp_279,task,,Detect potential security incidents from permission-denied patterns in audit logs.,,2,1,high,3,
Internal,Employee,Holistika,Research,Holistik Researcher,Holistik Researcher,Holistika Research and Methodology,Holistika Methodology Pillars,Process Engineering (Ingenieria de Procesos),hol_resea_dtp_280,process,,Pillar 1 of Holistika methodology: firm-specific process design vs PMI/Agile-only. Custom process frameworks.,,2,1,high,3,
Internal,Employee,Holistika,Research,Holistik Researcher,Holistik Researcher,Holistika Research and Methodology,Holistika Methodology Pillars,Business Engineering (Ingenieria de Negocios),hol_resea_dtp_281,process,,Pillar 2: business-side process design for adaptation. Strategic alignment of business operations.,,2,1,high,3,
Internal,Employee,Holistika,Research,Holistik Researcher,Holistik Researcher,Holistika Research and Methodology,Holistika Methodology Pillars,Factor Combination (Process + Business Alignment),hol_resea_dtp_282,process,,Pillar 3: holistic merge of process and business engineering for integrated operational intelligence.,,2,1,high,3,
Internal,Employee,Holistika,Research,Holistik Researcher,Holistik Researcher,Holistika Research and Methodology,Holistika Methodology Pillars,Foresight (Variable Scenario Analysis),hol_resea_dtp_283,process,,Pillar 4: analyze drivers. change variables. predict effects. Scenario-based strategic planning and risk anticipation.,,2,1,high,3,
Internal,Employee,Holistika,People,People,Talent,Holistika People and Organisational Development,Talent Development,Employee Onboarding Kit,hol_peopl_dtp_284,process,,Structured onboarding package: facts. recommendations. role-specific documentation. per Conceptos y descripciones organigrama.,,2,1,medium,3,
Internal,Employee,HLK Tech Lab,Tech,Tech Lead,DevOPS,Holistika People and Organisational Development,Talent Development,MADEIRA/KiRBe Developer Onboarding,env_tech_dtp_285,task,,Developer onboarding guide for MADEIRA and KiRBe codebases. environment setup. local development workflow.,,2,1,medium,3,
Internal,Employee,Holistika,People,People,CPO,Holistika People and Organisational Development,Holistika People and Organisational Development,Training and Capability Frameworks,hol_peopl_dtp_286,workstream,,Training frameworks and capability database. professional and personal development. teaching design for internal education.,,2,1,medium,3,
Internal,Employee,Think Big,MKT,Growth Manager,Social Media Manager,Think Big Channel and Marketing Operations,Customer Experience,ITIL-Aligned Customer Support on Social Channels,thi_mkt_dtp_287,process,,Sensitive channel handling using ITIL-style practices. incident escalation. SLA-aware response management.,,3,1,medium,3,
Internal,Employee,Think Big,Operations,Operations,PMO,Think Big Operational Excellence,Think Big Operational Excellence,LEADS WEB Centralization and BD Routing,thi_opera_dtp_288,process,,Filter by lead type. post to department tables. BD transform to account manager assignment.,,3,1,medium,3,
Internal,Employee,Think Big,Operations,Operations,PMO,Think Big Operational Excellence,LEADS WEB Centralization and BD Routing,End-to-End Marketing Lead Flow,thi_opera_dtp_289,workstream,,Full funnel: campaign to Supabase to Calendly to assignment. optional AI enrichment.,,3,1,medium,3,
Internal,Employee,Think Big,MKT,Growth Manager,Social Media Manager,Think Big Channel and Marketing Operations,Channels,Multi-Channel Paid Media Campaign Replication,thi_mkt_dtp_290,process,,Replicate Facebook campaign structure to other channels (LinkedIn. Instagram. SEM).,,3,1,medium,3,
Internal,Employee,Think Big,MKT,Brand Manager,Growth Manager,Think Big Channel and Marketing Operations,Go-To-Market Strategy,Editorial Calendar Coherence (Cross-Channel),thi_mkt_dtp_291,process,,Maintain consistency across channel-specific editorial calendars. content pillars. and publishing cadence.,,3,1,medium,3,
Internal,Employee,HLK Tech Lab,Tech,System Owner,Tech Lead,HLK Infrastructure and DevOPS,HLK Infrastructure and DevOPS,Codebase Catalog and Access Unification,env_tech_dtp_292,process,,Catalog all codebases. unify access across environments (Replit/Collab/Cursor). document function explanations.,,2,1,medium,3,
Internal,Employee,HLK Tech Lab,Tech,DevOPS,Back-End Developer,HLK Infrastructure and DevOPS,HLK Infrastructure and DevOPS,Postman as Internal API Catalog and Composite API,env_tech_dtp_293,process,,Library of API calls as meta-API pattern. composite endpoint documentation and testing.,,2,1,medium,3,
Internal,Employee,HLK Tech Lab,Tech,CTO,System Owner,HLK Infrastructure and DevOPS,Platform Architecture Lifecycle,Shopify App Store Compliance Checklist,env_tech_dtp_294,process,,OAuth scopes. no checkout bypass. GDPR deletion. listing requirements. App Store review cycle management.,,2,1,high,3,
Internal,Employee,HLK Tech Lab,Tech,DevOPS,DevOPS,HLK Infrastructure and DevOPS,Platform Architecture Lifecycle,CI/CD and Shopify App Deploy Release Path,env_tech_dtp_295,process,,PR to staging. tag to production. CLI extension deploy. environment matrix management.,,2,1,high,3,
Internal,Employee,HLK Tech Lab,Tech,Front-End Developer,Back-End Developer,HLK Infrastructure and DevOPS,Platform Architecture Lifecycle,Theme App Extension Deployment,env_tech_dtp_296,process,,Storefront injection with AJAX Cart API hooks. lazy-load performance rules. drawer/bundle/sticky cart components.,,2,1,medium,3,
Internal,Employee,HLK Tech Lab,Tech,System Owner,Back-End Developer,HLK Infrastructure and DevOPS,Platform Architecture Lifecycle,Shopify Billing API and Stripe Integration,env_tech_dtp_297,process,,Merchant charges via Shopify Billing. Stripe for internal tracking. revenue split automation.,,2,1,medium,3,
Internal,Employee,HLK Tech Lab,Tech,Front-End Developer,Front-End Developer,HLK Infrastructure and DevOPS,Platform Architecture Lifecycle,Storefront Performance Budget Enforcement,env_tech_dtp_298,task,,Under 200ms add-on load time. Lighthouse CI regression gate (max 2-point drop). JavaScript budget.,,2,1,high,3,
Internal,Employee,HLK Tech Lab,Tech,Tech Lead,DevOPS,HLK Infrastructure and DevOPS,Platform Architecture Lifecycle,Lighthouse CI Regression Gate,env_tech_dtp_299,task,,Automated Lighthouse scoring in CI. threshold enforcement. regression alerting before deploy.,,2,1,high,3,
Internal,Employee,Holistika,Operations,PMO,Product Owner,Holistika Process Governance Framework,Think Big Operational Excellence,Benchmark UX Review Cycle,hol_opera_dtp_300,process,,Recurring competitor benchmark sessions. structured gap register. IEU scoring. remediation wave planning.,,3,1,high,3,
Internal,Employee,Think Big,Finance,CFO,Business Controller,Think Big Finance Architecture,Revenue Operations,Revenue Share Automation (Partnerships),thi_finan_dtp_301,process,,Automate agreed revenue-split visibility via Postgres + Stripe dashboards. reduce dispute risk.,,3,1,medium,3,
Internal,Employee,Holistika,Research,Holistik Researcher,Holistik Researcher,Holistika Research and Methodology,Deep Research,Deep Research Methodology,hol_resea_dtp_302,process,,Structured multi-source deep research: hypothesis generation. multi-step reasoning. source attribution. confidence scoring. contradicting evidence handling.,,2,1,high,3,
Internal,Employee,Holistika,Research,Holistik Researcher,Holistik Researcher,Holistika Research and Methodology,Deep Research Methodology,Intelligence Assessment Cycle,hol_resea_dtp_303,process,,Periodic review of intelligence holdings. freshness evaluation. retirement of stale facts. confidence recalibration.,,2,1,high,3,
Internal,Employee,HLK Tech Lab,Tech,Data Architect,Data Engineer,KiRBe Platform,KiRBe Multi-Source Connector Setup,KiRBe Text Splitter (Sentence),SOP-KIRBE_TEXTSPLITTER_SENTENCE_001,task,,Sentence-level text splitting for ingestion pipeline. Governs chunk boundary logic.,,SOP,3,1,high,3
Internal,Employee,HLK Tech Lab,Tech,Data Architect,Data Engineer,KiRBe Platform,KiRBe Multi-Source Connector Setup,KiRBe Semantic Node Parser,SOP-KIRBE_NODEPARSER_SEMANTIC_001,task,,Semantic chunking node parser for ingestion. Splits by meaning boundaries.,,SOP,3,1,high,3
Internal,Employee,HLK Tech Lab,Tech,Data Architect,Data Engineer,KiRBe Platform,KiRBe Multi-Source Connector Setup,KiRBe Node Management,SOP-KIRBE_NODE_MANAGEMENT_001,process,,Node lifecycle management: postprocessors. parsers. splitters. Per SOP-KIRBE_NODE_MANAGEMENT_001-v1.,,SOP,3,1,high,3
Internal,Employee,HLK Tech Lab,Tech,Data Architect,Data Engineer,KiRBe Platform,KiRBe Node Management,KiRBe Custom Filter Postprocessor,SOP-KIRBE_NODEPOSTPROCESSOR_CUSTOMFILTER_001,task,,Custom metadata-based node filtering after retrieval.,,SOP,3,1,high,3
Internal,Employee,HLK Tech Lab,Tech,Data Architect,Data Engineer,KiRBe Platform,KiRBe Node Management,KiRBe Entity Postprocessor,SOP-KIRBE_NODEPOSTPROCESSOR_ENTITY_001,task,,Entity-based node postprocessing for knowledge extraction.,,SOP,3,1,high,3
Internal,Employee,HLK Tech Lab,Tech,Data Architect,Data Engineer,KiRBe Platform,KiRBe Node Management,KiRBe Rerank Postprocessor,SOP-KIRBE_NODEPOSTPROCESSOR_RERANK_001,task,,Reranking postprocessor for retrieval quality improvement.,,SOP,3,1,high,3
Internal,Employee,HLK Tech Lab,Tech,Data Architect,Data Engineer,KiRBe Platform,KiRBe Node Management,KiRBe Keyword Postprocessor,SOP-KIRBE_NODEPOSTPROCESSOR_KEYWORD_001,task,,Keyword-based node filtering and boosting after retrieval.,,SOP,3,1,high,3
Internal,Employee,HLK Tech Lab,Tech,CTO,System Owner,KiRBe Platform,KiRBe Platform,KiRBe LLM Management,SOP-KIRBE_LLM_MANAGEMENT_001,process,,LLM provider management. model selection. fallback chains. cost optimization for KiRBe.,,SOP,3,1,high,3
Internal,Employee,HLK Tech Lab,Tech,DevOPS,DevOPS,KiRBe Platform,KiRBe Platform,KiRBe Traceability and Observability,SOP-KIRBE_TRACEABILITY_OBSERVABILITY_001,process,,End-to-end traceability. logging. monitoring. and observability for KiRBe platform.,,SOP,3,1,high,3
Internal,Employee,HLK Tech Lab,Tech,Data Architect,Data Engineer,HLK Data Governance,HLK Data Governance,KiRBe GraphDB Neo4j v2,SOP-KIRBE_GRAPHDB_NEO4J_002,process,,Second-generation Neo4j graph database procedures for KiRBe. Extends SOP-GRAPHDB_NEO4J_001.,,SOP,3,1,high,3
Internal,Employee,HLK Tech Lab,Tech,DevOPS,Back-End Developer,KiRBe Platform,KiRBe Platform,KiRBe Analytics Readiness,SOP-KIRBE_ANALYTICS_READINESS,process,,Analytics pipeline readiness and dashboard preparation for KiRBe usage data.,,SOP,2,1,medium,3
Internal,Employee,HLK Tech Lab,Tech,Tech Lead,Back-End Developer,MADEIRA Platform,MADEIRA Platform,FlowMaker MADEIRA Architecture,SOP-FLOWMAKER_MADEIRA_ARCHITECTURE_001,process,,MADEIRA system architecture definition. component topology. service boundaries. Per FlowMaker v6.0.,,SOP,2,1,high,3
Internal,Employee,Holistika,People,People,Compliance,MADEIRA Platform,MADEIRA Platform,FlowMaker Compliance Automation,SOP-FLOWMAKER_COMPLIANCE_AUTOMATION_003,process,,Automated compliance checking and policy enforcement workflows. Per FlowMaker v5.0.,,SOP,2,1,high,3
Internal,Employee,Holistika,Research,Holistik Researcher,Holistik Researcher,MADEIRA Platform,MADEIRA Platform,FlowMaker Research Pipeline,SOP-FLOWMAKER_RESEARCH_PIPELINE_002,process,,Structured research pipeline automation: hypothesis to analysis to output. Per FlowMaker v6.0.,,SOP,2,1,high,3
Internal,Employee,HLK Tech Lab,Data,Data Architect,Data Engineer,HLK Data Governance,Data Management,Macroeconomic ETL Ingestion,SOP-ETL_MACROECON_INGESTION_001,process,,Macroeconomic data acquisition ETL pipeline. Database Operations workstream. Confidence: Safe. Security: 3.,,SOP,3,1,high,3
Internal,Employee,HLK Tech Lab,Tech,System Owner,Back-End Developer,MADEIRA Platform,MADEIRA Platform,Gemini FastAPI Service,SOP-GEMINI_FASTAPI_SERVICE_001,process,,Gemini-powered FastAPI service operation. AI Services and API Development. Confidence: Safe. Security: 3.,,SOP,3,1,high,3
Internal,Employee,HLK Tech Lab,Tech,System Owner,DevOPS,KiRBe Security and Governance,KiRBe Security and Governance,Dynamic Document Redaction,SOP-DYNAMIC_DOCUMENT_REDACTION_001,process,,Role-based dynamic redaction of sensitive SOP content. Security: 4 (Highly Restricted).,,SOP,3,1,high,3
Internal,Employee,HLK Tech Lab,Tech,CTO,System Owner,HLK Infrastructure and DevOPS,HLK Infrastructure and DevOPS,MCP Server Definition and Governance,SOP-MCP_SERVER_DEFINITION,process,,Model Context Protocol server definition. configuration governance. and tool registration.,,SOP,2,1,high,3
Internal,Employee,HLK Tech Lab,Tech,CTO,System Owner,HLK Infrastructure and DevOPS,HLK Infrastructure and DevOPS,Envoy Tech Lab Architecture Refactor,SOP-ENVOYLAB_REFACTOR_ARCHITECTURE_001,process,,Architecture refactoring for Envoy Tech Lab platforms. Web Design and Development scope.,,SOP,2,1,high,3
Internal,Employee,HLK Tech Lab,Tech,CTO,System Owner,HLK Infrastructure and DevOPS,HLK Infrastructure and DevOPS,AI Studio Showcase Enhancement,SOP-AI_STUDIO_SHOWCASE_ENHANCEMENT,process,,Enhancement and showcase procedures for AI Studio capabilities.,,SOP,2,1,medium,3
Internal,Employee,HLK Tech Lab,Tech,CTO,System Owner,HLK Infrastructure and DevOPS,HLK Infrastructure and DevOPS,MADEIRA Envoy Tech Showcase,SOP-MADEIRA_ENVOYTECH_SHOWCASE_002,process,,MADEIRA platform showcase procedures for Envoy Tech Lab demonstrations.,,SOP,2,1,medium,3
Internal,Employee,HLK Tech Lab,Tech,CTO,System Owner,HLK Infrastructure and DevOPS,HLK Infrastructure and DevOPS,KiRBe Envoy Tech Showcase,SOP-KIRBE_ENVOYTECH_SHOWCASE_003,process,,KiRBe platform showcase procedures for Envoy Tech Lab demonstrations.,,SOP,2,1,medium,3
Internal,Employee,HLK Tech Lab,Tech,CTO,System Owner,HLK Infrastructure and DevOPS,HLK Infrastructure and DevOPS,MADEIRA HLK ERP Showcase,SOP-MADEIRA_HLK_ERP_SHOWCASE_004,process,,MADEIRA integration showcase for HLK ERP platform.,,SOP,2,1,medium,3
Internal,Employee,Holistika,Research,Holistik Researcher,OSINT Analyst,Holistika Research and Methodology,Holistika Research and Methodology,OSINT Operations,hol_resea_ws_6,workstream,,Open-source intelligence operations: web scraping. social media monitoring. publication tracking. Aligned with OSINT source category.,,,,1,high,3
Internal,Employee,Holistika,Research,Holistik Researcher,HUMINT Specialist,Holistika Research and Methodology,HUMINT Techniques,Stakeholder Interview Protocol,hol_resea_dtp_310,process,,Structured interview methodology for internal and external stakeholders. Includes preparation. execution. and debrief phases.,,2,1,high,3
Internal,Employee,Holistika,Research,Holistik Researcher,HUMINT Specialist,Holistika Research and Methodology,HUMINT Techniques,Field Observation,hol_resea_dtp_311,process,,Ethnographic observation techniques for user research. in-situ behavior analysis. and contextual inquiry.,,2,1,medium,3
Internal,Employee,Holistika,Research,Holistik Researcher,Intelligence Analyst,Holistika Research and Methodology,Intelligence Matrix Operations,Source Credibility Assessment,hol_resea_dtp_312,process,,Score intel_source_public_credibility and intel_source_holistika_credibility per source_taxonomy.md. Compare source against category average.,,2,1,high,3
Internal,Employee,Holistika,Research,Holistik Researcher,Intelligence Analyst,Holistika Research and Methodology,Intelligence Matrix Operations,Fact Table Entry,hol_resea_dtp_313,process,,Create a new fact_table row with all required fields: fact_id. category. lob. focus_group. description. source. credibility. impact. dates.,,2,1,high,3
Internal,Employee,Holistika,Research,Holistik Researcher,Intelligence Analyst,Holistika Research and Methodology,Intelligence Matrix Operations,Temporal Impact Analysis,hol_resea_dtp_314,process,,Predict date_of_effect. peak_effect_date. and predicted_date_of_vanish_from_baseline per the fact table schema.,,2,1,high,3
Internal,Employee,Holistika,Research,Holistik Researcher,Lead Researcher,Holistika Research and Methodology,Research Techniques,PESTEL Analysis,hol_resea_dtp_315,process,,Full PESTEL macro-environment analysis: Political. Economic. Social. Technological. Environmental. Legal dimensions.,,2,1,high,3
Internal,Employee,Holistika,Research,Holistik Researcher,Lead Researcher,Holistika Research and Methodology,Research Techniques,Competitive Benchmarking,hol_resea_dtp_316,process,,Structured competitor comparison: feature matrix. pricing analysis. positioning gaps. Distinct from Competitive Intelligence (which is the output).,,2,1,high,3
Internal,Employee,Holistika,Research,Holistik Researcher,Lead Researcher,Holistika Research and Methodology,Research Techniques,Literature Review,hol_resea_dtp_317,process,,Structured academic and professional source review. systematic collection. quality assessment. synthesis of findings.,,2,1,medium,3
Internal,Employee,Holistika,Research,Holistik Researcher,Lead Researcher,Holistika Research and Methodology,Research Techniques,Research Brief,hol_resea_dtp_318,process,,Produce a scoped research brief for a given question: define scope. identify sources. set methodology. estimate timeline.,,2,1,high,3
Internal,Employee,Holistika,Research,Holistik Researcher,Holistik Researcher,Holistika Research and Methodology,Deep Research,Multi-Source Synthesis,hol_resea_dtp_319,process,,Combine OSINT + HUMINT + CORPINT sources into a single coherent assessment. reconcile different source types and credibility levels.,,2,1,high,3
Internal,Employee,Holistika,Research,Holistik Researcher,Holistik Researcher,Holistika Research and Methodology,Deep Research,Contradiction Resolution,hol_resea_dtp_320,process,,Handle conflicting evidence between sources with different credibility levels. document the conflict. weigh evidence. produce a justified conclusion.,,2,1,high,3
Internal,Employee,Holistika,Research,Holistik Researcher,Holistik Researcher,Holistika Research and Methodology,Deep Research,Research Output Packaging,hol_resea_dtp_321,process,,Produce the final deliverable from a research cycle: report. brief. fact entry. SOP input. or intelligence assessment.,,2,1,high,3
Internal,Employee,Holistika,Research,Holistik Researcher,OSINT Analyst,Holistika Research and Methodology,OSINT Operations,Web Intelligence Gathering,hol_resea_dtp_322,process,,Structured web scraping. search. and monitoring for intelligence collection. Source attribution per OSINT taxonomy.,,2,1,high,3
Internal,Employee,Holistika,Research,Holistik Researcher,OSINT Analyst,Holistika Research and Methodology,OSINT Operations,Social Media Intelligence,hol_resea_dtp_323,process,,Monitoring and analysis of social channels for intelligence signals. sentiment tracking. and trend identification.,,2,1,medium,3
Internal,Employee,Holistika,Research,Holistik Researcher,OSINT Analyst,Holistika Research and Methodology,OSINT Operations,Publication Monitoring,hol_resea_dtp_324,process,,Track academic. professional. and regulatory publications for relevant intelligence and emerging trends.,,2,1,medium,3
Internal,Employee,Think Big,Legal,Legal Counsel,Legal Counsel,Think Big Legal Compliance,Think Big Legal Compliance,Founder Entity and IP Governance,thi_legal_ws_2,workstream,,Legal workstream for founder-led entity formation. incorporation route choice. and trademark governance.,,,3,1,high,3
Internal,Employee,Think Big,Legal,Legal Counsel,Legal Counsel,Think Big Legal Compliance,Founder Entity and IP Governance,Founder Entity Formation Readiness,thi_legal_dtp_302,process,,Pre-incorporation legal-readiness process for founder-led entities. Covers entity intent. route selection. and pre-signature review.,,SOP,2,1,high,3
Internal,Employee,Think Big,Legal,Legal Counsel,Legal Counsel,Think Big Legal Compliance,Founder Entity and IP Governance,Trademark and Naming Governance,thi_legal_dtp_303,process,,Naming and trademark governance process covering asset classification. territory and classes. clearance. and official fee validation.,,SOP,2,1,high,3
Internal,Employee,Think Big,Finance,CFO,Business Controller,Think Big Finance Architecture,Think Big Finance Architecture,Founder Capital Governance,thi_finan_ws_3,workstream,,Finance workstream for founder capitalization. founder-to-company funding treatment. and early-stage runway governance.,,,3,1,high,3
Internal,Employee,Think Big,Finance,CFO,Business Controller,Think Big Finance Architecture,Founder Capital Governance,Founder-to-Company Funding Path,thi_finan_dtp_302,process,,Controlled path for capital contribution. shareholder loan. reimbursement. and related founder funding evidence.,,SOP,2,1,high,3
Internal,Employee,Holistika,People,People,Compliance,Holistika People and Organisational Development,Holistika People and Organisational Development,Startup Certification Governance,hol_peopl_ws_4,workstream,,Compliance workstream for startup certification readiness. evidence control. and change management.,,,3,1,high,3
Internal,Employee,Holistika,People,People,Compliance,Holistika People and Organisational Development,Startup Certification Governance,ENISA Readiness and Evidence Pack,hol_peopl_dtp_302,process,,Controlled readiness process for ENISA startup certification. Covers eligibility. innovation proof. scalability proof. and governance evidence.,,SOP,2,1,high,3
