canonical_id,name,owning_area,owning_role,file_path,artifact_type,supabase_schema,mirror_table,view_name,panel_slot,classification,confidentiality,last_review,validator,status,notes
brand_vision,Brand Vision,Marketing,Brand,docs/references/hlk/v3.0/Admin/O5-1/Marketing/Brand/canonicals/BRAND_VISION.md,md,marketing_brand,,,,way_of_working;selling_point,partner,2026-05-12,validate_brand_vision_drift.py,active,Phase 4.5 wave 1 federates Brand canonicals (pilot test).
brand_architecture,Brand Architecture,Marketing,Brand,docs/references/hlk/v3.0/Admin/O5-1/Marketing/Brand/canonicals/BRAND_ARCHITECTURE.md,md,marketing_brand,,,,way_of_working,partner,2026-05-12,validate_brand_canon_drift.py,active,Phase 4.5 wave 1 federates Brand canonicals (pilot test).
brand_voice_foundation,Brand Voice Foundation,Marketing,Brand,docs/references/hlk/v3.0/Admin/O5-1/Marketing/Brand/canonicals/BRAND_VOICE_FOUNDATION.md,md,marketing_brand,,,,way_of_working,partner,2026-05-12,validate_brand_voice_register.py,active,Phase 4.5 wave 1 federates Brand canonicals (pilot test).
brand_register_matrix,Brand Register Matrix,Marketing,Brand,docs/references/hlk/v3.0/Admin/O5-1/Marketing/Brand/canonicals/BRAND_REGISTER_MATRIX.md,md,marketing_brand,,,,way_of_working,partner,2026-05-12,validate_brand_voice_register.py,active,Phase 4.5 wave 1 federates Brand canonicals (pilot test).
brand_french_patterns,Brand French Patterns,Marketing,Brand,docs/references/hlk/v3.0/Admin/O5-1/Marketing/Brand/canonicals/BRAND_FRENCH_PATTERNS.md,md,marketing_brand,,,,way_of_working,partner,2026-05-12,validate_brand_voice_register.py,active,Phase 4.5 wave 1 federates Brand canonicals (pilot test).
brand_spanish_patterns,Brand Spanish Patterns,Marketing,Brand,docs/references/hlk/v3.0/Admin/O5-1/Marketing/Brand/canonicals/BRAND_SPANISH_PATTERNS.md,md,marketing_brand,,,,way_of_working,partner,2026-05-12,validate_brand_voice_register.py,active,Phase 4.5 wave 1 federates Brand canonicals (pilot test).
brand_english_patterns,Brand English Patterns,Marketing,Brand,docs/references/hlk/v3.0/Admin/O5-1/Marketing/Brand/canonicals/BRAND_ENGLISH_PATTERNS.md,md,marketing_brand,,,,way_of_working,partner,2026-05-14,validate_brand_voice_register.py,active,I71 P1 Pack A1: EN locale canonical mirroring FR/ES patterns (per-region register matrix + MBA-deck jargon refuse-list + performative-EN + LLM-tone-tells alignment).
brand_llm_tone_tells,Brand LLM Tone Tells,Marketing,Brand,docs/references/hlk/v3.0/Admin/O5-1/Marketing/Brand/canonicals/BRAND_LLM_TONE_TELLS.md,md,marketing_brand,,,,way_of_working,partner,2026-05-14,validate_brand_voice_register.py,active,I71 P1 Pack A1 Layer 8: anti-LLM-tone EN-corporate catalog (strict-day-1 per C-71-8 operator override; complementary to BRAND_COPYWRITING_DISCIPLINE §2 structural tics).
brand_localised_formats,Brand Localised Formats (per-locale number/currency/date),Marketing,Brand,docs/references/hlk/v3.0/Admin/O5-1/Marketing/Brand/canonicals/BRAND_LOCALISED_FORMATS.md,md,marketing_brand,,,,way_of_working,partner,2026-05-14,validate_brand_gantt_confidence.py,active,I71 P2 Addition 11: per-locale number (1234.56 → en 1,234.56 / fr 1 234,56 / es 1.234,56) + currency (EUR symbol position) + date (ISO 8601 + per-locale natural-long/short) format discipline; chassis surfaces NumberFormatRule/CurrencyFormatRule/DateFormatRule; co-located in Pack A2 walker per design-time pick.
brand_validators_readme,Brand canonicals/_validators/ index,Marketing,Brand,docs/references/hlk/v3.0/Admin/O5-1/Marketing/Brand/canonicals/_validators/README.md,md,marketing_brand,,,,way_of_working,partner,2026-05-14,validate_brand_voice_register.py,active,I71 P1 Pack A1: brand-wide _validators/ folder index for operator-editable YAML rule packs (register-pack.yml).
brand_visual_patterns,Brand Visual Patterns,Marketing,Brand,docs/references/hlk/v3.0/Admin/O5-1/Marketing/Brand/canonicals/BRAND_VISUAL_PATTERNS.md,md,marketing_brand,,,,way_of_working,partner,2026-05-12,validate_brand_canon_drift.py,active,Phase 4.5 wave 1 federates Brand canonicals (pilot test).
brand_logo_system,Brand Logo System,Marketing,Brand,docs/references/hlk/v3.0/Admin/O5-1/Marketing/Brand/canonicals/BRAND_LOGO_SYSTEM.md,md,marketing_brand,,,,way_of_working,partner,2026-05-12,validate_brand_canon_drift.py,active,Phase 4.5 wave 1 federates Brand canonicals (pilot test).
brand_cobranding_pattern,Brand Cobranding Pattern,Marketing,Brand,docs/references/hlk/v3.0/Admin/O5-1/Marketing/Brand/canonicals/BRAND_COBRANDING_PATTERN.md,md,marketing_brand,,,,way_of_working,partner,2026-05-12,validate_brand_canon_drift.py,active,Phase 4.5 wave 1 federates Brand canonicals (pilot test).
brand_jargon_audit,Brand Jargon Audit,Marketing,Brand,docs/references/hlk/v3.0/Admin/O5-1/Marketing/Brand/canonicals/BRAND_JARGON_AUDIT.md,md,marketing_brand,,,,way_of_working,partner,2026-05-12,validate_brand_jargon.py,active,Phase 4.5 wave 1 federates Brand canonicals (pilot test).
brand_baseline_reality_matrix,Brand Baseline Reality Matrix,Marketing,Brand,docs/references/hlk/v3.0/Admin/O5-1/Marketing/Brand/canonicals/BRAND_BASELINE_REALITY_MATRIX.md,md,marketing_brand,,,,way_of_working,partner,2026-05-12,validate_brand_baseline_reality_drift.py,active,Phase 4.5 wave 1 federates Brand canonicals (pilot test).
brand_abbreviations,Brand Abbreviations,Marketing,Brand,docs/references/hlk/v3.0/Admin/O5-1/Marketing/Brand/canonicals/BRAND_ABBREVIATIONS.md,md,marketing_brand,,,,way_of_working,partner,2026-05-12,validate_brand_jargon.py,active,Phase 4.5 wave 1 federates Brand canonicals (pilot test).
brand_do_dont,Brand Do/Don't,Marketing,Brand,docs/references/hlk/v3.0/Admin/O5-1/Marketing/Brand/canonicals/BRAND_DO_DONT.md,md,marketing_brand,,,,way_of_working,partner,2026-05-12,,active,Phase 4.5 wave 1 federates Brand canonicals (pilot test).
brand_template_registry,Brand Template Registry,Marketing,Brand,docs/references/hlk/v3.0/Admin/O5-1/Marketing/Brand/canonicals/BRAND_TEMPLATE_REGISTRY.md,md,marketing_brand,,,,way_of_working,partner,2026-05-12,validate_dossier_companion_drift.py,active,Phase 4.5 wave 1 federates Brand canonicals (pilot test).
sop_brand_template_registry_mtnce_001,SOP Brand Template Registry Maintenance 001,Marketing,Brand,docs/references/hlk/v3.0/Admin/O5-1/Marketing/Brand/canonicals/SOP-BRAND_TEMPLATE_REGISTRY_MTNCE_001.md,sop,marketing_brand,,,,way_of_working,partner,2026-05-12,,active,Phase 4.5 wave 1 federates Brand canonicals (pilot test).
sop_brand_voice_drift_triage_001,SOP Brand Voice Drift Triage 001,Marketing,Brand,docs/references/hlk/v3.0/Admin/O5-1/Marketing/Brand/canonicals/SOP-BRAND_VOICE_DRIFT_TRIAGE_001.md,sop,marketing_brand,,,,way_of_working,partner,2026-05-12,validate_brand_voice_register.py,active,Phase 4.5 wave 1 federates Brand canonicals (pilot test).
service_offering_catalog,Service Offering Catalog,Marketing,Brand,docs/references/hlk/v3.0/Admin/O5-1/Marketing/Brand/canonicals/SERVICE_OFFERING_CATALOG.md,md,marketing_brand,,,,way_of_working;selling_point,partner,2026-05-12,,active,Phase 4.5 wave 1 federates Brand canonicals (pilot test).
precedence,Precedence Ledger,People,Compliance,docs/references/hlk/v3.0/Admin/O5-1/People/Compliance/canonicals/PRECEDENCE.md,md,people_compliance,,,,way_of_working;fact,internal,2026-05-12,validate_hlk.py,active,Phase 4.5 wave 2 promotes compliance master + dimensions to People/Compliance/canonicals/ (L6 CPO master home).
access_levels,Access Levels,People,Compliance,docs/references/hlk/v3.0/Admin/O5-1/People/Compliance/canonicals/access_levels.md,md,people_compliance,,,,way_of_working,internal,2026-05-12,,active,Phase 4.5 wave 2 promotes compliance master + dimensions to People/Compliance/canonicals/ (L6 CPO master home).
confidence_levels,Confidence Levels,People,Compliance,docs/references/hlk/v3.0/Admin/O5-1/People/Compliance/canonicals/confidence_levels.md,md,people_compliance,,,,way_of_working,internal,2026-05-12,,active,Phase 4.5 wave 2 promotes compliance master + dimensions to People/Compliance/canonicals/ (L6 CPO master home).
source_taxonomy,Source Taxonomy,People,Compliance,docs/references/hlk/v3.0/Admin/O5-1/People/Compliance/canonicals/source_taxonomy.md,md,people_compliance,,,,way_of_working,internal,2026-05-12,,active,Phase 4.5 wave 2 promotes compliance master + dimensions to People/Compliance/canonicals/ (L6 CPO master home).
hlk_km_topic_fact_source,HLK KM Topic-Fact-Source,People,Compliance,docs/references/hlk/v3.0/Admin/O5-1/People/Compliance/canonicals/HLK_KM_TOPIC_FACT_SOURCE.md,md,people_compliance,,,,way_of_working;fact,internal,2026-05-12,validate_hlk.py,active,Phase 4.5 wave 2 promotes compliance master + dimensions to People/Compliance/canonicals/ (L6 CPO master home).
sop_meta_process_mgmt_001,SOP Meta Process Management 001,People,Compliance,docs/references/hlk/v3.0/Admin/O5-1/People/Compliance/canonicals/SOP-META_PROCESS_MGMT_001.md,sop,people_compliance,,,,way_of_working,internal,2026-05-12,validate_hlk.py,active,Phase 4.5 wave 2 promotes compliance master + dimensions to People/Compliance/canonicals/ (L6 CPO master home).
readme_compliance,Compliance README,People,Compliance,docs/references/hlk/v3.0/Admin/O5-1/People/Compliance/canonicals/README.md,md,people_compliance,,,,way_of_working,internal,2026-05-12,,active,Phase 4.5 wave 2 promotes compliance master + dimensions to People/Compliance/canonicals/ (L6 CPO master home).
decision_register,Decision Register,People,Compliance,docs/references/hlk/v3.0/Admin/O5-1/People/Compliance/canonicals/DECISION_REGISTER.csv,csv,people_compliance,compliance.decision_register_mirror,,,fact,confidential,2026-05-12,validate_decision_register.py,active,Phase 4.5 wave 2 promotes compliance master + dimensions to People/Compliance/canonicals/ (L6 CPO master home).
initiative_registry,Initiative Registry,People,Compliance,docs/references/hlk/v3.0/Admin/O5-1/People/Compliance/canonicals/INITIATIVE_REGISTRY.csv,csv,people_compliance,compliance.initiative_registry_mirror,,,fact,confidential,2026-05-17,validate_hlk.py,active,Phase 4.5 wave 2 promotes compliance master + dimensions to People/Compliance/canonicals/ (L6 CPO master home). I86 P2 (D-IH-86-J) promotes program_anchors to a first-class semicolon-list FK column (PROGRAM_REGISTRY.csv); Stage A notes-prefix surface deprecated with one-cycle --legacy-notes-parser window.
ops_register,OPS Register,People,Compliance,docs/references/hlk/v3.0/Admin/O5-1/People/Compliance/canonicals/OPS_REGISTER.csv,csv,people_compliance,compliance.ops_register_mirror,,,fact,confidential,2026-05-12,validate_hlk.py,active,Phase 4.5 wave 2 promotes compliance master + dimensions to People/Compliance/canonicals/ (L6 CPO master home).
baseline_organisation,Baseline Organisation,People,Compliance,docs/references/hlk/v3.0/Admin/O5-1/People/Compliance/canonicals/baseline_organisation.csv,csv,people_compliance,compliance.baseline_organisation_mirror,,,fact,confidential,2026-05-12,validate_hlk.py,active,Phase 4.5 wave 2 promotes compliance master + dimensions to People/Compliance/canonicals/ (L6 CPO master home).
process_list,Process List,People,Compliance,docs/references/hlk/v3.0/Admin/O5-1/People/Compliance/canonicals/process_list.csv,csv,people_compliance,compliance.process_list_mirror,,,fact,confidential,2026-05-12,validate_hlk.py,active,Phase 4.5 wave 2 promotes compliance master + dimensions to People/Compliance/canonicals/ (L6 CPO master home).
classification_lattice,Classification Lattice,People,Compliance,docs/references/hlk/v3.0/Admin/O5-1/People/Compliance/canonicals/dimensions/CLASSIFICATION_LATTICE.md,md,people_compliance,,,,way_of_working;fact,internal,2026-05-12,validate_hlk.py,active,Phase 4.5 wave 2 promotes compliance master + dimensions to People/Compliance/canonicals/ (L6 CPO master home).
goi_poi_register,GOI/POI Register,People,Compliance,docs/references/hlk/v3.0/Admin/O5-1/People/Compliance/canonicals/dimensions/GOI_POI_REGISTER.csv,csv,people_compliance,compliance.goipoi_register_mirror,,,fact,confidential,2026-05-12,validate_goipoi_register.py,active,Phase 4.5 wave 2 promotes compliance master + dimensions to People/Compliance/canonicals/ (L6 CPO master home).
repository_registry,Repository Registry,People,Compliance,docs/references/hlk/v3.0/Admin/O5-1/People/Compliance/canonicals/REPOSITORY_REGISTRY.csv,csv,people_compliance,compliance.repository_registry_mirror,,,fact,confidential,2026-05-12,,active,Phase 4.5 wave 2 promotes compliance master + dimensions to People/Compliance/canonicals/ (L6 CPO master home).
finops_counterparty_register,FINOPS Counterparty Register,People,Compliance,docs/references/hlk/v3.0/Admin/O5-1/People/Compliance/canonicals/finops/FINOPS_COUNTERPARTY_REGISTER.csv,csv,people_compliance,compliance.finops_counterparty_register_mirror,,,fact,confidential,2026-05-23,validate_hlk.py,active,I81 P2 T1 (D-IH-81-Q under D-IH-81-G umbrella, 2026-05-23) moved to finops/ subdirectory per I22 forward layout convention.
adviser_engagement_disciplines,Adviser Engagement Disciplines,People,Compliance,docs/references/hlk/v3.0/Admin/O5-1/People/Compliance/canonicals/advops/ADVISER_ENGAGEMENT_DISCIPLINES.csv,csv,people_compliance,compliance.adviser_engagement_disciplines_mirror,,,fact,confidential,2026-05-23,validate_adviser_disciplines.py,active,I81 P2 T2 (D-IH-81-R under D-IH-81-G umbrella; 2026-05-23) moved to advops/ subdirectory per I22 forward layout convention.
adviser_open_questions,Adviser Open Questions,People,Compliance,docs/references/hlk/v3.0/Admin/O5-1/People/Compliance/canonicals/advops/ADVISER_OPEN_QUESTIONS.csv,csv,people_compliance,compliance.adviser_open_questions_mirror,,,fact,confidential,2026-05-23,validate_adviser_questions.py,active,I81 P2 T2 (D-IH-81-R under D-IH-81-G umbrella; 2026-05-23) moved to advops/ subdirectory per I22 forward layout convention.
founder_filed_instruments,Founder Filed Instruments,People,Compliance,docs/references/hlk/v3.0/Admin/O5-1/People/Compliance/canonicals/advops/FILED_INSTRUMENTS.csv,csv,people_compliance,compliance.filed_instruments_mirror,,,fact,confidential,2026-05-23,validate_filed_instruments.py,active,I81 P2 T3 (D-IH-81-S 2026-05-23): moved + renamed canonicals/FOUNDER_FILED_INSTRUMENTS.csv -> canonicals/advops/FILED_INSTRUMENTS.csv; mirror table renamed; Pydantic + validator + paired-runbook renamed; deprecation aliases for one initiative cycle (removal at I81 P9). Registry-id 'founder_filed_instruments' retained for downstream stability.
component_service_matrix,Component Service Matrix,People,Compliance,docs/references/hlk/v3.0/Admin/O5-1/People/Compliance/canonicals/techops/COMPONENT_SERVICE_MATRIX.csv,csv,people_compliance,compliance.component_service_matrix_mirror,,,fact,confidential,2026-05-22,,active,I81 P2 Tranche T5 (D-IH-81-G-T5; 2026-05-22) relocates from canonicals root to techops/ plane per Initiative 22 forward layout. Deprecation alias supported in validators for one cycle. Previously: Phase 4.5 wave 2 promoted compliance master + dimensions to People/Compliance/canonicals/.
cycle_register,Cycle Register,People,Compliance,docs/references/hlk/v3.0/Admin/O5-1/People/Compliance/canonicals/CYCLE_REGISTER.csv,csv,people_compliance,compliance.cycle_register_mirror,,,fact,confidential,2026-05-12,validate_hlk.py,active,Phase 4.5 wave 2 promotes compliance master + dimensions to People/Compliance/canonicals/ (L6 CPO master home).
repo_health_snapshot,Repo Health Snapshot,People,Compliance,docs/references/hlk/v3.0/Admin/O5-1/People/Compliance/canonicals/REPO_HEALTH_SNAPSHOT.csv,csv,people_compliance,compliance.repo_health_snapshot_mirror,,,fact,confidential,2026-05-12,,active,Phase 4.5 wave 2 promotes compliance master + dimensions to People/Compliance/canonicals/ (L6 CPO master home).
touchpoint_kit_cell_registry,Touchpoint Kit Cell Registry,People,Compliance,docs/references/hlk/v3.0/Admin/O5-1/People/Compliance/canonicals/dimensions/TOUCHPOINT_KIT_CELL_REGISTRY.csv,csv,people_compliance,compliance.touchpoint_kit_cell_registry_mirror,,,fact,confidential,2026-05-12,,active,Phase 4.5 wave 2 promotes compliance master + dimensions to People/Compliance/canonicals/ (L6 CPO master home).
country_work_calendar,Country Work Calendar,People,Compliance,docs/references/hlk/v3.0/Admin/O5-1/People/Compliance/canonicals/dimensions/COUNTRY_WORK_CALENDAR.csv,csv,people_compliance,compliance.country_work_calendar_mirror,,,fact,confidential,2026-05-12,,active,Phase 4.5 wave 2 promotes compliance master + dimensions to People/Compliance/canonicals/ (L6 CPO master home).
policy_register,Policy Register,People,Compliance,docs/references/hlk/v3.0/Admin/O5-1/People/Compliance/canonicals/dimensions/POLICY_REGISTER.csv,csv,people_compliance,compliance.policy_register_mirror,,,fact,confidential,2026-05-12,validate_hlk.py,active,Phase 4.5 wave 2 promotes compliance master + dimensions to People/Compliance/canonicals/ (L6 CPO master home).
persona_scenario_registry,Persona Scenario Registry,People,Compliance,docs/references/hlk/v3.0/Admin/O5-1/People/Compliance/canonicals/dimensions/PERSONA_SCENARIO_REGISTRY.csv,csv,people_compliance,compliance.persona_scenario_registry_mirror,,,fact,confidential,2026-05-12,,active,Phase 4.5 wave 2 promotes compliance master + dimensions to People/Compliance/canonicals/ (L6 CPO master home).
topic_registry,Topic Registry,People,Compliance,docs/references/hlk/v3.0/Admin/O5-1/People/Compliance/canonicals/dimensions/TOPIC_REGISTRY.csv,csv,people_compliance,compliance.topic_registry_mirror,,,fact,confidential,2026-05-12,validate_hlk.py,active,Phase 4.5 wave 2 promotes compliance master + dimensions to People/Compliance/canonicals/ (L6 CPO master home).
skill_registry,Skill Registry,People,Compliance,docs/references/hlk/v3.0/Admin/O5-1/People/Compliance/canonicals/dimensions/SKILL_REGISTRY.csv,csv,people_compliance,compliance.skill_registry_mirror,,,fact,confidential,2026-05-12,,active,Phase 4.5 wave 2 promotes compliance master + dimensions to People/Compliance/canonicals/ (L6 CPO master home).
sourcing_register,Sourcing Register,People,Compliance,docs/references/hlk/v3.0/Admin/O5-1/People/Compliance/canonicals/dimensions/SOURCING_REGISTER.csv,csv,people_compliance,compliance.sourcing_register_mirror,,,fact,confidential,2026-05-12,,active,Phase 4.5 wave 2 promotes compliance master + dimensions to People/Compliance/canonicals/ (L6 CPO master home).
persona_registry,Persona Registry,People,Compliance,docs/references/hlk/v3.0/Admin/O5-1/People/Compliance/canonicals/dimensions/PERSONA_REGISTRY.csv,csv,people_compliance,compliance.persona_registry_mirror,,,fact,confidential,2026-05-12,,active,Phase 4.5 wave 2 promotes compliance master + dimensions to People/Compliance/canonicals/ (L6 CPO master home).
channel_touchpoint_registry,Channel Touchpoint Registry,People,Compliance,docs/references/hlk/v3.0/Admin/O5-1/People/Compliance/canonicals/dimensions/CHANNEL_TOUCHPOINT_REGISTRY.csv,csv,people_compliance,compliance.channel_touchpoint_registry_mirror,,,fact,confidential,2026-05-12,,active,Phase 4.5 wave 2 promotes compliance master + dimensions to People/Compliance/canonicals/ (L6 CPO master home).
poc_to_commercial_map,POC to Commercial Map,People,Compliance,docs/references/hlk/v3.0/Admin/O5-1/People/Compliance/canonicals/dimensions/POC_TO_COMMERCIAL_MAP.csv,csv,people_compliance,compliance.poc_to_commercial_map_mirror,,,fact,confidential,2026-05-12,,active,Phase 4.5 wave 2 promotes compliance master + dimensions to People/Compliance/canonicals/ (L6 CPO master home).
program_registry,Program Registry,People,Compliance,docs/references/hlk/v3.0/Admin/O5-1/People/Compliance/canonicals/dimensions/PROGRAM_REGISTRY.csv,csv,people_compliance,compliance.program_registry_mirror,,,fact,confidential,2026-05-12,validate_hlk.py,active,Phase 4.5 wave 2 promotes compliance master + dimensions to People/Compliance/canonicals/ (L6 CPO master home).
workspace_blueprint_holistika,Workspace Blueprint Holistika,Operations,PMO,docs/references/hlk/v3.0/Admin/O5-1/Operations/PMO/canonicals/WORKSPACE_BLUEPRINT_HOLISTIKA.md,md,operations_pmo,,,,way_of_working;selling_point,internal,2026-05-12,validate_hlk_vault_links.py,active,
km_channel_value_narrative,KM Channel Value Narrative,Operations,PMO,docs/references/hlk/v3.0/Admin/O5-1/Operations/PMO/canonicals/KM_CHANNEL_VALUE_NARRATIVE.md,md,operations_pmo,,,,selling_point,internal,2026-05-12,validate_brand_jargon.py,active,
topic_pmo_client_delivery_hub,Topic PMO Client Delivery Hub,Operations,PMO,docs/references/hlk/v3.0/Admin/O5-1/Operations/PMO/canonicals/TOPIC_PMO_CLIENT_DELIVERY_HUB.md,md,operations_pmo,,,,way_of_working,internal,2026-05-12,validate_hlk_vault_links.py,active,
sop_pmo_vault_promotion_gate_001,SOP PMO Vault Promotion Gate 001,Operations,PMO,docs/references/hlk/v3.0/Admin/O5-1/Operations/PMO/canonicals/SOP-PMO_VAULT_PROMOTION_GATE_001.md,sop,operations_pmo,,,,way_of_working,internal,2026-05-12,,active,
bootstrapping_plan,Bootstrapping Plan,Operations,PMO,docs/references/hlk/v3.0/Admin/O5-1/Operations/PMO/canonicals/business-strategy/BOOTSTRAPPING_PLAN.md,md,operations_pmo,,,,way_of_working,internal,2026-05-12,,active,
channel_strategy,Channel Strategy,Operations,PMO,docs/references/hlk/v3.0/Admin/O5-1/Operations/PMO/canonicals/business-strategy/CHANNEL_STRATEGY.md,md,operations_pmo,,,,way_of_working,internal,2026-05-12,,active,
market_thesis,Market Thesis,Operations,PMO,docs/references/hlk/v3.0/Admin/O5-1/Operations/PMO/canonicals/business-strategy/MARKET_THESIS.md,md,operations_pmo,,,,way_of_working;selling_point,internal,2026-05-12,,active,
strategy_decision_log,Strategy Decision Log,Operations,PMO,docs/references/hlk/v3.0/Admin/O5-1/Operations/PMO/canonicals/business-strategy/STRATEGY_DECISION_LOG.md,md,operations_pmo,,,,way_of_working,internal,2026-05-12,,active,
governance_moat,Governance Moat,Operations,PMO,docs/references/hlk/v3.0/Admin/O5-1/Operations/PMO/canonicals/business-strategy/GOVERNANCE_MOAT.md,md,operations_pmo,,,,way_of_working;selling_point,internal,2026-05-12,,active,
sop_eng_discovery_questionnaire_001,SOP Engagement Discovery Questionnaire 001,Operations,Engagement,docs/references/hlk/v3.0/Admin/O5-1/Operations/Engagement/canonicals/SOP-ENG_DISCOVERY_QUESTIONNAIRE_001.md,sop,operations_engagement,,,,way_of_working,internal,2026-05-12,,active,
sop_eng_estimation_discipline_001,SOP Engagement Estimation Discipline 001,Operations,Engagement,docs/references/hlk/v3.0/Admin/O5-1/Operations/Engagement/canonicals/SOP-ENG_ESTIMATION_DISCIPLINE_001.md,sop,operations_engagement,,,,way_of_working,internal,2026-05-12,,active,
sop_io_elicitation_discipline_001,SOP IO Elicitation Discipline 001,Research,Intelligence,docs/references/hlk/v3.0/Admin/O5-1/Research/Intelligence/canonicals/SOP-IO_ELICITATION_DISCIPLINE_001.md,sop,research_intelligence,,,,way_of_working,internal,2026-05-12,,active,Per D-IH-70-W: IntelligenceOps SOPs migrate under Research/Intelligence (P4.7 alignment).
sop_io_intelligence_report_001,SOP IO Intelligence Report 001,Research,Intelligence,docs/references/hlk/v3.0/Admin/O5-1/Research/Intelligence/canonicals/SOP-IO_INTELLIGENCE_REPORT_001.md,sop,research_intelligence,,,,way_of_working,internal,2026-05-12,,active,Per D-IH-70-W: IntelligenceOps SOPs migrate under Research/Intelligence (P4.7 alignment).
sop_hlk_goipoi_register_maintenance_001,SOP HLK GOI/POI Register Maintenance 001,People,Compliance,docs/references/hlk/v3.0/Admin/O5-1/People/Compliance/canonicals/SOP-HLK_GOIPOI_REGISTER_MAINTENANCE_001.md,sop,people_compliance,,,,way_of_working,internal,2026-05-12,validate_goipoi_register.py,active,
sop_hlk_transcript_redaction_001,SOP HLK Transcript Redaction 001,People,Compliance,docs/references/hlk/v3.0/Admin/O5-1/People/Compliance/canonicals/SOP-HLK_TRANSCRIPT_REDACTION_001.md,sop,people_compliance,,,,way_of_working,internal,2026-05-12,,active,
brand_hierarchy_and_trademark_scope_2026_04,Brand Hierarchy and Trademark Scope 2026-04,People,Legal,docs/references/hlk/v3.0/Admin/O5-1/People/Legal/canonicals/BRAND_HIERARCHY_AND_TRADEMARK_SCOPE_2026-04.md,md,people_legal,,,,way_of_working;fact,confidential,2026-05-12,,active,
founder_entity_formation_decision_memo_2026_04,Founder Entity Formation Decision Memo 2026-04,People,Legal,docs/references/hlk/v3.0/Admin/O5-1/People/Legal/canonicals/FOUNDER_ENTITY_FORMATION_DECISION_MEMO_2026-04.md,md,people_legal,,,,fact,confidential,2026-05-12,,active,
founder_fact_pattern_related_entities,Founder Fact Pattern Related Entities,People,Legal,docs/references/hlk/v3.0/Admin/O5-1/People/Legal/canonicals/FOUNDER_FACT_PATTERN_RELATED_ENTITIES.md,md,people_legal,,,,fact,confidential,2026-05-12,,active,
trademark_filing_strategy_2026_05,Trademark Filing Strategy 2026-05,People,Legal,docs/references/hlk/v3.0/Admin/O5-1/People/Legal/canonicals/TRADEMARK_FILING_STRATEGY_2026-05.md,md,people_legal,,,,fact,confidential,2026-05-12,,active,
founder_bio,Founder Bio,People,Founder,docs/references/hlk/v3.0/Admin/O5-1/People/canonicals/FOUNDER_BIO.md,md,people_compliance,,,,selling_point;fact,confidential,2026-05-12,,active,
founder_trajectory_internal,Founder Trajectory Internal,People,Founder,docs/references/hlk/v3.0/Admin/O5-1/People/canonicals/FOUNDER_TRAJECTORY_INTERNAL.md,md,people_compliance,,,,fact,confidential,2026-05-12,,active,
sop_hlk_tooling_standards_001,SOP HLK Tooling Standards 001,Tech,System Owner,docs/references/hlk/v3.0/Admin/O5-1/Tech/System Owner/canonicals/SOP-HLK_TOOLING_STANDARDS_001.md,sop,tech_system_owner,,,,way_of_working,internal,2026-05-12,,active,
sop_cicd_baseline_001,SOP CICD Baseline 001,Tech,System Owner,docs/references/hlk/v3.0/Admin/O5-1/Tech/System Owner/canonicals/SOP-CICD_BASELINE_001.md,sop,tech_system_owner,,,,way_of_working,internal,2026-05-12,validate_cicd_baseline.py,active,
sop_hlk_component_service_matrix_maintenance_001,SOP HLK Component Service Matrix Maintenance 001,Tech,System Owner,docs/references/hlk/v3.0/Admin/O5-1/Tech/System Owner/canonicals/SOP-HLK_COMPONENT_SERVICE_MATRIX_MAINTENANCE_001.md,sop,tech_system_owner,,,,way_of_working,internal,2026-05-12,,active,
sop_mcp_server_definition,SOP MCP Server Definition,Tech,System Owner,docs/references/hlk/v3.0/Admin/O5-1/Tech/System Owner/canonicals/SOP-MCP_SERVER_DEFINITION.md,sop,tech_system_owner,,,,way_of_working,internal,2026-05-12,,active,
sop_madeira_ux_review_001,SOP MADEIRA UX Review 001,Tech,System Owner,docs/references/hlk/v3.0/Admin/O5-1/Tech/System Owner/canonicals/SOP-MADEIRA_UX_REVIEW_001.md,sop,tech_system_owner,,,,way_of_working,internal,2026-05-12,,active,
sop_madeira_verdict_and_cadence_001,SOP MADEIRA Verdict and Cadence 001,Tech,System Owner,docs/references/hlk/v3.0/Admin/O5-1/Tech/System Owner/canonicals/SOP-MADEIRA_VERDICT_AND_CADENCE_001.md,sop,tech_system_owner,,,,way_of_working,internal,2026-05-12,,active,
sop_madeira_scenario_lifecycle_001,SOP MADEIRA Scenario Lifecycle 001,Tech,System Owner,docs/references/hlk/v3.0/Admin/O5-1/Tech/System Owner/canonicals/SOP-MADEIRA_SCENARIO_LIFECYCLE_001.md,sop,tech_system_owner,,,,way_of_working,internal,2026-05-12,,active,
sop_external_repo_blessing_001,SOP External Repo Blessing 001,Tech,System Owner (Envoy Tech Lab),docs/references/hlk/v3.0/Admin/O5-1/Envoy Tech Lab/External Repos/SOP-EXTERNAL_REPO_BLESSING_001.md,sop,tech_envoy_lab,,,,way_of_working,internal,2026-05-12,,active,Already at Admin/O5-1/Envoy Tech Lab/; no migration; registered for completeness.
sop_external_repo_drift_remediation_001,SOP External Repo Drift Remediation 001,Tech,System Owner (Envoy Tech Lab),docs/references/hlk/v3.0/Admin/O5-1/Envoy Tech Lab/External Repos/SOP-EXTERNAL_REPO_DRIFT_REMEDIATION_001.md,sop,tech_envoy_lab,,,,way_of_working,internal,2026-05-12,,active,Already at Admin/O5-1/Envoy Tech Lab/; no migration; registered for completeness.
sop_cross_repo_schema_propagation_001,SOP Cross Repo Schema Propagation 001,Tech,System Owner (Envoy Tech Lab),docs/references/hlk/v3.0/Admin/O5-1/Envoy Tech Lab/Cross Repo/SOP-CROSS_REPO_SCHEMA_PROPAGATION_001.md,sop,tech_envoy_lab,,,,way_of_working,internal,2026-05-12,,active,Already at Admin/O5-1/Envoy Tech Lab/; no migration; registered for completeness.
sentry_dashboard_holistika,Sentry Dashboard Holistika,Tech,System Owner (Envoy Tech Lab),docs/references/hlk/v3.0/Admin/O5-1/Envoy Tech Lab/Repositories/SENTRY_DASHBOARD_HOLISTIKA.md,md,tech_envoy_lab,,,,way_of_working,internal,2026-05-12,validate_sentry_release_format.py,active,Per D-IH-70-B Option B: migrates from top-level Envoy Tech Lab/ to Admin/O5-1/Envoy Tech Lab/ at wave 3.
figma_files_registry,Figma Files Registry,Tech,System Owner (Envoy Tech Lab),docs/references/hlk/v3.0/Admin/O5-1/Envoy Tech Lab/Repositories/FIGMA_FILES_REGISTRY.md,md,tech_envoy_lab,,,,fact,internal,2026-05-12,,active,Per D-IH-70-B Option B: migrates from top-level Envoy Tech Lab/ to Admin/O5-1/Envoy Tech Lab/ at wave 3.
subdomains_registry,Subdomains Registry,Tech,System Owner (Envoy Tech Lab),docs/references/hlk/v3.0/Admin/O5-1/Envoy Tech Lab/Repositories/SUBDOMAINS_REGISTRY.md,md,tech_envoy_lab,,,,fact,internal,2026-05-12,validate_subdomains_registry.py,active,Per D-IH-70-B Option B: migrates from top-level Envoy Tech Lab/ to Admin/O5-1/Envoy Tech Lab/ at wave 3.
founder_capitalization_decision_note_2026_04,Founder Capitalization Decision Note 2026-04,Finance,Business Controller,docs/references/hlk/v3.0/Admin/O5-1/Finance/Business Controller/canonicals/FOUNDER_CAPITALIZATION_DECISION_NOTE_2026-04.md,md,finance_business_controller,,,,fact,confidential,2026-05-12,,active,
sop_founder_company_funding_001,SOP Founder Company Funding 001,Finance,Business Controller,docs/references/hlk/v3.0/Admin/O5-1/Finance/Business Controller/canonicals/SOP-FOUNDER_COMPANY_FUNDING_001.md,sop,finance_business_controller,,,,way_of_working,confidential,2026-05-12,,active,
brand_discipline_ontology,Brand Discipline Ontology,Marketing,Brand,,md,marketing_brand,,,,way_of_working,internal,2026-05-12,,proposed,Future-reserved; authored at P5.
brand_av_charter,Brand AV Charter,Marketing,Brand/AV,,charter,marketing_av,,,,way_of_working,internal,2026-05-12,,proposed,Future-reserved; authored at P5.
brand_copywriting_discipline,Brand Copywriting Discipline (Impeccable for Copy),Marketing,Brand/Copywriter,,discipline,marketing_copywriter,,,,way_of_working,internal,2026-05-12,,proposed,Future-reserved; authored at P5.
brand_design_charter,Brand Design Charter,Marketing,Brand/Design,,charter,marketing_design,,,,way_of_working,internal,2026-05-12,,proposed,Future-reserved; authored at P5.
brand_ux_designer_charter,Brand UX-Designer Charter,Marketing,Brand/UX Designer,,charter,marketing_ux_designer,,,,way_of_working,internal,2026-05-12,,proposed,Future-reserved; authored at P5.
brand_gantt_discipline,Brand Gantt Discipline,Marketing,Brand/UX Designer,,discipline,marketing_ux_designer,,,,way_of_working,internal,2026-05-12,,proposed,Future-reserved; authored at P6.
brand_multilingual_contract,Brand Multilingual Contract,Marketing,Brand,,md,marketing_brand,,,,way_of_working,internal,2026-05-12,,proposed,Future-reserved; authored at P7.
brand_counterparty_readme_contract,Brand Counterparty README Contract,Marketing,Brand,,md,marketing_brand,,,,way_of_working,internal,2026-05-12,,proposed,Future-reserved; authored at P7.
engagement_registry,Engagement Registry,Operations,PMO,docs/references/hlk/v3.0/Admin/O5-1/People/Compliance/canonicals/dimensions/ENGAGEMENT_REGISTRY.csv,csv,compliance,engagement_registry_mirror,engagement_registry_view,op_pmo_engagements,fact;source,internal,2026-05-13,validate_canonical_registry.py,active,I70 P8.1 — 6 seed rows; 9-class enum (extends per §8.17 GOI hunt); compliance.engagement_registry_mirror + governance.engagement_registry_view + archived audit view.
service_catalog,Service Catalog (SMO),Operations,SMO,docs/references/hlk/v3.0/Admin/O5-1/Operations/SMO/canonicals/SERVICE_CATALOG.csv,csv,operations_smo,,,,fact,internal,2026-06-09,validate_service_catalog.py,active,I70 P8 + P95-GOV-4 validator mint; git-only SSOT per D-IH-95-B.
sop_service_mgmt_001,SOP Service Management 001 (SMO),Operations,SMO,,md,operations_smo,,,,way_of_working,internal,2026-05-12,,proposed,Future-reserved; authored at P8.
sla_matrix,SLA Matrix (SMO),Operations,SMO,,md,operations_smo,,,,way_of_working,internal,2026-05-12,,proposed,Future-reserved; authored at P8.
hlk_erp_architecture,HLK ERP Architecture,Operations,PMO,,md,operations_pmo,,,,way_of_working,internal,2026-05-12,,proposed,Future-reserved; authored at P4.6.
research_area_charter,Research Area Charter,Research,Research Director,,charter,research_research_director,,,,way_of_working,internal,2026-05-12,,proposed,Future-reserved; authored at P4.7.
founder_methodology_versioning,Founder Methodology Versioning v0 to v3.0,People,Founder,,md,people_founder,,,,way_of_working;selling_point,internal,2026-05-12,,proposed,Future-reserved; authored at P9.
logic_change_log,Logic Change Log,People,Founder,,md,people_founder,,,,fact,internal,2026-05-12,,proposed,Future-reserved; authored at P9.
founder_corpus_inventory,Founder Corpus Inventory,People,Founder,,md,people_founder,,,,fact,internal,2026-05-12,,proposed,Future-reserved; authored at P9.
ethical_automation_posture,Ethical Automation Posture,People,Ethics,,md,people_ethics,,,,way_of_working,internal,2026-05-12,,proposed,Future-reserved; authored at P9.
sop_wip_lifecycle_001,SOP WIP Lifecycle 001,Operations,PMO,,md,operations_pmo,,,,way_of_working,internal,2026-05-12,,proposed,Future-reserved; authored at I71.
madeira_akos_status,MADEIRA-AKOS Reserved Folder STATUS,Tech,System Owner,,md,tech_system_owner,,,,way_of_working;active_research_radar,internal,2026-05-12,,proposed,Future-reserved; authored at P4.8.
sop_release_taxonomy_001,SOP Release Taxonomy 001,Tech,System Owner,docs/references/hlk/v3.0/Admin/O5-1/Tech/System Owner/canonicals/SOP-RELEASE_TAXONOMY_001.md,sop,tech_system_owner,,,,way_of_working,internal,2026-05-14,,active,I71 P3 — codifies three release lanes (methodology / vault folder / SemVer+tag) per D-IH-71-D + customer-invisible versioning posture per D-IH-71-P; release-policy SSOT pointed to from CHANGELOG.md policy header.
engagement_template_registry,Engagement Template Registry,Operations,RevOps,docs/references/hlk/v3.0/Admin/O5-1/Operations/RevOps/canonicals/dimensions/ENGAGEMENT_TEMPLATE_REGISTRY.csv,csv,operations_revops,compliance.engagement_template_registry_mirror,,op_revops_engagement_templates,fact;source,internal,2026-05-14,validate_engagement_template_registry.py,active,Initiative 72 P2 sibling canonical (D-IH-72-F: NOT column-extension on ENGAGEMENT_REGISTRY); path migrated to Operations/RevOps/canonicals/dimensions/ per D-IH-72-Y Round 7; 6 seed rows scaffolding 5 engagement classes; promotion to active gated on SOP-ENGAGEMENT_TEMPLATE_PROMOTION_001.md (P3 deliverable).
intelligenceops_register,IntelligenceOps Register,Research,Intelligence,docs/references/hlk/v3.0/Admin/O5-1/Research/Intelligence/canonicals/dimensions/INTELLIGENCEOPS_REGISTER.csv,csv,research_intelligence,compliance.intelligenceops_register_mirror,,op_intelligenceops_register,fact;source,internal,2026-05-14,validate_intelligenceops_register.py,active,Initiative 72 P6 sibling canonical (D-IH-72-H: NOT GOI_POI col-extension); 4 seed rows scaffolding 4 target_class enum values per D-IH-70-AC + D-IH-72-I/J/K. Operational contract for systematic intelligence collection (cadence + source type + reliability per HUMINT FM 2-22.3 + output artifact + responsible role). Cross-link to GOI_POI_REGISTER (identity-side) + paired SOPs SOP-REGULATOR_RELATIONSHIP_001.md (Research/Intelligence/canonicals/) + SOP-MEDIA_ONBOARDING_001.md (Marketing/Brand/canonicals/) per akos-executable-process-catalog.mdc Rule 1.
crm_adapter_registry,CRM Adapter Registry,Marketing,Reach,docs/references/hlk/v3.0/Admin/O5-1/Marketing/Reach/canonicals/dimensions/CRM_ADAPTER_REGISTRY.csv,csv,marketing_reach,compliance.crm_adapter_registry_mirror,,,fact,internal,2026-05-14,validate_adapter_registries.py,active,Initiative 72 P9 sibling canonical (D-IH-72-O Normalized Adapter Pattern + Truto/Unified.to/Apideck consensus 2026); 11 vendor rows (1 active first_party_internal SSOT + 7 inactive + 2 planned + 1 experimental); paired SOP SOP-CRM_INTEGRATION_001.md per akos-executable-process-catalog.mdc Rule 1.
revops_adapter_registry,RevOps Adapter Registry,Operations,RevOps,docs/references/hlk/v3.0/Admin/O5-1/Operations/RevOps/canonicals/dimensions/REVOPS_ADAPTER_REGISTRY.csv,csv,operations_revops,compliance.revops_adapter_registry_mirror,,,fact,internal,2026-05-14,validate_adapter_registries.py,active,Initiative 72 P9 sibling canonical (D-IH-72-O + D-IH-72-T cross-area handoff bridges); 4 active rows (finops_bridge + people_engagement_handoff + legal_template_fire + madeira_revops_handoff); paired SOPs at Operations/RevOps/canonicals/.
email_adapter_registry,Email Adapter Registry,Marketing,Reach,docs/references/hlk/v3.0/Admin/O5-1/Marketing/Reach/canonicals/dimensions/EMAIL_ADAPTER_REGISTRY.csv,csv,marketing_reach,compliance.email_adapter_registry_mirror,,,fact,internal,2026-05-14,validate_adapter_registries.py,active,Initiative 72 P9 sibling canonical (D-IH-72-T MarTech adapter breadth); 1 active first_party_internal + 1 inactive + 1 planned.
attribution_adapter_registry,Attribution Adapter Registry,Marketing,Experimentation,docs/references/hlk/v3.0/Admin/O5-1/Marketing/Experimentation/canonicals/dimensions/ATTRIBUTION_ADAPTER_REGISTRY.csv,csv,marketing_experimentation,compliance.attribution_adapter_registry_mirror,,,fact,internal,2026-05-14,validate_adapter_registries.py,active,Initiative 72 P9 sibling canonical (D-IH-72-T MarTech adapter breadth); 1 active + 1 inactive + 1 planned. Owned by Marketing/Experimentation per Round 7 5-sub-area redesign.
billing_adapter_registry,Billing Adapter Registry,Operations,RevOps,docs/references/hlk/v3.0/Admin/O5-1/Operations/RevOps/canonicals/dimensions/BILLING_ADAPTER_REGISTRY.csv,csv,operations_revops,compliance.billing_adapter_registry_mirror,,,fact,internal,2026-05-14,validate_adapter_registries.py,active,Initiative 72 P9 sibling canonical (D-IH-72-T MarTech adapter breadth); 1 active (Stripe per I18 finops anchor) + 1 inactive + 1 planned.
communication_adapter_registry,Communication Adapter Registry,Marketing,Reach,docs/references/hlk/v3.0/Admin/O5-1/Marketing/Reach/canonicals/dimensions/COMMUNICATION_ADAPTER_REGISTRY.csv,csv,marketing_reach,compliance.communication_adapter_registry_mirror,,,fact,internal,2026-05-14,validate_adapter_registries.py,active,Initiative 72 P9 sibling canonical (D-IH-72-T MarTech adapter breadth); 1 active first_party_internal + 1 inactive (Slack/Teams candidates).
scheduling_adapter_registry,Scheduling Adapter Registry,Marketing,Reach,docs/references/hlk/v3.0/Admin/O5-1/Marketing/Reach/canonicals/dimensions/SCHEDULING_ADAPTER_REGISTRY.csv,csv,marketing_reach,compliance.scheduling_adapter_registry_mirror,,,fact,internal,2026-05-14,validate_adapter_registries.py,active,Initiative 72 P9 sibling canonical (D-IH-72-T MarTech adapter breadth); 0 active + 2 inactive + 1 planned (Calendly/Cal.com candidates; Holistika does not currently use scheduling automation).
contract_adapter_registry,Contract Adapter Registry,Operations,SMO,docs/references/hlk/v3.0/Admin/O5-1/Operations/SMO/canonicals/dimensions/CONTRACT_ADAPTER_REGISTRY.csv,csv,operations_smo,compliance.contract_adapter_registry_mirror,,,fact,internal,2026-05-14,validate_adapter_registries.py,active,Initiative 72 P9 sibling canonical (D-IH-72-T MarTech adapter breadth); 1 active first_party_internal (holistika_contracts seed) + 1 inactive + 1 planned (DocuSign/PandaDoc candidates). Owned by Operations/SMO (contract operations chain).
sop_finops_bridge_001,SOP FINOPS Bridge 001,Operations,RevOps,docs/references/hlk/v3.0/Admin/O5-1/Operations/RevOps/canonicals/SOP-FINOPS_BRIDGE_001.md,sop,operations_revops,,,,way_of_working,internal,2026-05-14,validate_adapter_registries.py,active,Initiative 72 P9 paired SOP for REVOPS_ADAPTER_REGISTRY finops_bridge row (engagement signing -> FINOPS counterparty bridge) per akos-executable-process-catalog.mdc Rule 1.
sop_people_engagement_handoff_001,SOP People Engagement Handoff 001,Operations,RevOps,docs/references/hlk/v3.0/Admin/O5-1/Operations/RevOps/canonicals/SOP-PEOPLE_ENGAGEMENT_HANDOFF_001.md,sop,operations_revops,,,,way_of_working,internal,2026-05-14,validate_adapter_registries.py,active,Initiative 72 P9 paired SOP for REVOPS_ADAPTER_REGISTRY people_engagement_handoff row per akos-executable-process-catalog.mdc Rule 1.
sop_legal_template_fire_001,SOP Legal Template Fire 001,Operations,RevOps,docs/references/hlk/v3.0/Admin/O5-1/Operations/RevOps/canonicals/SOP-LEGAL_TEMPLATE_FIRE_001.md,sop,operations_revops,,,,way_of_working,internal,2026-05-14,validate_adapter_registries.py,active,Initiative 72 P9 paired SOP for REVOPS_ADAPTER_REGISTRY legal_template_fire row (engagement scope-locked -> NDA/MSA/SOW templates per I66 P3) per akos-executable-process-catalog.mdc Rule 1.
sop_madeira_revops_handoff_001,SOP MADEIRA RevOps Handoff 001,Operations,RevOps,docs/references/hlk/v3.0/Admin/O5-1/Operations/RevOps/canonicals/SOP-MADEIRA_REVOPS_HANDOFF_001.md,sop,operations_revops,,,,way_of_working,internal,2026-05-14,validate_adapter_registries.py,active,Initiative 72 P9 paired SOP for REVOPS_ADAPTER_REGISTRY madeira_revops_handoff row (RevOps catalog -> MADEIRA workflow execution via revops_dispatch.py) per akos-executable-process-catalog.mdc Rule 1.
sop_crm_integration_001,SOP CRM Integration 001,Marketing,Reach,docs/references/hlk/v3.0/Admin/O5-1/Marketing/Reach/canonicals/SOP-CRM_INTEGRATION_001.md,sop,marketing_reach,,,,way_of_working,internal,2026-05-14,validate_adapter_registries.py,active,Initiative 72 P9 paired SOP for CRM_ADAPTER_REGISTRY (Normalized Adapter Pattern integration discipline) per akos-executable-process-catalog.mdc Rule 1.
sop_research_engagement_trigger_001,SOP Research Engagement Trigger 001,Research,Intelligence,docs/references/hlk/v3.0/Admin/O5-1/Research/Intelligence/canonicals/SOP-RESEARCH_ENGAGEMENT_TRIGGER_001.md,sop,research_intelligence,,,,way_of_working,internal,2026-05-14,validate_intelligenceops_register.py,active,Initiative 72 P9 cross-area handoff SOP (engagement signed -> Research/Intelligence collection trigger updating INTELLIGENCEOPS_REGISTER cadences) per akos-executable-process-catalog.mdc Rule 1 + D-IH-72-T.
sop_revenue_rollup_001,SOP Revenue Rollup 001,Operations,RevOps,docs/references/hlk/v3.0/Admin/O5-1/Operations/RevOps/canonicals/SOP-REVENUE_ROLLUP_001.md,sop,operations_revops,,,,way_of_working,internal,2026-05-15,validate_process_list_pairing.py,active,Initiative 72 R-B regression-amend SOP backfill paired with REVOPS_PROCESS_CATALOG.yaml revenue_rollup entry per akos-executable-process-catalog.mdc Rule 1. Per D-IH-72-AK.
sop_persona_audit_001,SOP Persona Audit 001,Operations,RevOps,docs/references/hlk/v3.0/Admin/O5-1/Operations/RevOps/canonicals/SOP-PERSONA_AUDIT_001.md,sop,operations_revops,,,,way_of_working,internal,2026-05-15,validate_process_list_pairing.py,active,Initiative 72 R-B regression-amend SOP backfill paired with REVOPS_PROCESS_CATALOG.yaml persona_audit entry per akos-executable-process-catalog.mdc Rule 1. Operates on Marketing-area PERSONA_REGISTRY.csv. Per D-IH-72-AK.
sop_engagement_scaffolding_001,SOP Engagement Scaffolding 001,Operations,RevOps,docs/references/hlk/v3.0/Admin/O5-1/Operations/RevOps/canonicals/SOP-ENGAGEMENT_SCAFFOLDING_001.md,sop,operations_revops,,,,way_of_working,internal,2026-05-15,validate_process_list_pairing.py,active,Initiative 72 R-B regression-amend SOP backfill paired with REVOPS_PROCESS_CATALOG.yaml engagement_scaffold entry + scripts/scaffold_engagement.py runbook per akos-executable-process-catalog.mdc Rule 1. Per D-IH-72-AK + D-IH-72-P (RPA scaffolder).
impeccable_bridge_baseline_reality,Impeccable Bridge - BASELINE_REALITY,Tech,System Owner,BASELINE_REALITY.md,md,,,,,way_of_working,internal,2026-05-16,validate_impeccable_bridge_drift.py,active,Initiative 77 P1 — workspace-root bridge consumer for Impeccable Style v3.1+ multi-audience setup gate per SOP-HLK_TOOLING_STANDARDS_001.md §3.7. Thin redirect to canonical SSOT BRAND_BASELINE_REALITY_MATRIX.md (row above); NOT a canonical itself. Drift gate validate_impeccable_bridge_drift.py minted at I77 P2.
rendering_pipeline_registry,Rendering Pipeline Registry,Tech,System Owner,docs/references/hlk/v3.0/Envoy Tech Lab/canonicals/dimensions/RENDERING_PIPELINE_REGISTRY.csv,csv,envoy_tech_lab,,,op_rendering_pipeline_registry,fact,internal,2026-05-16,validate_rendering_pipeline_registry.py,active,Initiative 77 P4.C canonical (D-IH-77-I: visual UAT rendering discipline + orphan-rendering-pipeline governance discovery). 18 seed rows catalogue document-rendering pipelines (Impeccable bridges + deck-HTML + dossier-PDF + PMO-hub + KM-diagrams + Figma + ERP-sibling + touchpoint-kit + cover-emails + visual UAT render). Pydantic chassis akos/hlk_rendering_pipeline_csv.py. Paired SOP at SOP-RENDERING_PIPELINE_GOVERNANCE_001.md. Paired runbook scripts/list_rendering_pipelines.py per akos-executable-process-catalog.mdc Rule 1. 20 governance tests in tests/test_rendering_pipeline_registry.py.
sop_rendering_pipeline_governance_001,SOP Rendering Pipeline Governance 001,Tech,System Owner,docs/references/hlk/v3.0/Admin/O5-1/Tech/System Owner/canonicals/SOP-RENDERING_PIPELINE_GOVERNANCE_001.md,sop,envoy_tech_lab,,,,way_of_working,internal,2026-05-16,validate_rendering_pipeline_registry.py,active,Initiative 77 P4.C paired SOP for RENDERING_PIPELINE_REGISTRY.csv (D-IH-77-I + akos-executable-process-catalog.mdc Rule 1 SOP+runbook pairing). Codifies governance ladder (orphan -> partial -> governed) + cadence taxonomy (on_demand / scheduled / event_triggered / gated_operator) + per-row review cycle.
audience_registry,Audience Registry,Marketing,Brand,docs/references/hlk/v3.0/Admin/O5-1/People/Compliance/canonicals/dimensions/AUDIENCE_REGISTRY.csv,csv,people_compliance,compliance.audience_registry_mirror,,,fact,internal,2026-05-16,validate_audience_registry.py,active,Initiative 85 P1 canonical (D-IH-85-A narrow FK index + D-IH-85-B YAML list multi-audience encoding). 8 seed rows for J-* audience codes (J-IN J-CU J-PT J-ENISA J-AD J-RC J-CO J-OP). Pydantic chassis akos/hlk_audience_csv.py. Paired SOP SOP-AUDIENCE_TAG_GOVERNANCE_001.md at status review (promotes to active at I85 P4). Paired runbook scripts/audience_tag_assets.py minted at I85 P2. BRAND_BASELINE_REALITY_MATRIX.md remains SSOT for deep audience content (bridge framing + objection patterns + first-doubt triggers); this CSV is the FK index only.
sop_audience_tag_governance_001,SOP Audience Tag Governance 001,Marketing,Brand,docs/references/hlk/v3.0/Admin/O5-1/Marketing/Brand/canonicals/SOP-AUDIENCE_TAG_GOVERNANCE_001.md,sop,marketing_brand,,,,way_of_working,internal,2026-05-16,validate_audience_registry.py,review,Initiative 85 P1 paired SOP for AUDIENCE_REGISTRY.csv (D-IH-85-A + akos-executable-process-catalog.mdc Rule 1 SOP+runbook pairing). Governance for mint / modify / migrate flows. Status review at P1; promotes to active at I85 P4 closure (per SOP §8 promotion gates: P2 runbook exists + P3 matrix update + process_list.csv tranche + validate_hlk PASS + operator approval).
area_governance_discipline,Area Governance Discipline,People,CPO,docs/references/hlk/v3.0/Admin/O5-1/People/canonicals/AREA_GOVERNANCE_DISCIPLINE.md,md,people_compliance,,,,way_of_working,internal,2026-06-04,validate_area_completeness.py,active,I93 P0 17th Quality Fabric specialty (compose_AREA; 14-component bar). Ratified D-IH-93-B. Charter status at mint.
sop_people_area_governance_001,SOP People Area Governance 001,People,CPO,docs/references/hlk/v3.0/Admin/O5-1/People/canonicals/SOP-PEOPLE_AREA_GOVERNANCE_001.md,sop,people_compliance,,,,way_of_working,internal,2026-06-04,validate_area_completeness.py,active,Paired SOP+addendum for AREA_GOVERNANCE_DISCIPLINE per pattern_sop_addendum_split. Process row hol_peopl_dtp_area_governance_001. D-IH-93-B.
pattern_area_buildout,Pattern Area Buildout,People,CPO,docs/references/hlk/v3.0/Admin/O5-1/People/Compliance/canonicals/dimensions/PEOPLE_DESIGN_PATTERN_REGISTRY.csv,csv,people_compliance,,,,way_of_working,internal,2026-06-04,validate_design_pattern_registry.py,active,PEOPLE_DESIGN_PATTERN_REGISTRY row pattern_area_buildout (pattern_class area_governance). FK to AREA_GOVERNANCE_DISCIPLINE.md. D-IH-93-B.
intent_ranked_regression_discipline,Intent-Ranked Regression Discipline,People,PMO,docs/references/hlk/v3.0/Admin/O5-1/People/canonicals/INTENT_RANKED_REGRESSION_DISCIPLINE.md,md,people_compliance,,,,way_of_working,internal,2026-06-05,intent_ranked_regression.py,active,Value layer above the inter-wave regression; ICS = WSJF+FMEA fusion ranks surfaces by operator intent. I88 mint per D-IH-88-F. Process hol_peopl_dtp_intent_ranked_regression_001.
sop_people_intent_ranked_regression_001,SOP People Intent-Ranked Regression 001,People,PMO,docs/references/hlk/v3.0/Admin/O5-1/People/canonicals/SOP-PEOPLE_INTENT_RANKED_REGRESSION_001.md,sop,people_compliance,,,,way_of_working,internal,2026-06-05,intent_ranked_regression.py,active,AC-HUMAN + AC-AUTOMATION for INTENT_RANKED_REGRESSION_DISCIPLINE. Paired runbook scripts/intent_ranked_regression.py. D-IH-88-F.
pattern_intent_ranked_regression,Pattern Intent-Ranked Regression,People,PMO,docs/references/hlk/v3.0/Admin/O5-1/People/Compliance/canonicals/dimensions/PEOPLE_DESIGN_PATTERN_REGISTRY.csv,csv,people_compliance,,,,way_of_working,internal,2026-06-05,validate_design_pattern_registry.py,active,PEOPLE_DESIGN_PATTERN_REGISTRY row pattern_intent_ranked_regression (pattern_class intent_ranked_regression_cadence). FK to INTENT_RANKED_REGRESSION_DISCIPLINE.md. D-IH-88-F.
data_area_charter,Data Area Charter,Data,CDO,docs/references/hlk/v3.0/Admin/O5-1/Data/canonicals/DATA_AREA_CHARTER.md,md,data_governance,,,,way_of_working,internal,2026-06-04,validate_area_completeness.py,active,I93 P1 first pattern_area_buildout worked example (D-IH-93-C). Seven-section charter; federated/mesh boundary.
dataops_discipline,DataOps Discipline,Data,Data Governance Office,docs/references/hlk/v3.0/Admin/O5-1/Data/Governance/canonicals/DATAOPS_DISCIPLINE.md,md,data_governance,,,,way_of_working,internal,2026-06-04,validate_hlk.py,active,Re-homed from People/canonicals at I93 P1 (D-IH-93-C/H). Quality Fabric compose_DATAOPS specialty; paired SOP+runbook. Legacy alias one cycle at People/canonicals/DATAOPS_DISCIPLINE.md.
sop_tech_dataops_quality_001,SOP Tech DataOps Quality 001,Data,Data Governance Office,docs/references/hlk/v3.0/Admin/O5-1/Data/Governance/canonicals/SOP-TECH_DATAOPS_QUALITY_001.md,sop,data_governance,,,,way_of_working,internal,2026-06-04,validate_hlk.py,active,Paired SOP for DATAOPS_DISCIPLINE per akos-executable-process-catalog Rule 1. Re-homed from Tech/System Owner at I93 P1. process_list env_tech_dtp_dataops_quality_001.
sop_holistika_compliance_mirror_dml_001,SOP Holistika Compliance Mirror DML 001,Tech,System Owner,docs/references/hlk/v3.0/Admin/O5-1/Tech/System Owner/canonicals/SOP-HOLISTIKA_COMPLIANCE_MIRROR_DML_001.md,sop,tech_system_owner,,,,way_of_working,internal,2026-06-05,validate_hlk.py,active,Paired SOP for mirror DML apply plane per D-GTM-DB-6. process_list env_tech_dtp_compliance_mirror_dml_001. Repo guide docs/guides/holistika-mirror-dml-apply.md.
data_governance_policy,Data Governance Policy,Data,Data Governance Office,docs/references/hlk/v3.0/Admin/O5-1/Data/Governance/canonicals/DATA_GOVERNANCE_POLICY.md,md,data_governance,,,,way_of_working,internal,2026-06-04,validate_hlk.py,active,I93 P2 federated DAMA governance function (D-IH-93-D). Decision-rights + computational enforcement.
data_contract_standard,Data Contract Standard,Data,Data Governance Office,docs/references/hlk/v3.0/Admin/O5-1/Data/Governance/canonicals/DATA_CONTRACT_STANDARD.md,md,data_governance,,,,way_of_working,internal,2026-06-04,validate_data_contract_registry.py,active,I93 P2 ODCS v3.1-aligned contract vocabulary (D-IH-93-D). Warn-first; CSV registry on-ramp.
data_contract_registry,Data Contract Registry,Data,Data Steward,docs/references/hlk/v3.0/Admin/O5-1/Data/Governance/canonicals/dimensions/DATA_CONTRACT_REGISTRY.csv,csv,data_governance,,,,way_of_working,internal,2026-06-04,validate_data_contract_registry.py,active,I93 P2 producer-consumer contract SSOT; 4 seed rows (3 DATA-FAM families). Mirror DDL forward-charter.
data_catalog_integration_posture,Data Catalog Integration Posture,Data,Data Governance Office,docs/references/hlk/v3.0/Admin/O5-1/Data/Governance/canonicals/DATA_CATALOG_INTEGRATION_POSTURE.md,md,data_governance,,,,way_of_working,internal,2026-06-04,validate_hlk.py,active,I93 P2b repo-native vs OpenMetadata/Purview posture; Option A default pending operator ratify.
sop_data_contract_registry_maintenance_001,SOP Data Contract Registry Maintenance 001,Data,Data Governance Office,docs/references/hlk/v3.0/Admin/O5-1/Data/Governance/canonicals/SOP-DATA_CONTRACT_REGISTRY_MAINTENANCE_001.md,sop,data_governance,,,,way_of_working,internal,2026-06-04,validate_data_contract_registry.py,active,Paired SOP for contract registry per executable-process-catalog Rule 1. process_list hol_data_dtp_contract_registry_mtnce_001.
data_architecture,Holistika Data Architecture (Three-Tier),Data,Data Architect,docs/references/hlk/v3.0/Admin/O5-1/Data/Architecture/canonicals/DATA_ARCHITECTURE.md,md,data_governance,,,,way_of_working,internal,2026-06-04,validate_hlk.py,active,I93 P3 DAMA Ch.2 physical architecture — T1 git SSOT T2 Supabase T3 Neo4j; consumes I91 store inventory (D-IH-93-D).
hcam_doctrine,HCAM Doctrine,Data,Data Architect,docs/references/hlk/v3.0/Admin/O5-1/Data/Architecture/canonicals/CANONICAL_ARTICULATION_MODEL.md,md,data_governance,,,,way_of_working,internal,2026-06-09,validate_canonical_articulation.py,active,I95 P1; T3 graph projection; no T2 mirror per D-IH-95-B (P95-GOV-2 index backfill).
entity_catalog,Entity Catalog,Data,Data Architect,docs/references/hlk/v3.0/Admin/O5-1/Data/Architecture/canonicals/dimensions/ENTITY_CATALOG.csv,csv,data_governance,,,,fact,internal,2026-06-09,validate_canonical_articulation.py,active,~33 entity types; T1 git + T3 Neo4j; no T2 mirror per D-IH-95-B (P95-GOV-2).
canonical_relationship_registry,Canonical Relationship Registry,Data,Data Architect,docs/references/hlk/v3.0/Admin/O5-1/Data/Architecture/canonicals/dimensions/CANONICAL_RELATIONSHIP_REGISTRY.csv,csv,data_governance,,,,fact,internal,2026-06-09,validate_canonical_articulation.py,active,ArchiMate verb closed set; graph projection per D-IH-95-B (P95-GOV-2).
supabase_module_registry,Supabase Module Registry,Data,Data Architect,docs/references/hlk/v3.0/Admin/O5-1/Data/Architecture/canonicals/dimensions/SUPABASE_MODULE_REGISTRY.csv,csv,data_governance,,,,fact,internal,2026-06-09,validate_supabase_module_registry.py,active,R2-03 EG governance; git-only per D-IH-95-G (P95-GOV-2).
semantic_layer,Holistika Semantic Layer,Data,Data Architect,docs/references/hlk/v3.0/Admin/O5-1/Data/Architecture/canonicals/SEMANTIC_LAYER.md,md,data_governance,,,,way_of_working,internal,2026-06-04,validate_metrics_registry.py,active,I93 P4 define-once metric doctrine; pairs thi_data_dtp_31 (D-IH-93-D). HCAM companion (P95-GOV-2).
metrics_registry,Metrics Registry,Data,Data Steward,docs/references/hlk/v3.0/Admin/O5-1/Data/Architecture/canonicals/dimensions/METRICS_REGISTRY.csv,csv,data_governance,,,,way_of_working,internal,2026-06-04,validate_metrics_registry.py,active,I93 P4 semantic layer SSOT; 5 seed metrics with source_contract_id FKs.
sop_data_lineage_001,SOP Formal Data Lineage 001,Data,Data Architect,docs/references/hlk/v3.0/Admin/O5-1/Data/Governance/canonicals/SOP-DATA_LINEAGE_001.md,sop,data_governance,,,,way_of_working,internal,2026-06-04,validate_hlk.py,active,Paired SOP for T1-T2-T3 lineage per I93 P4. process_list thi_data_dtp_275; runbook data_lineage_check.py.
sop_data_masterdata_golden_record_001,SOP Enterprise Master Data Golden Record 001,Data,Data Steward,docs/references/hlk/v3.0/Admin/O5-1/Data/Governance/canonicals/SOP-DATA_MASTERDATA_GOLDEN_RECORD_001.md,sop,data_governance,,,,way_of_working,internal,2026-06-04,validate_hlk.py,active,I93 P5 MDM golden-record SOP. process_list thi_data_dtp_32; runbook mdm_golden_record_check.py.
data_privacy_retention_policy,Data Privacy and Retention Policy,Data,Data Governance Office,docs/references/hlk/v3.0/Admin/O5-1/Data/Governance/canonicals/DATA_PRIVACY_RETENTION_POLICY.md,md,data_governance,,,,way_of_working,internal,2026-06-04,validate_hlk.py,active,I93 P5 classification enum + retention schedules; feeds P7 component matrix (D-IH-93-D).
data_bi_governance,Data BI Governance,Data,Data Governance Office,docs/references/hlk/v3.0/Admin/O5-1/Data/Governance/canonicals/DATA_BI_GOVERNANCE.md,md,data_governance,,,,way_of_working,internal,2026-06-04,validate_bi_consumer_registry.py,active,I93 P5b Postgres-native warehouse + T1-T10 BI tiers + engagement streams A/B/C (D-IH-93-I amended).
data_integration_plane,Data Integration Plane,Data,Data Architect,docs/references/hlk/v3.0/Admin/O5-1/Data/Governance/canonicals/DATA_INTEGRATION_PLANE.md,md,data_governance,,,,way_of_working,internal,2026-06-04,bi_integration_readiness_check.py,active,I93 P5b Edge/pgmq/webhook/FDW/RPA integration doctrine (D-IH-93-I).
bi_consumer_registry,BI Consumer Registry,Data,Data Governance Office,docs/references/hlk/v3.0/Admin/O5-1/Data/Governance/canonicals/dimensions/BI_CONSUMER_REGISTRY.csv,csv,data_governance,,,,way_of_working,internal,2026-06-04,validate_bi_consumer_registry.py,active,I93 P5b 13 seed rows; FK to COMPONENT_SERVICE_MATRIX component_id.
rpa_adapter_registry,RPA Adapter Registry,Data,Data Governance Office,docs/references/hlk/v3.0/Admin/O5-1/Data/Governance/canonicals/dimensions/RPA_ADAPTER_REGISTRY.csv,csv,data_governance,,,,way_of_working,internal,2026-06-04,validate_adapter_registries.py,active,I93 P5b 9th adapter registry class RPA; Normalized Adapter Pattern D-IH-72-O.
sop_data_engagement_integration_scaffold_001,SOP Engagement Integration Scaffold 001,Data,Data Governance Office,docs/references/hlk/v3.0/Admin/O5-1/Data/Governance/canonicals/SOP-DATA_ENGAGEMENT_INTEGRATION_SCAFFOLD_001.md,sop,data_governance,,,,way_of_working,internal,2026-06-04,bi_integration_readiness_check.py,active,Demo spec to adapter+contract checklist; hol_data_dtp_engagement_integration_scaffold_001.
sop_data_suez_libelle_001,SOP SUEZ Libelle Demo 001,Data,Data Governance Office,docs/references/hlk/v3.0/Admin/O5-1/Data/Governance/canonicals/SOP-DATA_SUEZ_LIBELLE_001.md,sop,data_governance,,,,way_of_working,internal,2026-06-04,bi_integration_readiness_check.py,active,SUEZ F-05 scenario; Phase 1 Holistika MS primary; Edge parallel proof per D-IH-93-J.
sop_data_ms_demo_factory_001,SOP Microsoft Demo Factory 001,Data,RevOps Manager,docs/references/hlk/v3.0/Admin/O5-1/Data/Governance/canonicals/SOP-DATA_MS_DEMO_FACTORY_001.md,sop,data_governance,,,,way_of_working,internal,2026-06-04,bi_integration_readiness_check.py,active,Phase 1 Holistika Power Platform demos; Methods A+B; hol_data_dtp_ms_demo_factory_001.
sop_data_production_readiness_001,SOP Data Production Readiness 001,Data,Data Governance Office,docs/references/hlk/v3.0/Admin/O5-1/Data/Governance/canonicals/SOP-DATA_PRODUCTION_READINESS_001.md,sop,data_governance,,,,way_of_working,internal,2026-06-04,bi_integration_readiness_check.py,active,Engagement-funded production promotion; hol_data_dtp_production_readiness_001.
area_bi_profile_csv,AREA BI Profile dimension,Data,Data Governance Office,docs/references/hlk/v3.0/Admin/O5-1/Data/Governance/canonicals/dimensions/AREA_BI_PROFILE.csv,register,data_governance,,,,way_of_working,internal,2026-06-04,validate_area_bi_profile.py,active,Per-area BI consumption declarations; D-IH-93-J multi-area DAMA posture.
finance_area_charter,Finance Area Charter,Finance,CFO,docs/references/hlk/v3.0/Admin/O5-1/Finance/canonicals/FINANCE_AREA_CHARTER.md,md,finance_governance,,,,way_of_working,internal,2026-06-05,validate_area_completeness.py,charter,FINANCE-AREA-FULL F1 second pattern_area_buildout example (D-IH-88-E). Seven-section charter; five FINOPS planes.
finops_discipline,FINOPS Discipline,Finance,Business Controller,docs/references/hlk/v3.0/Admin/O5-1/Finance/Governance/canonicals/FINOPS_DISCIPLINE.md,md,finance_governance,,,,way_of_working,internal,2026-06-05,validate_finops_ledger.py,charter,FIN-01..05 dimensions; CSV SSOT stays Compliance/finops. Promote active at F4.
finops_revrec_policy,FINOPS Revenue Recognition Policy,Finance,Business Controller,docs/references/hlk/v3.0/Admin/O5-1/Finance/Business Controller/canonicals/FINOPS_REVENUE_RECOGNITION_POLICY.md,md,finance_governance,,,,way_of_working,internal,2026-06-05,validate_pricing_tier_registry.py,active,FINANCE-AREA-FULL F2a; IFRS 15 posture + perf-obligation table; closes OPS-81-5.
pricing_tier_registry,Pricing Tier Registry,Finance,Business Controller,docs/references/hlk/v3.0/Admin/O5-1/Finance/Governance/canonicals/dimensions/PRICING_TIER_REGISTRY.csv,csv,finance_governance,,,,fact,internal,2026-06-05,validate_pricing_tier_registry.py,active,FINANCE-AREA-FULL F2a; six tiers per thi_finan_dtp_203; FK to FINOPS_PERFORMANCE_OBLIGATION_REGISTRY.
finops_perf_obligation_registry,FINOPS Performance Obligation Registry,Finance,Business Controller,docs/references/hlk/v3.0/Admin/O5-1/Finance/Governance/canonicals/dimensions/FINOPS_PERFORMANCE_OBLIGATION_REGISTRY.csv,csv,finance_governance,,,,fact,internal,2026-06-05,validate_pricing_tier_registry.py,active,FINANCE-AREA-FULL F2a companion to rev-rec policy; IFRS 15 PO codes.
finops_tax_calendar,FINOPS Tax Calendar,Finance,Business Controller,docs/references/hlk/v3.0/Admin/O5-1/Finance/Governance/canonicals/dimensions/FINOPS_TAX_CALENDAR.csv,csv,finance_governance,,,,fact,internal,2026-06-05,validate_finops_tax_calendar.py,active,FINANCE-AREA-FULL F2b; Spain filing obligations per OPS-81-13; counsel-encoded cadence rules.
learning_ops_backlog,Learning Ops Backlog,People,Learning Curator,docs/references/hlk/v3.0/Admin/O5-1/People/Learning/canonicals/dimensions/LEARNING_OPS_BACKLOG.csv,csv,people_learning,,,,fact,internal,2026-06-09,validate_learning_ops_backlog.py,active,I73 P2 cohort backlog; P95-GOV-4 validator mint; git-only per D-IH-95-B.
