decision_id,title,initiating_initiative_id,linked_initiative_ids,linked_ops_action_ids,linked_policies,linked_topic_ids,decision_class,status,reversibility,decided_at,decision_log_path,supersedes_decision_id,summary,notes
D-IH-59-A,Atomic dimension landing,INIT-OPENCLAW_AKOS-59,,,,,architecture,active,low,2026-05-06,docs/wip/planning/59-hlk-governance-clean-slate/decision-log.md,,Five new HLK governance dimensions land in a single P1 commit; no partial / sequential rollout.,
D-IH-59-B,"Two-layer SSOT (markdown for prose, CSV for metadata)",INIT-OPENCLAW_AKOS-59,,,,,architecture,active,low,2026-05-06,docs/wip/planning/59-hlk-governance-clean-slate/decision-log.md,,Markdown stays canonical for narrative; CSVs become canonical for queryable metadata. Sync gates enforce agreement.,
D-IH-59-C,REPOSITORY_REGISTRY promotion path,INIT-OPENCLAW_AKOS-59,,,,,architecture,active,low,2026-05-06,docs/wip/planning/59-hlk-governance-clean-slate/decision-log.md,,"REPOSITORIES_REGISTRY.md and REPOSITORY_REGISTRY.csv are joint canonicals (markdown for prose, CSV for FK target).",
D-IH-59-D,Status taxonomy ownership at akos.planning.status_taxonomy,INIT-OPENCLAW_AKOS-59,,,,,architecture,active,low,2026-05-06,docs/wip/planning/59-hlk-governance-clean-slate/decision-log.md,,Seven-value StrEnum (closed/archived/active/continuous/program_line/gated_external/gated_operator) + companion-field rules.,
D-IH-59-E,DECISION_REGISTER inclusion in I59,INIT-OPENCLAW_AKOS-59,,,,,architecture,active,low,2026-05-06,docs/wip/planning/59-hlk-governance-clean-slate/decision-log.md,,Folded into I59 (vs I60 deferral) so initiative_registry's *_decision_id fields can be real FKs from day one.,
D-IH-59-F,"Nullable FKs (manifests_processes, coordinated_initiative_ids)",INIT-OPENCLAW_AKOS-59,,,,,execution,active,medium,2026-05-06,docs/wip/planning/59-hlk-governance-clean-slate/decision-log.md,,"Empty is explicit and fine; wrong is not. Validators FK-resolve when set, allow empty.",
D-IH-59-G,manifests_processes column on INITIATIVE_REGISTRY (vs inverse),INIT-OPENCLAW_AKOS-59,,,,,architecture,active,low,2026-05-06,docs/wip/planning/59-hlk-governance-clean-slate/decision-log.md,,FK lives on the initiative side as a semicolon-list to process_list.csv; reverse-lookup via mirror queries.,
D-IH-59-H,Header-only seed for INITIATIVE/OPS/CYCLE/DECISION in P1; bulk seed in P3,INIT-OPENCLAW_AKOS-59,,,,,execution,active,medium,2026-05-06,docs/wip/planning/59-hlk-governance-clean-slate/decision-log.md,,Avoids circular FK pressure during validator runs; P3 lockstep seed against fully-populated peer tables.,
D-IH-59-I,Two new SOPs at status: review until G-59-D in P9,INIT-OPENCLAW_AKOS-59,,,,,governance,active,medium,2026-05-06,docs/wip/planning/59-hlk-governance-clean-slate/decision-log.md,,SOP-INITIATIVE_GOVERNANCE_001 + SOP-INITIATIVE_PROCESS_HARMONISATION_001 ship at review state; ratified at P9.,
D-IH-59-J,OPS-58-3 rubric calibration fix lands in I59 P6 (not deferred to I60),INIT-OPENCLAW_AKOS-59,,,,,scope,active,medium,2026-05-06,docs/wip/planning/59-hlk-governance-clean-slate/decision-log.md,,_heuristic_persona_fit gets persona context from scenario.persona_id so cross-persona alignment lifts above 80%.,
D-IH-59-K,Telemetry promotion routine runs once in I59 P7 (in operator's stead),INIT-OPENCLAW_AKOS-59,,,,,execution,active,medium,2026-05-06,docs/wip/planning/59-hlk-governance-clean-slate/decision-log.md,,Auto-merge forbidden per I49 P11 / I50 P5; agent runs the proposal pass and operator merges at next sitting.,
D-IH-59-L,Process_list mints deferred to I60 candidate,INIT-OPENCLAW_AKOS-59,,,,,scope,active,medium,2026-05-06,docs/wip/planning/59-hlk-governance-clean-slate/decision-log.md,,I59 P8 ships the harmonisation proposal + new SOP; actual minting per-tranche is operator-approval-gated and out of scope here.,
D-IH-59-M,process_list mint authority chain: SOP-META + role_owner + tranche operator approval,INIT-OPENCLAW_AKOS-59,,,,,governance,active,medium,2026-05-06,docs/wip/planning/59-hlk-governance-clean-slate/decision-log.md,,No agent minting. Tranches authored under reports/process-list-mint-proposal-*.md and decision-log entries.,
D-IH-59-N,I59 closure UAT requires zero advisory warnings under --strict on the 8 new validators,INIT-OPENCLAW_AKOS-59,,,,,execution,active,medium,2026-05-06,docs/wip/planning/59-hlk-governance-clean-slate/decision-log.md,,P10 closure gate flips advisory→strict on validate_master_roadmap_frontmatter and the 3 sync gates.,
D-IH-02-CLOSURE,Closure decision for INIT-OPENCLAW_AKOS-02,INIT-OPENCLAW_AKOS-02,,,,,closure,active,low,2026-04-14,docs/wip/planning/02-hlk-on-akos-madeira/decision-log.md,,Closes INIT-OPENCLAW_AKOS-02 (status: closed); seeded from INITIATIVE_REGISTRY.csv during I59 P3.,auto-seeded from initiative_registry; verify prose body in decision-log.md
D-IH-07-CLOSURE,Closure decision for INIT-OPENCLAW_AKOS-07,INIT-OPENCLAW_AKOS-07,,,,,closure,active,low,2026-04-15,docs/wip/planning/07-hlk-neo4j-graph-projection/decision-log.md,,Closes INIT-OPENCLAW_AKOS-07 (status: closed); seeded from INITIATIVE_REGISTRY.csv during I59 P3.,auto-seeded from initiative_registry; verify prose body in decision-log.md
D-IH-10-CLOSURE,Closure decision for INIT-OPENCLAW_AKOS-10,INIT-OPENCLAW_AKOS-10,,,,,closure,active,low,2026-04-15,docs/wip/planning/10-madeira-eval-hardening/decision-log.md,,Closes INIT-OPENCLAW_AKOS-10 (status: closed); seeded from INITIATIVE_REGISTRY.csv during I59 P3.,auto-seeded from initiative_registry; verify prose body in decision-log.md
D-IH-15-CLOSURE,Closure decision for INIT-OPENCLAW_AKOS-15,INIT-OPENCLAW_AKOS-15,,,,,closure,active,low,2026-04-20,docs/wip/planning/15-hlk-api-lifecycle-governance/decision-log.md,,Closes INIT-OPENCLAW_AKOS-15 (status: closed); seeded from INITIATIVE_REGISTRY.csv during I59 P3.,auto-seeded from initiative_registry; verify prose body in decision-log.md
D-IH-18-CLOSURE,Closure decision for INIT-OPENCLAW_AKOS-18,INIT-OPENCLAW_AKOS-18,,,,,closure,active,low,2026-04-23,docs/wip/planning/18-hlk-finops-counterparty-stripe/decision-log.md,,Closes INIT-OPENCLAW_AKOS-18 (status: closed); seeded from INITIATIVE_REGISTRY.csv during I59 P3.,auto-seeded from initiative_registry; verify prose body in decision-log.md
D-IH-21-CLOSURE,Closure decision for INIT-OPENCLAW_AKOS-21,INIT-OPENCLAW_AKOS-21,,,,,closure,active,low,2026-04-28,docs/wip/planning/21-hlk-adviser-engagement-and-goipoi/decision-log.md,,Closes INIT-OPENCLAW_AKOS-21 (status: closed); seeded from INITIATIVE_REGISTRY.csv during I59 P3.,auto-seeded from initiative_registry; verify prose body in decision-log.md
D-IH-22-CLOSURE,Closure decision for INIT-OPENCLAW_AKOS-22,INIT-OPENCLAW_AKOS-22,,,,,closure,active,low,2026-04-29,docs/wip/planning/22-hlk-scalability-and-i21-closures/decision-log.md,,Closes INIT-OPENCLAW_AKOS-22 (status: closed); seeded from INITIATIVE_REGISTRY.csv during I59 P3.,auto-seeded from initiative_registry; verify prose body in decision-log.md
D-IH-23-CLOSURE,Closure decision for INIT-OPENCLAW_AKOS-23,INIT-OPENCLAW_AKOS-23,,,,,closure,active,low,2026-04-29,docs/wip/planning/23-hlk-program-registry-and-program-2/decision-log.md,,Closes INIT-OPENCLAW_AKOS-23 (status: closed); seeded from INITIATIVE_REGISTRY.csv during I59 P3.,auto-seeded from initiative_registry; verify prose body in decision-log.md
D-IH-25-CLOSURE,Closure decision for INIT-OPENCLAW_AKOS-25,INIT-OPENCLAW_AKOS-25,,,,,closure,active,low,2026-04-29,docs/wip/planning/25-hlk-topic-graph-and-km-scalability/decision-log.md,,Closes INIT-OPENCLAW_AKOS-25 (status: closed); seeded from INITIATIVE_REGISTRY.csv during I59 P3.,auto-seeded from initiative_registry; verify prose body in decision-log.md
D-IH-26-CLOSURE,Closure decision for INIT-OPENCLAW_AKOS-26,INIT-OPENCLAW_AKOS-26,,,,,closure,active,low,2026-04-29,docs/wip/planning/26-hlk-ops-hardening/decision-log.md,,Closes INIT-OPENCLAW_AKOS-26 (status: closed); seeded from INITIATIVE_REGISTRY.csv during I59 P3.,auto-seeded from initiative_registry; verify prose body in decision-log.md
D-IH-28-CLOSURE,Closure decision for INIT-OPENCLAW_AKOS-28,INIT-OPENCLAW_AKOS-28,,,,,closure,active,low,2026-05-05,docs/wip/planning/28-investor-style-company-dossier/decision-log.md,,Closes INIT-OPENCLAW_AKOS-28 (status: closed); seeded from INITIATIVE_REGISTRY.csv during I59 P3.,auto-seeded from initiative_registry; verify prose body in decision-log.md
D-IH-29-CLOSURE,Closure decision for INIT-OPENCLAW_AKOS-29,INIT-OPENCLAW_AKOS-29,,,,,closure,active,low,2026-05-05,docs/wip/planning/29-multi-phase-consolidation/decision-log.md,,Closes INIT-OPENCLAW_AKOS-29 (status: closed); seeded from INITIATIVE_REGISTRY.csv during I59 P3.,auto-seeded from initiative_registry; verify prose body in decision-log.md
D-IH-30-CLOSURE,Closure decision for INIT-OPENCLAW_AKOS-30,INIT-OPENCLAW_AKOS-30,,,,,closure,active,low,2026-05-05,docs/wip/planning/30-deck-moat-surgery/decision-log.md,,Closes INIT-OPENCLAW_AKOS-30 (status: closed); seeded from INITIATIVE_REGISTRY.csv during I59 P3.,auto-seeded from initiative_registry; verify prose body in decision-log.md
D-IH-31-CLOSURE,Closure decision for INIT-OPENCLAW_AKOS-31,INIT-OPENCLAW_AKOS-31,,,,,closure,active,low,2026-05-05,docs/wip/planning/31-holistik-ops-discovery/decision-log.md,,Closes INIT-OPENCLAW_AKOS-31 (status: closed); seeded from INITIATIVE_REGISTRY.csv during I59 P3.,auto-seeded from initiative_registry; verify prose body in decision-log.md
D-IH-32-CLOSURE,Closure decision for INIT-OPENCLAW_AKOS-32,INIT-OPENCLAW_AKOS-32,,,,,closure,active,low,2026-05-04,docs/wip/planning/32-holistik-ops-maturation/decision-log.md,,Closes INIT-OPENCLAW_AKOS-32 (status: closed); seeded from INITIATIVE_REGISTRY.csv during I59 P3.,auto-seeded from initiative_registry; verify prose body in decision-log.md
D-IH-45-CLOSURE,Closure decision for INIT-OPENCLAW_AKOS-45,INIT-OPENCLAW_AKOS-45,,,,,closure,active,low,2026-05-04,docs/wip/planning/45-live-eval-harness/decision-log.md,,Closes INIT-OPENCLAW_AKOS-45 (status: closed); seeded from INITIATIVE_REGISTRY.csv during I59 P3.,auto-seeded from initiative_registry; verify prose body in decision-log.md
D-IH-46-CLOSURE,Closure decision for INIT-OPENCLAW_AKOS-46,INIT-OPENCLAW_AKOS-46,,,,,closure,active,low,2026-05-03,docs/wip/planning/46-neo4j-strategic-posture/decision-log.md,,Closes INIT-OPENCLAW_AKOS-46 (status: closed); seeded from INITIATIVE_REGISTRY.csv during I59 P3.,auto-seeded from initiative_registry; verify prose body in decision-log.md
D-IH-47-CLOSURE,Closure decision for INIT-OPENCLAW_AKOS-47,INIT-OPENCLAW_AKOS-47,,,,,closure,active,low,2026-05-02,docs/wip/planning/47-user-centric-uat/decision-log.md,,Closes INIT-OPENCLAW_AKOS-47 (status: closed); seeded from INITIATIVE_REGISTRY.csv during I59 P3.,auto-seeded from initiative_registry; verify prose body in decision-log.md
D-IH-48-CLOSURE,Closure decision for INIT-OPENCLAW_AKOS-48,INIT-OPENCLAW_AKOS-48,,,,,closure,active,low,2026-05-02,docs/wip/planning/48-operator-dossier/decision-log.md,,Closes INIT-OPENCLAW_AKOS-48 (status: closed); seeded from INITIATIVE_REGISTRY.csv during I59 P3.,auto-seeded from initiative_registry; verify prose body in decision-log.md
D-IH-49-CLOSURE,Closure decision for INIT-OPENCLAW_AKOS-49,INIT-OPENCLAW_AKOS-49,,,,,closure,active,low,2026-05-03,docs/wip/planning/49-madeira-management-rollup/decision-log.md,,Closes INIT-OPENCLAW_AKOS-49 (status: closed); seeded from INITIATIVE_REGISTRY.csv during I59 P3.,auto-seeded from initiative_registry; verify prose body in decision-log.md
D-IH-50-CLOSURE,Closure decision for INIT-OPENCLAW_AKOS-50,INIT-OPENCLAW_AKOS-50,,,,,closure,active,low,2026-05-03,docs/wip/planning/50-live-cycle-closure/decision-log.md,,Closes INIT-OPENCLAW_AKOS-50 (status: closed); seeded from INITIATIVE_REGISTRY.csv during I59 P3.,auto-seeded from initiative_registry; verify prose body in decision-log.md
D-IH-51-CLOSURE,Closure decision for INIT-OPENCLAW_AKOS-51,INIT-OPENCLAW_AKOS-51,,,,,closure,active,low,2026-05-03,docs/wip/planning/51-persona-calibration-cleanup/decision-log.md,,Closes INIT-OPENCLAW_AKOS-51 (status: closed); seeded from INITIATIVE_REGISTRY.csv during I59 P3.,auto-seeded from initiative_registry; verify prose body in decision-log.md
D-IH-52-CLOSURE,Closure decision for INIT-OPENCLAW_AKOS-52,INIT-OPENCLAW_AKOS-52,,,,,closure,active,low,2026-05-03,docs/wip/planning/52-multi-model-judge-and-cost-discipline/decision-log.md,,Closes INIT-OPENCLAW_AKOS-52 (status: closed); seeded from INITIATIVE_REGISTRY.csv during I59 P3.,auto-seeded from initiative_registry; verify prose body in decision-log.md
D-IH-53-CLOSURE,Closure decision for INIT-OPENCLAW_AKOS-53,INIT-OPENCLAW_AKOS-53,,,,,closure,active,low,2026-05-03,docs/wip/planning/53-graphrag-poc-closure/decision-log.md,,Closes INIT-OPENCLAW_AKOS-53 (status: closed); seeded from INITIATIVE_REGISTRY.csv during I59 P3.,auto-seeded from initiative_registry; verify prose body in decision-log.md
D-IH-54-CLOSURE,Closure decision for INIT-OPENCLAW_AKOS-54,INIT-OPENCLAW_AKOS-54,,,,,closure,active,low,2026-05-04,docs/wip/planning/54-surface-test-hardening/decision-log.md,,Closes INIT-OPENCLAW_AKOS-54 (status: closed); seeded from INITIATIVE_REGISTRY.csv during I59 P3.,auto-seeded from initiative_registry; verify prose body in decision-log.md
D-IH-57-CLOSURE,Closure decision for INIT-OPENCLAW_AKOS-57,INIT-OPENCLAW_AKOS-57,,,,,closure,active,low,2026-05-04,docs/wip/planning/57-cycle-closeout-live-validation/decision-log.md,,Closes INIT-OPENCLAW_AKOS-57 (status: closed); seeded from INITIATIVE_REGISTRY.csv during I59 P3.,auto-seeded from initiative_registry; verify prose body in decision-log.md
D-IH-58-CLOSURE,Closure decision for INIT-OPENCLAW_AKOS-58,INIT-OPENCLAW_AKOS-58,,,,,closure,active,low,2026-05-06,docs/wip/planning/58-cycle-2-multi-track-forward/decision-log.md,,Closes INIT-OPENCLAW_AKOS-58 (status: closed); seeded from INITIATIVE_REGISTRY.csv during I59 P3.,auto-seeded from initiative_registry; verify prose body in decision-log.md
D-IH-OPS-1,Full-parity Supabase reconciliation approved,INIT-OPENCLAW_AKOS-22A,,,,,execution,active,medium,2026-05-04,docs/wip/planning/22a-i22-post-closure-followups/decision-log.md,,Reverse-import + apply migrations to bring MasterData Supabase to ledger parity (I49 + I51 + I14-phase-3).,
D-IH-OPS-2,Rename I14 Phase 3 migration to clean tail timestamp,INIT-OPENCLAW_AKOS-22A,,,,,execution,active,low,2026-05-04,docs/wip/planning/22a-i22-post-closure-followups/decision-log.md,,Idempotent reapply at 20260503190000 to keep migration ledger linear.,
D-IH-OPS-3,Reverse-import kirbe.monitoring_logs_retention to git,INIT-OPENCLAW_AKOS-22A,,,,,execution,active,low,2026-05-04,docs/wip/planning/22a-i22-post-closure-followups/decision-log.md,,Pre-existing remote body imported to git so git remains SSOT.,
D-IH-46-Decision-P3-NO-SHIP-2026-05-03,GraphRAG PoC NO-SHIP verdict (D-IH-46-E non-additive bar),INIT-OPENCLAW_AKOS-46,,OPS-53-1,,,closure,active,high,2026-05-03,docs/wip/planning/46-neo4j-strategic-posture/decision-log.md,,Non-additive bar (≥3pp / ≥30% / ≥40%) not cleared; ship deferred under conditional gate.,
D-IH-58-I,Judge live-API wiring + roster pivot under operator go-all-out,INIT-OPENCLAW_AKOS-58,,OPS-58-1;OPS-58-2,,,execution,active,medium,2026-05-06,docs/wip/planning/58-cycle-2-multi-track-forward/decision-log.md,,Wired _call_member_via_api for live Anthropic + OpenAI dispatch; pivoted to all-Anthropic roster after key probe.,
D-IH-58-J,OPS-58-3 forwarded as engineering follow-up,INIT-OPENCLAW_AKOS-58,,OPS-58-3,,,scope,active,high,2026-05-06,docs/wip/planning/58-cycle-2-multi-track-forward/decision-log.md,,Persona-aware offline _heuristic_persona_fit fix (RICE 149) closes the persona=None rubric gap.,
D-IH-58-K,OpenAI key rotation forwarded as operator action,INIT-OPENCLAW_AKOS-58,,OPS-58-2,,,execution,active,high,2026-05-06,docs/wip/planning/58-cycle-2-multi-track-forward/decision-log.md,,Existing key returns 401; operator rotates and updates ~/.openclaw/.env (RICE 144).,
D-IH-65-A,Panel placement (new top-level operator group /operator/planning/),INIT-OPENCLAW_AKOS-65,,,,,architecture,active,medium,2026-05-07,docs/wip/planning/65-akos-planning-workspace-panel/decision-log.md,,New top-level /operator/planning/ group; existing /operator/initiatives stays as registry-rolled view; no nesting under /mission-control to keep MC at 7 tiles.,
D-IH-65-B,"Markdown rendering source (live GitHub Contents API, 60s cache, 5-min Supabase fallback)",INIT-OPENCLAW_AKOS-65,,,,,architecture,active,low,2026-05-07,docs/wip/planning/65-akos-planning-workspace-panel/decision-log.md,,GitHub is SSOT for markdown; mirror lag rejected; deploy-time prebuild rejected; primary path is GitHub Contents API; secondary cache fallback only on outage.,
D-IH-65-C,Time-travel via ?ref=<sha> query string (with date-picker resolver),INIT-OPENCLAW_AKOS-65,,,,,architecture,active,low,2026-05-07,docs/wip/planning/65-akos-planning-workspace-panel/decision-log.md,,Use git-native history via GitHub Contents ?ref=<sha>; reject Supabase historical snapshots (duplicates git); date-picker resolver via git rev-list --before; feature-flagged off if not ready by P3.,
D-IH-66-A,Brand architecture pattern,INIT-OPENCLAW_AKOS-66,,,,,architecture,active,medium,2026-05-08,docs/wip/planning/66-brand-vision-ops-sweep/decision-log.md,,Branded House selected for one legal entity one umbrella brand and three delivery modes.,
D-IH-66-B,Sub-mark voice tier,INIT-OPENCLAW_AKOS-66,,,,,architecture,active,medium,2026-05-08,docs/wip/planning/66-brand-vision-ops-sweep/decision-log.md,,Two-tier voice model selected for master voice plus delivery-mode modulation.,
D-IH-66-C,Trademark filing scope,INIT-OPENCLAW_AKOS-66,,,,,scope,active,medium,2026-05-08,docs/wip/planning/66-brand-vision-ops-sweep/decision-log.md,,Strategy and ready-to-sign filing data delivered while submission remains operator and counsel driven.,
D-IH-66-D,Spanish and French voice canonicals,INIT-OPENCLAW_AKOS-66,,,,,scope,active,low,2026-05-08,docs/wip/planning/66-brand-vision-ops-sweep/decision-log.md,,Spanish deep enrichment and French canonical selected based on transcript evidence.,
D-IH-66-E,Manifesto rewrite scope,INIT-OPENCLAW_AKOS-66,,,,,scope,active,medium,2026-05-08,docs/wip/planning/66-brand-vision-ops-sweep/decision-log.md,,All five manifesto entries kept in scope to avoid known drift.,
D-IH-66-F,Other website content scope,INIT-OPENCLAW_AKOS-66,,,,,scope,active,medium,2026-05-08,docs/wip/planning/66-brand-vision-ops-sweep/decision-log.md,,Home services tech-lab how-we-work and vision surfaces kept in P5 scope with direct-access correction later.,
D-IH-66-G,Boilerplate default theme,INIT-OPENCLAW_AKOS-66,,,,,architecture,active,low,2026-05-08,docs/wip/planning/66-brand-vision-ops-sweep/decision-log.md,,Boilerplate dark default preserved while operator surface theme remains separate.,
D-IH-66-H,Legacy dashboard and auth boundary,INIT-OPENCLAW_AKOS-66,,,,,governance,active,medium,2026-05-08,docs/wip/planning/66-brand-vision-ops-sweep/decision-log.md,,Legacy dashboard and auth routes are out of Impeccable scope and protected by noindex posture.,
D-IH-66-I,Vision artifact split,INIT-OPENCLAW_AKOS-66,,,,,architecture,active,low,2026-05-08,docs/wip/planning/66-brand-vision-ops-sweep/decision-log.md,,One BRAND_VISION canonical with public-region markers selected over two SSOTs.,
D-IH-66-J,I67 paired research input scope,INIT-OPENCLAW_AKOS-66,INIT-OPENCLAW_AKOS-67,,,,scope,active,low,2026-05-08,docs/wip/planning/66-brand-vision-ops-sweep/decision-log.md,,Transcript evidence feeds both I66 voice mining and I67 funnel mining.,
D-IH-66-K,I67 scaffold strength,INIT-OPENCLAW_AKOS-66,INIT-OPENCLAW_AKOS-67,,,,scope,active,low,2026-05-08,docs/wip/planning/66-brand-vision-ops-sweep/decision-log.md,,I67 scaffold remains research-first and deliberately underlocked.,
D-IH-66-L,I66 packaging model,INIT-OPENCLAW_AKOS-66,,,,,governance,active,low,2026-05-08,docs/wip/planning/66-brand-vision-ops-sweep/decision-log.md,,Mega initiative with checkpoints selected over artificial split initiatives.,
D-IH-66-M,Baseline Reality canonical visibility,INIT-OPENCLAW_AKOS-66,,,,,governance,active,medium,2026-05-08,docs/wip/planning/66-brand-vision-ops-sweep/decision-log.md,,Dual-register matrix selected for internal rigor and external safe messaging.,
D-IH-66-N,HLK abbreviation governance,INIT-OPENCLAW_AKOS-66,,,,,governance,active,low,2026-05-08,docs/wip/planning/66-brand-vision-ops-sweep/decision-log.md,,HLK allowed only in governed paired contexts and technical contexts.,
D-IH-66-O,Logo audit decisions,INIT-OPENCLAW_AKOS-66,,,,,architecture,active,medium,2026-05-08,docs/wip/planning/66-brand-vision-ops-sweep/decision-log.md,,Multi-context logo system selected with Hi monogram primary and RGB rings deprecated.,
D-IH-66-P,Agent checkpoint discipline,INIT-OPENCLAW_AKOS-66,,,,,governance,active,low,2026-05-08,docs/wip/planning/66-brand-vision-ops-sweep/decision-log.md,,Long-running pause and self-checkpoint discipline codified as a cursor rule.,
D-IH-66-Q,Methodology track-record evidence,INIT-OPENCLAW_AKOS-66,,,,,governance,active,medium,2026-05-08,docs/wip/planning/66-brand-vision-ops-sweep/decision-log.md,,Anonymized founder track record selected for investor and credibility materials.,
D-IH-66-R,Intelligence working space,INIT-OPENCLAW_AKOS-66,,,,,architecture,active,low,2026-05-08,docs/wip/planning/66-brand-vision-ops-sweep/decision-log.md,,docs/wip/intelligence selected for operator-private working artifacts.,
D-IH-66-S,Impeccable baseline reality gate,INIT-OPENCLAW_AKOS-66,,,,,architecture,active,low,2026-05-08,docs/wip/planning/66-brand-vision-ops-sweep/decision-log.md,,BASELINE_REALITY.md added as Impeccable setup gate for multi-audience surfaces.,
D-IH-66-T,I67 RevOps Discovery naming,INIT-OPENCLAW_AKOS-66,INIT-OPENCLAW_AKOS-67,,,,scope,active,medium,2026-05-08,docs/wip/planning/66-brand-vision-ops-sweep/decision-log.md,,RevOps Discovery selected as broader successor frame pending research validation.,
D-IH-66-U,Trademark filing scope expansion,INIT-OPENCLAW_AKOS-66,,,,,scope,active,medium,2026-05-09,docs/wip/planning/66-brand-vision-ops-sweep/decision-log.md,,Trademark filing scope expanded to 7 marks across EUIPO and OEPM with ready-to-sign data per TRADEMARK_FILING_STRATEGY_2026-05; operator and counsel drive submission per D-IH-66-C handoff boundary.,
D-IH-66-V,Trademark naming governance SOP,INIT-OPENCLAW_AKOS-66,,,,,governance,active,low,2026-05-09,docs/wip/planning/66-brand-vision-ops-sweep/decision-log.md,,8-step naming governance SOP (SOP-TRADEMARK_NAMING_GOVERNANCE_001) with mandatory operator pause-point at Step 6 for any new sub-mark or product brand; binds 17th active I66 SOP.,
D-IH-66-W,"Legal templates suite (NDA, DPA, MSA, SOW) plus boilerplate legal pages",INIT-OPENCLAW_AKOS-66,,,,,architecture,active,low,2026-05-09,docs/wip/planning/66-brand-vision-ops-sweep/decision-log.md,,"Four legal templates (mutual NDA, GDPR Art 28 DPA, 11-section MSA, per-engagement SOW) plus 3 boilerplate website pages (cookies, privacy, terms) anchored to Holistika Research SL Branded House per D-IH-66-A.",
D-IH-66-X,SOP-META cross-reference section for active I66 SOPs,INIT-OPENCLAW_AKOS-66,,,,,governance,active,low,2026-05-09,docs/wip/planning/66-brand-vision-ops-sweep/decision-log.md,,SOP-META_PROCESS_MGMT_001 section 7 added 5 sub-tables cross-referencing all 16 active I66 SOPs; closes the markdown-only-reference gap that validators cannot otherwise catch.,
D-IH-66-Y,Per-initiative files-modified.csv tracking discipline,INIT-OPENCLAW_AKOS-66,,,,,governance,active,low,2026-05-09,docs/wip/planning/66-brand-vision-ops-sweep/decision-log.md,,Every initiative folder under docs/wip/planning/<NN-slug>/ carries a files-modified.csv tracking every file change across all initiative commits with rich per-row metadata; codified in akos-planning-traceability cursor rule.,
D-IH-66-Z,files-modified.csv schema extension to 18 columns,INIT-OPENCLAW_AKOS-66,,,,,governance,active,low,2026-05-09,docs/wip/planning/66-brand-vision-ops-sweep/decision-log.md,,"files-modified.csv schema extended from 14 to 18 columns (added role_owner, area, entity, repo); process_ids re-attributed thoroughly so every brand-related file maps to at least its governing process.",
D-IH-66-AA,Strict-mode jargon promotion,INIT-OPENCLAW_AKOS-66,,,,,governance,active,medium,2026-05-09,docs/wip/planning/66-brand-vision-ops-sweep/decision-log.md,,"Brand jargon audit promoted to strict-mode; AKOS, RBAC, RLS, pgvector, FDW, KM, MASTER, and TODO[OPERATOR-x] forbidden in customer-facing prose per BRAND_JARGON_AUDIT.md section 4.",
D-IH-66-AB,Vercel build-failure patterns canon,INIT-OPENCLAW_AKOS-66,,,,,governance,active,low,2026-05-09,docs/wip/planning/66-brand-vision-ops-sweep/decision-log.md,,Vercel build-failure pattern catalog documented as canonical reference; informs CICD recovery discipline that I68 absorbs as automation per D-IH-66-AC.,
D-IH-66-AC,Recurrent CICD smoke discipline cursor rule (I68 inception),INIT-OPENCLAW_AKOS-66,INIT-OPENCLAW_AKOS-68,,,,architecture,active,medium,2026-05-09,docs/wip/planning/66-brand-vision-ops-sweep/decision-log.md,,akos-deploy-health.mdc cursor rule generalised by removing boilerplate-specific tunnel vision; this rule is the discipline while I68 is the automation; inception decision for I68 CICD Discipline plus Observability Maturity initiative.,
D-IH-66-AD,Direct-access /services and /how-we-work routing,INIT-OPENCLAW_AKOS-66,,,,,scope,active,medium,2026-05-09,docs/wip/planning/66-brand-vision-ops-sweep/decision-log.md,,P5 /services and /how-we-work pages exist as direct-access (known-route) until RevOps and marketing sweep matures the surrounding journeys; not yet exposed via public navigation.,
D-IH-66-CLOSURE,I66 closure,INIT-OPENCLAW_AKOS-66,INIT-OPENCLAW_AKOS-67,,,,closure,active,low,2026-05-09,docs/wip/planning/66-brand-vision-ops-sweep/reports/uat-i66-brand-vision-ops-sweep-2026-05-09.md,,I66 P0-P8 completed and I67 scaffolded as gated successor.,
D-IH-70-A,Federal canonicals architecture,INIT-OPENCLAW_AKOS-70,,,,,architecture,active,low,2026-05-12,docs/wip/planning/70-holistika-os-self-governance/reports/p3-topology-decisions-pause-record.md,,"Federate every canonical CSV/MD into owning area-role canonicals/ folder; promote compliance home to v3.0/Admin/O5-1/People/Compliance/canonicals/ (L6 CPO master); create CANONICAL_REGISTRY.csv; per-role Supabase schemas with single underscore (marketing_brand, operations_pmo, etc.) per H6.",Resolves Conundrum 1 + Conundrum 10. Phase 4.5 executes migration in 3 waves; v3.1 release tag follows initiative completion per operator-stated trigger.
D-IH-70-B,Envoy Tech Lab consolidation + full v3.0 file-structure regression,INIT-OPENCLAW_AKOS-70,,,,,architecture,active,low,2026-05-12,docs/wip/planning/70-holistika-os-self-governance/reports/p3-topology-decisions-pause-record.md,,Consolidate 2 ETL folders into Admin/O5-1/Envoy Tech Lab/ (Option B); Phase 2 section 2.5 NEW catalogs every v3.0 folder verdict against baseline_organisation.csv reality + the federal canonical pattern.,Resolves Conundrum 2. P2.5 inline-ratify gate ratified 5 verdicts + 2 forward-context expansions; sub-decisions D-IH-70-B.1 through B.5.
D-IH-70-C,Data + Tech consolidation: opt-keep-separate,INIT-OPENCLAW_AKOS-70,,,,,architecture,active,low,2026-05-12,docs/wip/planning/70-holistika-os-self-governance/reports/p3-topology-decisions-pause-record.md,,Keep v3.0/Admin/O5-1/Data/ and v3.0/Admin/O5-1/Tech/ as separate top-level areas (current state). Data is statistician-led; Tech is engineer-led; separation respects role-owner-canonical contract.,Re-evaluate on next v3.x review.
D-IH-70-D,Research & Logic in git: opt-sparse-mirror,INIT-OPENCLAW_AKOS-70,,,,,architecture,active,low,2026-05-12,docs/wip/planning/70-holistika-os-self-governance/reports/p3-topology-decisions-pause-record.md,,"Sparse mirror with LFS for binaries (.docx, .xlsx, .pdf); R&L is classified reference_only per Phase 4 section 11; agent-only content channel pattern per Phase 4 section 14 governs read access.",Drive remains primary authoring surface; git provides agent reading access without ballooning repo. Migration plan defines which 5-10 high-value R&L assets get LFS-tracked first.
D-IH-70-E,Temp ingress timebox: opt-timebox,INIT-OPENCLAW_AKOS-70,,,,,execution,active,low,2026-05-12,docs/wip/planning/70-holistika-os-self-governance/reports/p3-topology-decisions-pause-record.md,,"Hybrid with timeboxed staging. temp-move-or-delete-*/ folders are acceptable provided every file has a target-path within 2 weeks; after timebox expires, the temp folder enters CRITICAL state and operator must triage.",Validator (scripts/validate_temp_ingress.py NEW) reads timestamp from folder name + flags overdue.
D-IH-70-F,Engagement registry full build: opt-build-now,INIT-OPENCLAW_AKOS-70,,,,,architecture,active,low,2026-05-12,docs/wip/planning/70-holistika-os-self-governance/reports/p3-topology-decisions-pause-record.md,,"Build full ENGAGEMENT_REGISTRY.csv + Supabase mirror + ERP panel slot in Phase 8. Engagement count already 4-5 (SUEZ, Asesoria, Service Management internal, future advisers, future Holistik Researcher cohort); build cost low; discipline payoff high.",
D-IH-70-G,GOI class enrichment: opt-extend-enum + multi-source regression hunt,INIT-OPENCLAW_AKOS-70,,,,,execution,active,low,2026-05-12,docs/wip/planning/70-holistika-os-self-governance/reports/p3-topology-decisions-pause-record.md,,"Extend GOI/POI class enum for trainee + sister-business PLUS perform regression search across all evidence sources (temp-context, R&L, previous-project, current engagements, baseline_organisation, decision-log) to surface additional missed classes. Phase 8 section 8.7 inline-ratify gate via AskQuestion before any non-trainee/sister-business enum extension.",Resolves Conundrum 3.
D-IH-70-H,MADEIRA vault structure: opt-hybrid,INIT-OPENCLAW_AKOS-70,,,,,architecture,active,low,2026-05-12,docs/wip/planning/70-holistika-os-self-governance/reports/p3-topology-decisions-pause-record.md,,Programs canonical at System Owner/programs/<product>/ (governance home); product-specific docs at Envoy Tech Lab/<product>/ (artifact home). Aligns with WORKSPACE_BLUEPRINT sub-mark functional split (governance vs delivery).,
D-IH-70-I,AKOS branding hygiene: opt-strict,INIT-OPENCLAW_AKOS-70,,,,,governance,active,low,2026-05-12,docs/wip/planning/70-holistika-os-self-governance/reports/p3-topology-decisions-pause-record.md,,No AKOS mention in customer-facing prose anywhere; customer packs use 'Holistika OS' or 'the Holistika methodology' only. Codified in BRAND_JARGON_AUDIT.md section 4.,
D-IH-70-J,Mirrors completeness: opt-build-now,INIT-OPENCLAW_AKOS-70,,,,,architecture,active,low,2026-05-12,docs/wip/planning/70-holistika-os-self-governance/reports/p3-topology-decisions-pause-record.md,,"Add component_service_matrix_mirror for symmetry with other governance views. Goal of the ERP is to facilitate ingestion of massive volume of data/dimensions for humans, with 2-way sync activating when AKOS is completed enough to invite others. Links to Phase 4.6 ERP architecture canonical + Phase 10.5 TSX scaffolds.",Resolves Conundrum 4 (ERP heavy-depth canonical depth) via Phase 4.6 + Phase 10.5 split.
D-IH-70-K,docs/wip placement: opt-keep-top-level + MADEIRA-AKOS reserved folder,INIT-OPENCLAW_AKOS-70,,,,,architecture,active,low,2026-05-12,docs/wip/planning/70-holistika-os-self-governance/reports/p3-topology-decisions-pause-record.md,,Keep docs/wip/ at top level interim; CREATE v3.0/Envoy Tech Lab/MADEIRA-AKOS/wip/ (Phase 4.8) as the destination-when-OS-migration-triggers. Phase 4 section 15.2 defines 4 named OS-migration triggers + how-to migration script.,Resolves Conundrum 5.
D-IH-70-L,Asesoria as type-5 outbound-internal sister-business,INIT-OPENCLAW_AKOS-70,INIT-OPENCLAW_AKOS-70,,,,execution,active,low,2026-05-12,docs/wip/planning/70-holistika-os-self-governance/reports/p3-topology-decisions-pause-record.md,,Asesoria Hosteleria engagement classified as type-5 outbound-internal sister-business (related-party + advisory shape; sister hospitality SME). Triggers class enum extension for sister-business in D-IH-70-N.,
D-IH-70-M,Holistik Researcher = role row + cohort tag,INIT-OPENCLAW_AKOS-70,,,,,execution,active,low,2026-05-12,docs/wip/planning/70-holistika-os-self-governance/reports/p3-topology-decisions-pause-record.md,,Holistik Researcher is a baseline_organisation.csv role row (already exists as Holistik Researcher Trainee per P13.4); cohort onboarding deferred to I73 (People Operations + Learning curriculum).,
D-IH-70-N,Class enum extension: trainee + sister-business + multi-source class regression hunt,INIT-OPENCLAW_AKOS-70,,,,,execution,active,low,2026-05-12,docs/wip/planning/70-holistika-os-self-governance/reports/p3-topology-decisions-pause-record.md,,Extend GOI/POI class enum for trainee + sister-business; Phase 8 section 8.7 executes the multi-source regression hunt (temp-context + R&L + previous-project + current engagements + baseline_organisation + decision-log) to surface additional missed classes; ranked candidate list with citations + operator-ratification gate before any non-trainee/sister-business enum extension.,Resolves Conundrum 3 + scope-extension of D-IH-70-G.
D-IH-70-O,Three-tier WIP topology (Research-owned + PMO-owned + area-scoped),INIT-OPENCLAW_AKOS-70,,,,,architecture,active,low,2026-05-12,docs/wip/planning/70-holistika-os-self-governance/reports/p3-topology-decisions-pause-record.md,,"Codify 3-tier WIP topology: Tier 1 docs/wip/intelligence/ (Research-owned, cross-area); Tier 2 docs/wip/planning/ (PMO-owned, initiative-scoped); Tier 3 <area>/<role>/wip/ (area-scoped, role-owned). PMO meta-governs lifecycle universally via SOP-WIP_LIFECYCLE_001 NEW.",Resolves Conundrum 6. Phase 4 section 17 authors WORKSPACE_BLUEPRINT extension.
D-IH-70-P,Bilingual README pattern (separate files),INIT-OPENCLAW_AKOS-70,,,,,architecture,active,low,2026-05-12,docs/wip/planning/70-holistika-os-self-governance/reports/p3-topology-decisions-pause-record.md,,"Per-engagement bilingual README authored as 3 separate files at engagement root: README.md (5-line pointer), README.fr.md (full FR), README.en.md (full EN). Per-language validators run independently; per-language Drive sync. Default README.md is brand-only voice with brand cross-link.",Resolves Conundrum 7. Phase 7 section 7.6 NEW codifies; SUEZ engagement README rebuilt per this pattern at Phase 7.
D-IH-70-Q,People area restructure: Compliance + Ethics + Learning + People Ops,INIT-OPENCLAW_AKOS-70,,,,,architecture,active,low,2026-05-12,docs/wip/planning/70-holistika-os-self-governance/reports/p3-topology-decisions-pause-record.md,,Split Talent monolith (legacy) into 4 sub-roles: Compliance + Ethics + Learning + People Operations. ETHICAL_AUTOMATION_POSTURE.md homed at People/Ethics/canonicals/ (P9). Holistik Researcher onboarding curriculum lives at People/Learning/canonicals/ (deferred to I73).,Resolves Conundrum 8. Brand-positioning rationale: 'we become unethical when we unlearn' is a Holistika differentiator that links Ethics + Learning as inseparable disciplines. Phase 8 section 8.5 executes split.
D-IH-70-R,SMO vs Account Management distinction,INIT-OPENCLAW_AKOS-70,,,,,architecture,active,low,2026-05-12,docs/wip/planning/70-holistika-os-self-governance/reports/p3-topology-decisions-pause-record.md,,SMO at Operations/SMO/ owns the WHAT (service catalog + SLAs + change/incident/release management - ITIL-derived). Account Management at Marketing/Resonance/Account Management/ owns the WHO (relationship + retention + customer success). Both active now (not forward-looking) per operator's Batard precedent + EFA maintenance request.,Resolves Conundrum 9. Phase 8 section 8.6 + section 8.4 execute.
D-IH-70-S,Research as new top-level area (R2 design: 4 disciplines),INIT-OPENCLAW_AKOS-70,,,,,architecture,active,low,2026-05-12,docs/wip/planning/70-holistika-os-self-governance/reports/p3-topology-decisions-pause-record.md,,"Promote Research from Admin/O5-1/Research/ sub-area to top-level area: Methodology + Intelligence + Diagnosis + Validation as 4 disciplines (mirrors Brand sub-discipline ontology). Existing technique folders (Methodology Pillars, Research Techniques, HUMINT, OSINT, Deep Research, Intelligence Matrix) mapped under disciplines. Roles cross-cut: Research Director + Research Analyst + KM Officer + Holistik Researcher. Research owns docs/wip/intelligence/.",Resolves Conundrum 11. Phase 4.7 NEW executes.
D-IH-70-T,Marketing area redesign (M3): Brand + Reach + Resonance + Storytelling + Experimentation,INIT-OPENCLAW_AKOS-70,,,,,architecture,active,low,2026-05-12,docs/wip/planning/70-holistika-os-self-governance/reports/p3-topology-decisions-pause-record.md,,Redesign Marketing into 5 sub-areas using brand-friendly Holistik verbs: Brand (saying) + Reach (extending: acquisition + Demand Generation + Paid Media migrated from Social) + Resonance (deepening: Account Management + Community Manager migrated from Social) + Storytelling (conveying: PR + Thought Leadership + Corporate Marketing) + Experimentation (testing: Growth Hacker + Marketing Analytics). Existing Growth folder + GTM SOPs migrate into Reach.,Resolves Conundrum 12. I67 RevOps Discovery initiative renamed to I72 Marketing Area Governance. Phase 8 section 8.4 executes.
D-IH-70-U,P2.5 spot-check Q1 (D-IH-70-B sub): ETL consolidation direction,INIT-OPENCLAW_AKOS-70,,,,,execution,active,low,2026-05-12,docs/wip/planning/70-holistika-os-self-governance/reports/p3-topology-decisions-pause-record.md,,Verdict ratified: opt-a-into-admin (move top-level Envoy Tech Lab/* INTO Admin/O5-1/Envoy Tech Lab/; consolidated home; Phase 4.5 wave 3).,Sub-decision of D-IH-70-B; ratified via inline AskQuestion in I70 P2 execution chat per H1 + .cursor/rules/akos-inline-ratification.mdc. Sub-decision of D-IH-70-B (P2.5 audit inline-ratify gate).
D-IH-70-V,P2.5 spot-check Q2 (D-IH-70-B sub): Admin/AI/* historical merge + AIC-as-category framing,INIT-OPENCLAW_AKOS-70,,,,,architecture,active,low,2026-05-12,docs/wip/planning/70-holistika-os-self-governance/reports/p3-topology-decisions-pause-record.md,,Verdict ratified: opt-merge-into-products. Susana Madeira -> Envoy Tech Lab/MADEIRA/; AIC -> Envoy Tech Lab/MADEIRA-AKOS/historical-AIC/. Forward-context (load-bearing for P4.8 + P9): AIC is the category for non-MADEIRA AI agents (today including the Cursor-agent operational pattern); MADEIRA was originally conceived as the L6 founder-companion AI agent that today's Cursor-agent interactions empirically embody.,Founder principle 2.7 (computational tipping point) gets a worked-example sub-section at P9 citing this expansion. Sub-decision of D-IH-70-B (P2.5 audit inline-ratify gate).
D-IH-70-W,P2.5 spot-check Q3 (D-IH-70-B sub): IntelligenceOps placement,INIT-OPENCLAW_AKOS-70,,,,,architecture,active,low,2026-05-12,docs/wip/planning/70-holistika-os-self-governance/reports/p3-topology-decisions-pause-record.md,,Verdict ratified: opt-move-to-research-intelligence (move IntelligenceOps SOPs to Research/Intelligence/canonicals/ per Conundrum 11 + Phase 4.7).,Sub-decision of D-IH-70-B (P2.5 audit inline-ratify gate).
D-IH-70-X,P2.5 spot-check Q4 (D-IH-70-B sub): Corporate Marketing placement + Storytelling/Resonance boundary,INIT-OPENCLAW_AKOS-70,,,,,architecture,active,low,2026-05-12,docs/wip/planning/70-holistika-os-self-governance/reports/p3-topology-decisions-pause-record.md,,"Verdict ratified: opt-marketing-storytelling. Corporate Marketing moves to Marketing/Storytelling/Corporate Marketing/. Forward-context boundary contract (load-bearing for P8 section 8.4): Storytelling AUTHORS narrative artifacts (case studies, PR, thought-leadership content); Resonance CONSUMES (Account Management + Community Manager deploy artifacts in 1:1 relationship contexts). Single-ownership preserved by separating verbs author-vs-deploy.",Operator may amend at P8 section 8.4 execution time per inline-ratify discipline. BRAND_DISCIPLINE_ONTOLOGY.md (P5) section 'Marketing M3 sub-area boundaries' codifies if validated. Sub-decision of D-IH-70-B (P2.5 audit inline-ratify gate).
D-IH-70-Y,P2.5 spot-check Q5 (D-IH-70-B sub): REPOSITORY_REGISTRY home (Tech/System Owner),INIT-OPENCLAW_AKOS-70,,,,,execution,active,low,2026-05-12,docs/wip/planning/70-holistika-os-self-governance/reports/p3-topology-decisions-pause-record.md,,Verdict ratified: opt-tech-system-owner. REPOSITORY_REGISTRY.csv moves to Tech/System Owner/canonicals/REPOSITORY_REGISTRY.csv at Phase 4.5 wave 3. CANONICAL_REGISTRY at People/Compliance still references it cross-area.,Sub-decision of D-IH-70-B (P2.5 audit inline-ratify gate).
D-IH-70-Z,baseline_organisation.csv schema extension (sub_area + status) + Marketing M3 row migration (hard-remove Social Media Manager + Growth Manager),INIT-OPENCLAW_AKOS-70,,,,,architecture,active,medium,2026-05-13,docs/wip/planning/70-holistika-os-self-governance/checkpoints/v3.1-schema-migration-log-2026-05-13.md,,"Schema extension Option C ratified at P8 section 8.14 inline-ratify gate (operator response 2026-05-13). The plan-time intent for sub-area encoding and soft-state tracking was not crystallised into columns until v3.1; this decision crystallises it as the Marketing M3 redesign lands. New columns: sub_area (TEXT, hierarchical encoding within an area, e.g. Marketing/Reach, People/Compliance, Operations/SMO; nullable/empty allowed), status (TEXT, enum-checked: active / deprecated / pending; default 'active'). Hard-remove Option B for legacy roles (Growth Manager + Social Media Manager rows deleted, not soft-deprecated; ~20 process_list orphan rows reassigned to new M3 sub-area roles). 10 new role rows added under Marketing M3 sub-areas (Reach Manager, Demand Generation Manager, Resonance Manager, Account Management Manager, Storytelling Manager, PR Manager, Thought Leadership Editor, Experimentation Manager, Growth Hacker, Marketing Analytics Manager). Sister structural redesign D-IH-70-T provides the M3 target; this decision makes the schema and rows real.","Methodology versioning event (v3.0 to v3.1 transition). Operator-stated rationale: 'this kind of decisions will resurface a lot now that we're getting close to v3.1, because some design (no matter the area or process) were different or had a different intent from my side.' Checkpoint doc captures the schema-migration audit trail (forward + rollback) for reproducible future versioning events. Cross-references: 20260513140000_i70_p82_baseline_sub_area_status.sql (mirror DDL), akos/hlk_baseline_org_csv.py (FIELDNAMES SSOT), akos/models.py (OrgRole), GOVERNANCE_MOAT.md (metric refresh), deck_slides.yaml (slide 11 governance metrics refresh)."
D-IH-70-AC,GOI/POI class regression hunt (P8.5) - 4 new enum classes ratified (legal_counsel_external + supplier_infrastructure + competitor_intelligence_target + recruiter) + 3 new concrete rows (Spanish constitution-desk legal + ENISA + ShadowGPU),INIT-OPENCLAW_AKOS-70,INIT-OPENCLAW_AKOS-72,,,,architecture,active,low,2026-05-13,docs/wip/planning/70-holistika-os-self-governance/reports/p8-5-goi-class-hunt-2026-05-13.md,,"P8.5 inline-ratify gate (A14) outcomes 2026-05-13: 6-source evidence sweep produced 9 candidate-class table; operator ratified 4 add-to-enum (legal_counsel_external + supplier_infrastructure + competitor_intelligence_target + recruiter), 1 defer-to-I72 (business-developer-collaborator as persona within existing partner class), 4 add-to-enum-pre-emptively (Q6 bundle: regulator + media + recruiter — note: regulator + media already in validator's enum since I22 P4 D-IH-5; only recruiter is genuinely new). Concrete rows added: GOI-LEG-CONST-2026 (Spanish constitution-desk legal counsel under new legal_counsel_external class, stance=ally), GOI-INV-ENISA-2026 (Spanish state-backed startup investor under existing investor class, stance=neutral, public entity → real name allowed), GOI-SUP-SHGPU-2026 (GPU/cloud supplier candidate under new supplier_infrastructure class, stance=neutral pending commercial-terms ratification). Validator scripts/validate_goipoi_register.py CLASSES extended; supabase migration 20260513150000 adds class enum CHECK constraint (was previously plain TEXT). competitor_intelligence_target adds the relationship-row infrastructure (IntelligenceOps doctrine treats them as audit subjects requiring stance scoring per v2.7 ally/neutral/enemy framing); concrete competitor rows deferred to I72 IntelligenceOps register schema work.","Operator override on Q5: original recommendation was reject competitor-intelligence-target as 'audit subject not relationship'; operator overrode with 'we are researching having GOI/POI competitors too will help our intel ops across the board' — promoted to add-to-enum class. Cross-references: D-IH-70-AD (stance schema sister event); D-IH-70-G + D-IH-70-N (P3 GOI hunt deferral from which P8.5 inherits); INIT-OPENCLAW_AKOS-72 (I72 placeholder for the deferred work)."
D-IH-70-AD,GOI/POI stance dimension - new schema column codifying v2.7 ally/neutral/enemy intelligence-ops doctrine,INIT-OPENCLAW_AKOS-70,,,,,architecture,active,medium,2026-05-13,docs/references/hlk/v3.0/Research/Intelligence/canonicals/GOI_POI_STANCE_DOCTRINE.md,,"Schema extension at P8.5 inline-ratify gate (operator response 2026-05-13). Operator surfaced the v2.7 ally/neutral/enemy framing during Q5 deliberation — quote: 'to the allies, you give them free or very discounted or price-diluted added value; to the neutrals, you give value × revenue in the best way you can / no beta / no alpha; to the enemies, you never let them pay you, and if they do, make the project valuable enough to warrant sharing our capabilities.' v2.7 had this prose-only; v3.0 captured distance_band but not stance; v3.1 codifies stance as a first-class column on GOI_POI_REGISTER.csv. Schema choice (single column, not bidirectional): the operator's framing classifies entities mutually (one stance per row); engagement-posture rules infer what we offer based on this single value. Bidirectional split (their stance toward us vs our stance toward them) deferred until concrete divergence cases land. Enum: ally / neutral / enemy / unknown / empty (backwards-compatible default). Mirror DDL adds NOT VALID + VALIDATE CONSTRAINT pattern + covering index for stance-based governance queries. Doctrine canonical authored at docs/references/hlk/v3.0/Research/Intelligence/canonicals/GOI_POI_STANCE_DOCTRINE.md (homed under Research/Intelligence/canonicals/ per D-IH-70-W IntelligenceOps placement ratification). All 14 existing rows backfilled with stance values per operator's working knowledge: 8 ally, 5 neutral, 1 ally (Asesoría related-party).","Methodology versioning event continues from D-IH-70-Z (Marketing M3) + D-IH-70-AA (People restructure) + D-IH-70-AB (SMO enrichment). The pattern is now the v3.1 signature: identify a v2.7-prose-only operator concept, ratify single-column schema extension, populate existing rows, document the doctrine in a canonical .md, append decision-register row. This is the third schema-extension event in the same chat session; checkpoint doc captures the methodology versioning audit trail. Cross-references: 20260513150000_i70_p85_goipoi_stance_and_class_enum_extension.sql (mirror DDL), akos/hlk_goipoi_csv.py (FIELDNAMES SSOT), scripts/validate_goipoi_register.py (STANCES enum), tests/test_validate_goipoi_register.py (header invariant moved from related_party to stance), INTELLIGENCE_DISCIPLINE_CHARTER.md (parent canonical)."
D-IH-70-AB,SMO baseline row enrichment + SERVICE_CATALOG enrichment (4 new rows) + SLA_MATRIX cross-link (status review to active),INIT-OPENCLAW_AKOS-70,,,,,execution,active,low,2026-05-13,docs/wip/planning/70-holistika-os-self-governance/master-roadmap.md,,"Executes the deferred-completion of P8.4 originally specified at plan §8.4 (now §8.16). Existing SMO baseline row enriched (sub_area=SMO populated, role_description rewritten to identify SMO as the active charter owner of SERVICE_CATALOG + SLA_MATRIX + SOP-SERVICE_MGMT_001 + 3 ITIL SOPs deferred to I72). Service Delivery Manager + Account Manager + Asset Manager rows: sub_area=SMO populated. SERVICE_CATALOG.csv: 4 new service rows (SVC-002 EFA cobranding maintenance, SVC-003 SaaS runtime ops, SVC-004 ongoing-engineering-as-service template, SVC-005 render pipeline as internal service); now 5 rows total. SLA_MATRIX.md: per-service tier mapping table added (§6); status review to active. ITIL-derived ownership boundary (D-IH-70-R) preserved: SMO governs WHAT services run + change windows + catalogue; Account Manager governs HOW each customer relationship is governed.","Plan §8.16 specified ADD a new ops_smo_lead row, but the existing SMO row at line 22 already covers the operational charter (level 4, reports to COO, ITIL-derived). Operator-driven interpretation: enrich the existing SMO row rather than introduce a duplicate role. SVC-002 through SVC-005 follow operator's pre-sold posture per Conundrum 9 + retroactive Bâtard lesson on ongoing-engineering-as-service template. Cross-references: SOP-SERVICE_MGMT_001.md (active charter from 8f2559b commit), Phase 10 §16 render pipeline ownership matrix (linked from SVC-005), I72 P5 SaaS-customer-charter (SVC-003 24/7 P1 on-call rotation roster deferred)."
D-IH-70-AA,People area Talent monolith restructure (hard-remove Talent + Ethics & Learning) + sub-area split into Compliance + Ethics + Learning + People Operations,INIT-OPENCLAW_AKOS-70,,,,,architecture,active,medium,2026-05-13,docs/wip/planning/70-holistika-os-self-governance/checkpoints/v3.1-people-restructure-log-2026-05-13.md,,"Executes D-IH-70-Q (P3 People area restructure ratification) at P8 section 8.15 via the same hard-remove + extend pattern that landed for Marketing M3 in D-IH-70-Z. Hard-remove: Talent role (monolith owning Compliance + HR ops + Ethics + Learning at once) + Ethics & Learning role (sub-monolith). New roles added (3): Ethics Advisor (sub_area=Ethics, ETHICAL_AUTOMATION_POSTURE owner + AI-overreach review), Learning Curator (sub_area=Learning, methodology-pillar coaching + Holistik Researcher cohort curriculum, full charter at I73), People Operations Lead (sub_area=People Operations, hiring + onboarding + payroll). Workstream rename: hol_peopl_ws_2 'Talent Development' -> 'People Operations'. New workstreams (2): hol_peopl_ws_6 Ethics Posture, hol_peopl_ws_7 Learning Curriculum. Process_list reassignments (19 orphan rows from Talent role): methodology pillars (Declare Signifier, Regression, Arrowhead, Conceptualize, 4th Wall, CUDA, Output 1 Framework, Tale to Morale, Root Cause Analysis, Item Phases lifecycle pillars) re-parented to Compliance Methodology workstream + Compliance role (methodology IS the product per Compliance role-description); HR-ops rows (B2E Candidate Interview, Consult Hard-Skillers, Employee Onboarding Kit) re-parented to People Operations workstream + People Operations Lead role; Founder bio reassigned to Storytelling Manager (D-IH-70-X authoring boundary). New process rows added (6): Canonical Registry Audit Cycle, DECISION_REGISTER Ratification Review (both under Compliance Methodology), AI-Overreach Claim Review, Curriculum Drafting and Methodology Coaching, Operator and Cohort Onboarding Cycle, Payroll Cycle Operations. sub_area populated for all preserved People rows (Compliance, Organisation, Legal sub-area roles). CPO role-description rewritten to reflect post-restructure landscape.","Methodology versioning event continues from D-IH-70-Z (Marketing M3). The pattern is now repeatable: identify monolith roles, ratify sub-area split with the operator inline (D-IH-70-Q in P3), execute hard-remove + extend in the appropriate P8 sub-section. Ethics + Learning pairing rationale: 'we become unethical when we unlearn' brand-positioning thesis (LinkedIn corpus + ETHICAL_AUTOMATION_POSTURE.md). Cross-references: PEOPLE_AREA_RESTRUCTURE.md (canonical rationale), tests/test_hlk.py::test_role_with_special_chars (substituted from Ethics & Learning to Susana Madeira since the legacy role no longer exists), GOVERNANCE_MOAT.md (1135 -> 1143 procesos / 74 -> 75 roles refresh), deck_slides.yaml slide 11 (same metric refresh)."
