initiative_id,repo_slug,folder_path,title,status,cycle_id,owner_role,inception_date,last_review,closed_at,archived_at,superseded_by,continuous_rationale,cadence,gated_on,operator_action,inception_decision_id,closure_decision_id,manifests_processes,linked_topic_ids,program_anchors,notes,last_review_at,last_review_by,last_review_decision_id,methodology_version_at_review
INIT-OPENCLAW_AKOS-01,openclaw-akos,docs/wip/planning/01-akos-full-roadmap/,AKOS Full Roadmap,continuous,,PMO,,2026-04-15,,,,In-repo mirror of the Cursor execution roadmap for AKOS; maintained as phases evolve rather than a one-shot closure.,,,,,,,,PRJ-HOL-PGF-2026;PRJ-HOL-INF-2026,seeded by I59 P3 audit pass,2026-05-17,PMO,D-IH-86-H,v3.1
INIT-OPENCLAW_AKOS-02,openclaw-akos,docs/wip/planning/02-hlk-on-akos-madeira/,HLK On AKOS Madeira Roadmap,closed,,PMO,,2026-04-14,2026-04-14,,,,,,,,D-IH-02-CLOSURE,,,,seeded by I59 P3 audit pass,2026-05-14,PMO,D-IH-71-CLOSURE,v3.0
INIT-OPENCLAW_AKOS-03,openclaw-akos,docs/wip/planning/03-hlk-km-knowledge-base/,HLK governed KM — workspace master roadmap,active,,PMO,,2026-04-08,,,,,,,,,,,,PRJ-HOL-PGF-2026;PRJ-HOL-DAT-2026,seeded by I59 P3 audit pass,2026-05-17,PMO,D-IH-86-H,v3.1
INIT-OPENCLAW_AKOS-04,openclaw-akos,docs/wip/planning/04-holistika-company-formation/,Holistika company formation — master roadmap,program_line,,PMO,,2026-04-15,,,,,event_driven,,,,,,,PRJ-HOL-FOUNDING-2026,seeded by I59 P3 audit pass,2026-05-17,PMO,D-IH-86-H,v3.1
INIT-OPENCLAW_AKOS-05,openclaw-akos,docs/wip/planning/05-hlk-vault-envoy-repos/,Initiative 05 — HLK v3.0 Envoy repository hub + entity placement,archived,,PMO,,2026-05-05,,2026-05-05,INIT-OPENCLAW_AKOS-32,,,,,,,,,,seeded by I59 P3 audit pass,2026-05-14,PMO,D-IH-71-CLOSURE,v3.0
INIT-OPENCLAW_AKOS-06,openclaw-akos,docs/wip/planning/06-planning-backlog-registry/,Planning backlog registry (cross-initiative SSOT),continuous,,PMO,,2026-04-15,,,,Cross-initiative backlog index by design; maintained whenever linked initiatives or backlog rows move.,,,,,,,,PRJ-HOL-PGF-2026;PRJ-HOL-OPS-2026,seeded by I59 P3 audit pass,2026-05-17,PMO,D-IH-86-H,v3.1
INIT-OPENCLAW_AKOS-07,openclaw-akos,docs/wip/planning/07-hlk-neo4j-graph-projection/,Initiative 07: HLK Neo4j graph projection,closed,,PMO,,2026-04-15,2026-04-15,,,,,,,,D-IH-07-CLOSURE,,,,seeded by I59 P3 audit pass,2026-05-14,PMO,D-IH-71-CLOSURE,v3.0
INIT-OPENCLAW_AKOS-08,openclaw-akos,docs/wip/planning/08-python-runtime-deployment/,"Initiative 08 — Python runtime, deployment, operator journey, Neo4j graph stack",program_line,,PMO,,2026-04-15,,,,,event_driven,,,,,,,PRJ-HOL-INF-2026,seeded by I59 P3 audit pass,2026-05-17,PMO,D-IH-86-H,v3.1
INIT-OPENCLAW_AKOS-09,openclaw-akos,docs/wip/planning/09-openclaw-hygiene/,"Initiative 09 — OpenClaw hygiene (gateway SSOT, security audit, bootstrap, CLI updates)",archived,,PMO,,2026-04-16,,2026-04-16,INIT-OPENCLAW_AKOS-10,,,,,,,,,,seeded by I59 P3 audit pass,2026-05-14,PMO,D-IH-71-CLOSURE,v3.0
INIT-OPENCLAW_AKOS-10,openclaw-akos,docs/wip/planning/10-madeira-eval-hardening/,"Initiative 10 — Madeira Path B+C, SOTA quality, eval harness",closed,,PMO,,2026-04-15,2026-04-15,,,,,,,,D-IH-10-CLOSURE,,,,seeded by I59 P3 audit pass,2026-05-14,PMO,D-IH-71-CLOSURE,v3.0
INIT-OPENCLAW_AKOS-11,openclaw-akos,docs/wip/planning/11-madeira-ops-copilot/,"Initiative 11 — Madeira day-to-day ops copilot (SOTA-informed, governance-safe)",active,,PMO,,2026-04-15,,,,,,,,,,,,PRJ-HOL-MAD-2026;PRJ-HOL-INF-2026,seeded by I59 P3 audit pass,2026-05-17,PMO,D-IH-86-H,v3.1
INIT-OPENCLAW_AKOS-12,openclaw-akos,docs/wip/planning/12-madeira-research-request/,Initiative 12 — MADEIRA external research request,archived,,PMO,,2026-05-17,,2026-05-17,INIT-OPENCLAW_AKOS-84,,,,,,,,,,Vendor-handoff lineage superseded (archived) by I84 continuous Research-area substrate-audit discipline per D-IH-84-CLOSURE 2026-05-17. Note: enum has no 'superseded' value; archived + superseded_by captures the supersession semantics.,2026-05-17,Founder,D-IH-84-CLOSURE,v3.1
INIT-OPENCLAW_AKOS-13,openclaw-akos,docs/wip/planning/13-madeira-research-followthrough/,Initiative 13 — MADEIRA research follow-through (SOTA-aligned),archived,,PMO,,2026-05-17,,2026-05-17,INIT-OPENCLAW_AKOS-84,,,,,,,,,,Follow-through lineage superseded (archived) by I84 continuous Research-area substrate-audit discipline per D-IH-84-CLOSURE 2026-05-17. Note: enum has no 'superseded' value; archived + superseded_by captures the supersession semantics.,2026-05-17,Founder,D-IH-84-CLOSURE,v3.1
INIT-OPENCLAW_AKOS-14,openclaw-akos,docs/wip/planning/14-holistika-internal-gtm-mops/,Initiative 14 — Holistika internal GTM and marketing operations (HLK-aligned),program_line,,PMO,,2026-04-18,,,,,weekly,,,,,,,PRJ-HOL-MKT-2026;PRJ-HOL-OPS-2026,seeded by I59 P3 audit pass,2026-05-17,PMO,D-IH-86-H,v3.1
INIT-OPENCLAW_AKOS-15,openclaw-akos,docs/wip/planning/15-hlk-api-lifecycle-governance/,Initiative 15 — HLK API lifecycle governance + component matrix,closed,,PMO,,2026-04-20,2026-04-20,,,,,,,,D-IH-15-CLOSURE,,,,seeded by I59 P3 audit pass,2026-05-14,PMO,D-IH-71-CLOSURE,v3.0
INIT-OPENCLAW_AKOS-16,openclaw-akos,docs/wip/planning/16-hlk-finops-vendor-ssot/,Initiative 16 — FINOPS vendor SSOT + Supabase mirror,archived,,PMO,,2026-04-23,,2026-04-23,INIT-OPENCLAW_AKOS-18,,,,,,,,,,seeded by I59 P3 audit pass,2026-05-14,PMO,D-IH-71-CLOSURE,v3.0
INIT-OPENCLAW_AKOS-17,openclaw-akos,docs/wip/planning/17-madeira-cursor-mode-parity/,Initiative 17 — MADEIRA Cursor mode parity (Ask / Plan / Run),closed,,PMO,,2026-04-15,2026-05-19,,,Closed at I76 P1 closure per per-deliverable triage (D-IH-76-CONS-I17). Substrate distributed: 6 deliverables merged into I76 P1 MADEIRA_MODE_PARITY.md substrate-inheritance section; 2 forward-chartered (pytest+log-watcher to I68 P3; executor_harness to I78); 2 decommissioned (3-mode UI + swarm overlays). 5-mode taxonomy supersedes 3-mode.,,,,,D-IH-17-CLOSURE,,,PRJ-HOL-MAD-2026;PRJ-HOL-INF-2026,seeded by I59 P3 audit pass,2026-05-19,Founder+System Owner,D-IH-17-CLOSURE,v3.1
INIT-OPENCLAW_AKOS-18,openclaw-akos,docs/wip/planning/18-hlk-finops-counterparty-stripe/,Initiative 18 — FINOPS counterparty SSOT + Stripe FDW,closed,,PMO,,2026-04-23,2026-04-23,,,,,,,,D-IH-18-CLOSURE,,,,seeded by I59 P3 audit pass,2026-05-14,PMO,D-IH-71-CLOSURE,v3.0
INIT-OPENCLAW_AKOS-19,openclaw-akos,docs/wip/planning/19-hlk-finops-ledger/,Initiative 19 — FINOPS finops.* ledger (Phase C),program_line,,PMO,,2026-04-23,,,,,event_driven,,,,,,,PRJ-HOL-FIN-2026,seeded by I59 P3 audit pass,2026-05-17,PMO,D-IH-86-H,v3.1
INIT-OPENCLAW_AKOS-20,openclaw-akos,docs/wip/planning/20-kalavai-shadow-llamacpp-trial/,Initiative 20 — Kalavai trial closure + ShadowGPU /v1-compatible llamacpp endpoint,archived,,PMO,,2026-05-05,,2026-05-05,INIT-OPENCLAW_AKOS-58,,,,,,,,,,seeded by I59 P3 audit pass,2026-05-14,PMO,D-IH-71-CLOSURE,v3.0
INIT-OPENCLAW_AKOS-21,openclaw-akos,docs/wip/planning/21-hlk-adviser-engagement-and-goipoi/,Initiative 21 — Adviser Engagement plane + GOI/POI dimension,closed,,PMO,,2026-04-28,2026-04-28,,,,,,,,D-IH-21-CLOSURE,,,,seeded by I59 P3 audit pass,2026-05-14,PMO,D-IH-71-CLOSURE,v3.0
INIT-OPENCLAW_AKOS-22,openclaw-akos,docs/wip/planning/22-hlk-scalability-and-i21-closures/,Initiative 22 — Scalable HLK hierarchy + Initiative 21 closures,closed,,PMO,,2026-04-29,2026-04-29,,,,,,,,D-IH-22-CLOSURE,,,,seeded by I59 P3 audit pass,2026-05-14,PMO,D-IH-71-CLOSURE,v3.0
INIT-OPENCLAW_AKOS-22A,openclaw-akos,docs/wip/planning/22a-i22-post-closure-followups/,Initiative 22a — Post-closure follow-ups + Wave-2 bootstrap,closed,,PMO,,2026-05-04,2026-05-04,,,,,,,,D-IH-OPS-1,,,,seeded by I59 P3 audit pass,2026-05-14,PMO,D-IH-71-CLOSURE,v3.0
INIT-OPENCLAW_AKOS-23,openclaw-akos,docs/wip/planning/23-hlk-program-registry-and-program-2/,Initiative 23 — Program Registry + Onboarding Program 2,closed,,PMO,,2026-04-29,2026-04-29,,,,,,,,D-IH-23-CLOSURE,,,,seeded by I59 P3 audit pass,2026-05-14,PMO,D-IH-71-CLOSURE,v3.0
INIT-OPENCLAW_AKOS-24,openclaw-akos,docs/wip/planning/24-hlk-communication-methodology/,Initiative 24 — Communication Methodology + Eloquence-Layer Composer,active,,PMO,,2026-05-17,,,,,,,,,,,,PRJ-HOL-MKT-2026,Promoted active per D-IH-86-G (gated_operator lifted at registry layer for execution visibility). Plan-local YAML Sections 2/3/5 + G-24-3 send checklist remain operator-owned per Initiative 24 roadmap.,2026-05-17,PMO,D-IH-86-H,v3.1
INIT-OPENCLAW_AKOS-25,openclaw-akos,docs/wip/planning/25-hlk-topic-graph-and-km-scalability/,Initiative 25 — Topic Graph + Graph Projection + KM Scalability,closed,,PMO,,2026-04-29,2026-04-29,,,,,,,,D-IH-25-CLOSURE,,,,seeded by I59 P3 audit pass,2026-05-14,PMO,D-IH-71-CLOSURE,v3.0
INIT-OPENCLAW_AKOS-26,openclaw-akos,docs/wip/planning/26-hlk-ops-hardening/,Initiative 26 — Operations hardening (small ops items + persistent triggers),closed,,PMO,,2026-04-29,2026-04-29,,,,,,,,D-IH-26-CLOSURE,,,,seeded by I59 P3 audit pass,2026-05-14,PMO,D-IH-71-CLOSURE,v3.0
INIT-OPENCLAW_AKOS-28,openclaw-akos,docs/wip/planning/28-investor-style-company-dossier/,Initiative 28 — Investor-Style Holistika Company Dossier,closed,,PMO,,2026-05-05,2026-05-05,,,,,,,,D-IH-28-CLOSURE,,,,seeded by I59 P3 audit pass,2026-05-14,PMO,D-IH-71-CLOSURE,v3.0
INIT-OPENCLAW_AKOS-29,openclaw-akos,docs/wip/planning/29-multi-phase-consolidation/,Initiative 29 — Multi-phase consolidation — governance bridges + deck/strategy SSOT,closed,,PMO,,2026-05-05,2026-05-05,,,,,,,,D-IH-29-CLOSURE,,,,seeded by I59 P3 audit pass,2026-05-14,PMO,D-IH-71-CLOSURE,v3.0
INIT-OPENCLAW_AKOS-30,openclaw-akos,docs/wip/planning/30-deck-moat-surgery/,Initiative 30 — Deck Moat Surgery — governance-grade deck intelligence,closed,,PMO,,2026-05-05,2026-05-05,,,,,,,,D-IH-30-CLOSURE,,,,seeded by I59 P3 audit pass,2026-05-14,PMO,D-IH-71-CLOSURE,v3.0
INIT-OPENCLAW_AKOS-31,openclaw-akos,docs/wip/planning/31-holistik-ops-discovery/,Initiative 31 — Holistik Ops Discovery: 6-axis operating system for human interactions,closed,,PMO,,2026-05-05,2026-05-05,,,,,,,,D-IH-31-CLOSURE,,,,seeded by I59 P3 audit pass,2026-05-14,PMO,D-IH-71-CLOSURE,v3.0
INIT-OPENCLAW_AKOS-32,openclaw-akos,docs/wip/planning/32-holistik-ops-maturation/,Initiative 32 — Holistik Ops Maturation (enterprise-ready doctrine -> SSOT -> MCP),closed,,PMO,,2026-05-04,2026-05-04,,,,,,,,D-IH-32-CLOSURE,,,,seeded by I59 P3 audit pass,2026-05-14,PMO,D-IH-71-CLOSURE,v3.0
INIT-OPENCLAW_AKOS-45,openclaw-akos,docs/wip/planning/45-live-eval-harness/,Initiative 45 — Live Eval Harness Modernisation,closed,,PMO,,2026-05-04,2026-05-04,,,,,,,,D-IH-45-CLOSURE,,,,seeded by I59 P3 audit pass,2026-05-14,PMO,D-IH-71-CLOSURE,v3.0
INIT-OPENCLAW_AKOS-46,openclaw-akos,docs/wip/planning/46-neo4j-strategic-posture/,Initiative 46 — Neo4j Strategic Posture: doctrine + GraphRAG PoC + agent memory ADR,closed,,PMO,,2026-05-03,2026-05-03,,,,,,,,D-IH-46-CLOSURE,,,,seeded by I59 P3 audit pass,2026-05-14,PMO,D-IH-71-CLOSURE,v3.0
INIT-OPENCLAW_AKOS-47,openclaw-akos,docs/wip/planning/47-user-centric-uat/,Initiative 47 — User-centric UAT modernisation,closed,,PMO,,2026-05-02,2026-05-02,,,,,,,,D-IH-47-CLOSURE,,,,seeded by I59 P3 audit pass,2026-05-14,PMO,D-IH-71-CLOSURE,v3.0
INIT-OPENCLAW_AKOS-48,openclaw-akos,docs/wip/planning/48-operator-dossier/,Initiative 48 — Operator-facing UAT Dossier,closed,,PMO,,2026-05-02,2026-05-02,,,,,,,,D-IH-48-CLOSURE,,,,seeded by I59 P3 audit pass,2026-05-14,PMO,D-IH-71-CLOSURE,v3.0
INIT-OPENCLAW_AKOS-49,openclaw-akos,docs/wip/planning/49-madeira-management-rollup/,Initiative 49 — MADEIRA management and verdict rollup,closed,,PMO,,2026-05-03,2026-05-03,,,,,,,,D-IH-49-CLOSURE,,,,seeded by I59 P3 audit pass,2026-05-14,PMO,D-IH-71-CLOSURE,v3.0
INIT-OPENCLAW_AKOS-50,openclaw-akos,docs/wip/planning/50-live-cycle-closure/,Initiative 50 — Live cycle closure + cost SSOT truth-up,closed,,PMO,,2026-05-03,2026-05-03,,,,,,,,D-IH-50-CLOSURE,,,,seeded by I59 P3 audit pass,2026-05-14,PMO,D-IH-71-CLOSURE,v3.0
INIT-OPENCLAW_AKOS-51,openclaw-akos,docs/wip/planning/51-persona-calibration-cleanup/,Initiative 51 — Persona calibration cleanup,closed,,PMO,,2026-05-03,2026-05-03,,,,,,,,D-IH-51-CLOSURE,,,,seeded by I59 P3 audit pass,2026-05-14,PMO,D-IH-71-CLOSURE,v3.0
INIT-OPENCLAW_AKOS-52,openclaw-akos,docs/wip/planning/52-multi-model-judge-and-cost-discipline/,Initiative 52 — Multi-model judge roster + live calibration burn + endpoint cost truth-up,closed,,PMO,,2026-05-03,2026-05-03,,,,,,,,D-IH-52-CLOSURE,,,,seeded by I59 P3 audit pass,2026-05-14,PMO,D-IH-71-CLOSURE,v3.0
INIT-OPENCLAW_AKOS-53,openclaw-akos,docs/wip/planning/53-graphrag-poc-closure/,Initiative 53 — GraphRAG PoC closure,closed,,PMO,,2026-05-03,2026-05-03,,,,,,,,D-IH-53-CLOSURE,,,,seeded by I59 P3 audit pass,2026-05-14,PMO,D-IH-71-CLOSURE,v3.0
INIT-OPENCLAW_AKOS-54,openclaw-akos,docs/wip/planning/54-surface-test-hardening/,Initiative 54 — Surface test hardening,closed,,PMO,,2026-05-04,2026-05-04,,,,,,,,D-IH-54-CLOSURE,,,,seeded by I59 P3 audit pass,2026-05-14,PMO,D-IH-71-CLOSURE,v3.0
INIT-OPENCLAW_AKOS-55,openclaw-akos,docs/wip/planning/55-brand-ops-continuous-loop/,Initiative 55 — Brand Ops Continuous Loop (Adviser updates -> regression gates),continuous,,PMO,,2026-05-03,,,,Per D-IH-55-F: tooling ships but the initiative intentionally has no fixed end date — runs as a regression-to-advisor loop.,,,,,,,,PRJ-HOL-MKT-2026,seeded by I59 P3 audit pass,2026-05-17,PMO,D-IH-86-H,v3.1
INIT-OPENCLAW_AKOS-56,openclaw-akos,docs/wip/planning/56-first-response-cycle/,Initiative 56 — First-response cycle (Adviser engagement operationalisation),active,,PMO,,2026-05-17,,,,,,,,,,,,PRJ-HOL-OPS-2026;PRJ-HOL-LEG-2026,Promoted active per D-IH-86-G (gated_external lifted at registry layer). Adviser reply sequencing remains OPS-56-1 / master-roadmap discipline.,2026-05-17,PMO,D-IH-86-H,v3.1
INIT-OPENCLAW_AKOS-57,openclaw-akos,docs/wip/planning/57-cycle-closeout-live-validation/,Initiative 57 — Cycle closeout + live validation forward,closed,CYC-57,PMO,,2026-05-04,2026-05-04,,,,,,,,D-IH-57-CLOSURE,,,,seeded by I59 P3 audit pass,2026-05-14,PMO,D-IH-71-CLOSURE,v3.0
INIT-OPENCLAW_AKOS-58,openclaw-akos,docs/wip/planning/58-cycle-2-multi-track-forward/,Initiative 58 — Cycle 2 multi-track forward,closed,CYC-58,PMO,,2026-05-06,2026-05-06,,,,,,,,D-IH-58-CLOSURE,,,,seeded by I59 P3 audit pass,2026-05-14,PMO,D-IH-71-CLOSURE,v3.0
INIT-OPENCLAW_AKOS-59,openclaw-akos,docs/wip/planning/59-hlk-governance-clean-slate/,Initiative 59 — HLK governance promotion + clean slate cycle,closed,CYC-59,PMO,,2026-05-06,2026-05-06,,,,,,,,D-IH-59-N,,,,P0-P10 all landed 2026-05-06; 5 new HLK dimensions + 2 SOPs + status taxonomy + operator inbox + freshness canary + OPS-58-3 fix + telemetry routine + process harmonisation proposal,2026-05-14,PMO,D-IH-71-CLOSURE,v3.0
INIT-OPENCLAW_AKOS-62,openclaw-akos,docs/wip/planning/62-mission-control/,Initiative 62 — MADEIRA Mission Control on hlk-erp,closed,,System Owner,2026-05-06,2026-05-19,2026-05-19,,,,,,,,D-IH-86-AK,,,PRJ-HOL-INF-2026;PRJ-HOL-PGF-2026,Mission Control magnificent ERP shell on hlk-erp; sibling to I63+I64+I65; P0-P10 charter+build; Supabase migrations P1+P3 applied 2026-05-07 (P2 deferred — see reports/migration-application-2026-05-07.md). CLOSED 2026-05-19 per D-IH-86-AK (Wave I L66 Q5=A): UAT 2026-05-06 + 5/6 SQL views applied = closure evidence; ERP UI mocked-data forward-chartered to I-NN-MISSION-CONTROL-UI candidate (separate scope; NOT I62).,2026-05-19,System Owner,D-IH-86-AK,v3.1
INIT-OPENCLAW_AKOS-63,openclaw-akos,docs/wip/planning/63-external-repo-governance-codification/,Initiative 63 — External Repo Governance Codification,active,,DevOPS,2026-05-06,2026-05-07,,,,,,,,,,,,PRJ-HOL-INF-2026;PRJ-HOL-PGF-2026,External Repo Bless Pattern + 3 active SOPs; canonical CSVs + 9 automation scripts; secrets walkthrough operated via MCPs 2026-05-07 (D-IH-63-G),2026-05-17,DevOPS,D-IH-86-H,v3.1
INIT-OPENCLAW_AKOS-64,openclaw-akos,docs/wip/planning/64-governance-mission-control/,Initiative 64 — Governance Mission Control on hlk-erp,active,,System Owner,2026-05-07,2026-05-07,,,,,,,,,,,,PRJ-HOL-PGF-2026;PRJ-HOL-INF-2026,Governance dashboard for external-repo bless health (sibling to I62 Mission Control); v2 page-spec promoted 2026-05-07 with 5 user journeys + impeccable laws,2026-05-17,System Owner,D-IH-86-H,v3.1
INIT-OPENCLAW_AKOS-65,openclaw-akos,docs/wip/planning/65-akos-planning-workspace-panel/,Initiative 65 — AKOS Planning Workspace Panel,closed,,System Owner,2026-05-07,2026-05-20,2026-05-20,,,,,,,,D-IH-86-AT,,,PRJ-HOL-PGF-2026;PRJ-HOL-INF-2026,Closed at I86 Wave J: P3+P4 land at hlk-erp 398d9db + AKOS 62ea95a; Vercel hotfix ec3f883 (D-IH-86-AT) recovers from server-only-import deploy regression; closure UAT reworked to Quality Fabric 5-of-7 bar (closure+brand+render+regression+deploy classes PASS-WITH-FOLLOWUP),2026-05-20,System Owner,D-IH-86-AT,v3.1
INIT-OPENCLAW_AKOS-66,openclaw-akos,docs/wip/planning/66-brand-vision-ops-sweep/,Initiative 66 - Brand Vision Ops Sweep,closed,,Brand & Narrative Manager,2026-05-08,2026-05-09,2026-05-09,,,,,,,,D-IH-66-CLOSURE,,,,Branded House codification + 6 new BRAND_* canonicals + drift gates + 17 active SOPs + trademark filing strategy + public surfaces + 6 decks + I67 RevOps Discovery scaffold; closed after P0-P8 verification,2026-05-15,Brand & Narrative Manager,D-IH-72-AO,v3.0
INIT-OPENCLAW_AKOS-67,openclaw-akos,docs/wip/planning/67-revops-discovery/,Initiative 67 - RevOps Discovery,active,,Brand & Narrative Manager,2026-05-09,2026-05-17,,,,,,,,D-IH-66-T,,,,PRJ-HOL-MKT-2026;PRJ-HOL-OPS-2026,Research-first successor to I66; investigates positioning channels offers pricing partner economics tooling KPIs and route promotion before any implementation plan. Promoted active per D-IH-86-G (gated_operator lifted at registry layer); interview brief cadence stays plan-local.,2026-05-17,Brand & Narrative Manager,D-IH-86-H,v3.1
INIT-OPENCLAW_AKOS-68,openclaw-akos,docs/wip/planning/68-cicd-discipline-and-observability-maturity/,Initiative 68 - CICD Discipline + Observability Maturity + InfraMonitor v0,active,,System Owner,2026-05-09,2026-05-10,,,,,,,Approve P5 canonical CSV gate when reached (REPOSITORY_REGISTRY +3 cols + 3 process_list env_tech_* rows + SOP-CICD_BASELINE_001 v0.9.0),D-IH-66-AC,,,,PRJ-HOL-INF-2026,CICD discipline + visual regression + Sentry deploy-health telemetry + GitHub Actions/Vercel/Render CI baseline + build-time discipline + InfraMonitor v0 namespace shell with InfraHealth as first module (D-IH-68-K reframe); promoted active 2026-05-10 with I66 closed + Render MCP unblocked + Round-2 plan accepted; 4 explicit operator pause-points (P0 promotion,2026-05-17,System Owner,D-IH-86-H,v3.1
INIT-OPENCLAW_AKOS-70,openclaw-akos,docs/wip/planning/70-holistika-os-self-governance/,Holistika OS Self-Governance Foundation,closed,,PMO,2026-05-12,2026-05-13,2026-05-13,,,,,,Phase 8 section 8.7 inline-ratify gate via AskQuestion (GOI class regression hunt); Phase 9 section 9.8 inline-ratify gate (temp migration matrix); Phase 11 closing UAT across 17 phases,D-IH-70-A,D-IH-70-CLOSURE,,,,Master initiative I70: 17 phases (Phase 0 through Phase 11 with sub-phases 4.5/4.6/4.7/4.8 + 10.5) + 1 pre-phase prep step. Federated SSOT architecture; brand sub-discipline governance; multilingual engagement contract; ERP architecture; Research as new top-level area; Marketing M3 redesign; People restructure; SMO active charter; founder methodology versioning v0 to v3.0. Authoritative plan: .cursor/plans/holistika_os_self-governance_foundation_63841b81.plan.md. Closed 2026-05-13 per D-IH-70-CLOSURE (annotated git tag v3.1 deferred pending release-taxonomy ratification).,2026-05-14,PMO,D-IH-71-CLOSURE,v3.0
INIT-OPENCLAW_AKOS-71,openclaw-akos,docs/wip/planning/71-cicd-discipline-and-aiops-baseline-maturity/,CI/CD Discipline and AIOps Baseline Maturity,closed,,PMO,2026-05-13,2026-05-14,2026-05-14,,,,,,Absorbs I70-deferred validator packs (P5/P6/P7/P10) and Strand B AIOps baseline per D-IH-71-A/B; charter ratified D-IH-71-C. Pack A1 (brand voice register expansion) SHIPPED 2026-05-14 per D-IH-71-F..K (10-layer chassis + Round 3 brand-DNA Layers 5-9). P2 SHIPPED 2026-05-14: Packs A2 + A3 + Addition 11 + Tier 1 Vale sibling per D-IH-71-L..O. P3 SHIPPED 2026-05-14: SOP-RELEASE_TAXONOMY_001 + customer-invisible versioning posture per D-IH-71-P; OPS-71-2 closed. P4 SHIPPED 2026-05-14: Strand C2 review-stamp dimension column-extension on 4 mirrored canonicals + validate_review_stamps freshness validator + REVIEW_STAMP_INBOX sidecar + ERP freshness-dashboard panel slot reserved per D-IH-71-Q; OPS-71-3 closed. P4-followup SHIPPED 2026-05-14 per D-IH-71-R: review-stamp 4-column shape expanded to 17 additional mirrored compliance.* canonicals (column-extension) + Artifact subject class shipped via compliance.review_stamps_standalone table (RLS service_role-only) + validate_review_stamps now covers 21 surfaces + Artifact scan; OPS-71-3 stays CLOSED at follow-up (no state change). P5 SHIPPED 2026-05-14: Pack A4 render-ownership coverage + Strand B observability hardening (MCP smoke + WORKSPACE §18 8 per-CI-gate rows per C-71-5 default) per D-IH-71-S + D-IH-71-T. P6 SHIPPED 2026-05-14 (CLOSING): UAT bands A-D PASS operator-blanket-trust self-verification; v3.1.0 annotated tag cut per C-71-3 HOLD verdict (ratified at P3 via D-IH-71-P); bulk review-stamp backfill across 22 surfaces clears 1716 missing-stamp info advisories. INITIATIVE CLOSED 2026-05-14 with closure_decision_id D-IH-71-CLOSURE.,D-IH-71-C,D-IH-71-CLOSURE,,,,Master roadmap + WORKSPACE_BLUEPRINT section 18 observability routing. Sibling to I68 (consumer CI / InfraMonitor). Execution P1-P6 per master-roadmap. P1 Pack A1 ratified 2026-05-14. P2 Packs A2 + A3 + Addition 11 + Tier 1 Vale SHIPPED 2026-05-14. P3 Strand C1 release-taxonomy SOP SHIPPED 2026-05-14. P4 Strand C2 review-stamp dimension SHIPPED 2026-05-14 + P4-followup (D-IH-71-R) SHIPPED 2026-05-14 (review-stamp expanded to 17 additional mirrors + Artifact standalone-table; P5 SHIPPED 2026-05-14 per D-IH-71-S + D-IH-71-T: Pack A4 (render ownership; closes validator-pack quartet A1+A2+A3+A4) + Strand B hardening (MCP smoke advisory + WORKSPACE §18 expanded to 8 per-CI-gate routing rows per C-71-5 every-gate-its-own-row default); closure UAT at P6 per D-IH-71-CLOSURE 2026-05-14 with bands A-D PASS + v3.1.0 tag attached).,2026-05-14,PMO,D-IH-71-CLOSURE,v3.0
INIT-OPENCLAW_AKOS-72,openclaw-akos,docs/wip/planning/72-marketing-area-governance-and-persona-registry-expansion/,Initiative 72 - Marketing Area Governance + Persona Registry + IntelligenceOps Register Expansion + RevOps Integration Spine + Process Catalog (Operations/RevOps area minted Round 7; process_list schema 7-col extension + multi-axis Marketing dimension ontology + Operations/RevOps area charter at P1 added Round 8),closed,,CMO,2026-05-13,2026-05-14,2026-05-14,,,Operator charter session at I71 P0 (or own kick-off chat) ratifying scope: persona registry expansion + IntelligenceOps register schema for competitor_intelligence_target rows + regulator/media/recruiter concrete-row activation triggers,,,P0 charter ratified 2026-05-14 per D-IH-72-A (Round 4-5-6-7-8 expanded); 4 super-strands; 34 D-IH-72 rows (Round 4 A-K + Round 5 L-Q + Round 6 R-W + Round 7 X-AD + Round 8 AE-AH Tier-1 closures); 10 OPS-72 rows (Round 8 mints OPS-72-10 P1 Operations/RevOps area charter); new Cursor rule; new Operations/RevOps area with 2 active roles (RevOps Manager + RevOps Analyst at P4) + 4 gated expansion roles + 2 forward-charted executive roles (CRO + COO); process_list.csv extended with 7 new columns at P4 (4 axis FKs + 3 rev value cells per D-IH-72-AF); P4 RevOps activation gated on I71 P5 Pack A4 ship,D-IH-70-AC,D-IH-72-CLOSURE,tbi_mkt_dtp_revops_template_promotion_001;tbi_ops_dtp_revops_qbr_001;tbi_ops_dtp_revops_engagement_scaffold_001;tbi_ops_dtp_revops_revenue_rollup_001;tbi_ops_dtp_revops_persona_audit_001;tbi_ops_dtp_revops_crm_sync_001;tbi_ops_dtp_revops_regulator_checkpoint_001;tbi_ops_dtp_revops_media_review_001,,,"P0 charter ratified 2026-05-14 via 34 D-IH-72 rows: D-IH-72-A charter + D-IH-72-B..K 10 Round-4 conundrum ratifications C-72-1..10 + Round 5 D-IH-72-L Strand D charter + D-IH-72-M..Q 5 Round-5 conundrum ratifications C-72-11..15 + Round 6 D-IH-72-R..W 6 audit-ratifications + Round 7 D-IH-72-X..AD 7 role-organization deepening ratifications + Round 8 D-IH-72-AE..AH 4 Tier-1 audit closures. 10 OPS-72 rows. Workspace cross-links (WORKSPACE_BLUEPRINT §16.3 + HLK_ERP_ARCHITECTURE §4 three new panel slots: op_revops_engagement_templates + op_intelligenceops_register + op_revops_engagement_revenue). New Cursor rule akos-executable-process-catalog.mdc codifying SOP+executable runbook pairing (with AIC-as-human-equivalent note) + adapter status metadata + cadence taxonomy + DAMA-DMBOK 2.0 alignment + 8 adapter registry classes. Inception decision D-IH-70-AC preserved (sibling activation, not supersession). Round 5 Strand D adds RevOps integration spine + curated process catalog + cross-area adapters per Routine.co RevOps Blueprint 2026 + Truto/Unified.to/Apideck Normalized Adapter Pattern + Alacritous Teachable Skill Registry + StitchOps 2026 Automation Playbook + Pertama Partners 151 AI Workflow Guides + DAMA-DMBOK 2.0. Round 6 audit closed P0-blocking inconsistencies (charter strand-count + ERP-slot-count + Cursor-plan-YAML-counts) and ratified 6 architectural/scope refinements inline. Round 7 role-organization deepening minted Operations/RevOps area + value-mapping core function + 3-function umbrella + RevOps sub-roles + CRO/COO forward-charter. Round 8 Tier-1 closures minted process_list 7-col extension at P4 + multi-axis Marketing ontology + Operations/RevOps area charter at P1 (OPS-72-10 NEW). Cross-references: D-IH-70-AC, D-IH-70-AD, GOI_POI_STANCE_DOCTRINE.md, WORKSPACE_BLUEPRINT_HOLISTIKA.md §16.3, HLK_ERP_ARCHITECTURE.md §4, .cursor/rules/akos-executable-process-catalog.mdc, I76 candidate (AIC forward-reference per D-IH-72-S), I73 candidate (recruiter onboarding cross-link per D-IH-72-K + W), I75 candidate (Research/Intelligence cross-coordination per D-IH-72-W).",2026-05-15,CMO,D-IH-72-AP,v3.0
INIT-OPENCLAW_AKOS-77,openclaw-akos,docs/wip/planning/77-impeccable-brand-bridge-refresh/,Initiative 77 - Impeccable Brand-Bridge Refresh + Drift Gate + Brand-Canon Collapse Remediation + Rendering-Governance Discovery,closed,,Brand & Narrative Manager,2026-05-14,2026-05-16,2026-05-16,,,,,I71 P1 Pack A1 ship lands BRAND_ENGLISH_PATTERNS.md + BRAND_LLM_TONE_TELLS.md canonicals which I77 P1 bridge refresh cross-references; P1 starts only after I71 P1 commits land on main,Approve P1 (Strand A bridge refresh) when I71 P1 lands; approve P2 (Strand B generator + drift gate); operator UAT at P3 (Strand C closing); P4 closure ratified via D-IH-77-CLOSURE-V2 (brand-canon-collapse remediation + visual UAT rendering + rendering-pipeline registry mint),D-IH-77-A,D-IH-77-CLOSURE-V2,,,,Bridge refresh + drift gate + brand-canon-collapse remediation + rendering-governance discovery. P3 shipped as PASS 2026-05-16; REOPENED same-day after operator caught brand-canon collapse (agent had hallucinated 'Holistica' as Spanish-locale brand form; brand is Holistika universally). P4 absorbed 3 sub-strands: 4.A wide-prose sweep (193 instances; T1-T10 minus T11); 4.B visual UAT render (scripts/render_impeccable_uat.py + brand-aligned HTML at docs/presentations/uat-impeccable-all-surfaces-2026-05-16/); 4.C orphan-rendering-pipeline governance (RENDERING_PIPELINE_REGISTRY.csv + Pydantic chassis + validator + SOP + runbook + 20 tests). CLOSED V2 2026-05-16 via D-IH-77-CLOSURE-V2. Per-phase decisions linked in DECISION_REGISTER: D-IH-77-A/B/C/D/E/F/G/H/I + D-IH-77-CLOSURE (superseded) + D-IH-77-CLOSURE-V2 (active closure). (D-IH-77-G scope expansion) covers 3 strands: 4.A total-prose Holística→Holistika sweep (193 instances across ~52 files; D-IH-77-H wide-prose tranche ratified); 4.B visual UAT rendering (D-IH-77-I render-discipline ratified); 4.C orphan rendering-process discovery + RENDERING_PIPELINE_REGISTRY canonical mint. Strand A = refresh PRODUCT.md + DESIGN.md + author missing BASELINE_REALITY.md (operator-flagged as missing 2026-05-14 turn; Impeccable v3.1 multi-audience nudge fires every session today). Strand B = generator script (scripts/generate_impeccable_bridges.py) + drift gate (scripts/validate_impeccable_bridge_drift.py) with akos/impeccable_bridge.py Pydantic chassis (mirrors I71 P1 akos/brand_voice_register.py precedent). Strand C = operator UAT via Cursor IDE Browser MCP. Sibling to I71 (Pack A1 chassis); origin at I29 P3 (PRODUCT.md + DESIGN.md bridges 2026-05-05); forward-charter target = I74 Brand Tooling Productization (@holistika/akos-brand library export when TRIGGER-2 fires).,2026-05-16,Brand & Narrative Manager,D-IH-77-G,v3.0
INIT-OPENCLAW_AKOS-73,openclaw-akos,docs/wip/planning/73-people-operations-and-learning-curriculum/,I73 — People Operations + Engagement Models + Methodology IP (mega-initiative),closed,,People Operations Manager,2026-05-15,2026-05-15,2026-05-15,,,,,charter_satisfies_gate MET at P1 commit (D-IH-73-B charter-satisfies-gate ratified at P0; P1 shipped the canonical-CSV gate per D-IH-73-C..N: ENGAGEMENT_MODEL_REGISTRY 7-class taxonomy mint + ENGAGEMENT_REGISTRY 17-col extension + 7 tbi_peopl_dtp_engagement_* process_list rows + Supabase mirror migration + ALTER TABLE migration); P6 MET 2026-05-15 (PEOPLE_COMPLIANCE_VS_ETHICS_BOUNDARY.md + hol_peopl_dtp_139/hol_peopl_dtp_286 owner fixes per C-73-5),,D-IH-73-A,D-IH-73-CLOSURE,tbi_peopl_dtp_engagement_model_registry_mtnce_001;tbi_peopl_dtp_engagement_model_classification_001;tbi_peopl_dtp_engagement_lifecycle_routing_001;tbi_peopl_dtp_outsourced_helper_soc_review_001;tbi_peopl_dtp_apprentice_curriculum_assignment_001;tbi_peopl_dtp_percentage_collaborator_payout_001;tbi_peopl_dtp_investor_advisor_round_review_001,,,"Mega-i73 absorbing 8 strands (A Learning charter + B Ethics+Learning + C Engagement-lifecycle SOPs + D Compliance/Ethics boundary + E ENGAGEMENT_MODEL_REGISTRY + F Historical case-law + G KB human-readability + H Methodology IP minting) across 11 phases (P0..P11) per operator brief 2026-05-15. Round-2 amendment to candidate scaffold (4 strands -> 8 strands; engagement-as-unit reframe). 7 charter-time decisions: D-IH-73-A (mega scope; operator_inline_explicit) + D-IH-73-B (charter-satisfies-gate; operator_inline_default_accepted_via_skip) + D-IH-73-C (sibling-dimension home at People Operations; operator_inline_explicit) + D-IH-73-D (7-class taxonomy hourly/milestone/percentage/apprentice/investor/outsourced/operator_self; operator_inline_explicit) + D-IH-73-E (outsourced separate engagement class with extra SOC; operator_inline_default_accepted_via_skip) + D-IH-73-F (Methodology IP brand-vs-name decision-deferred-with-criteria-matrix; operator_inline_default_accepted_via_skip) + D-IH-73-G (4 KB-readability personas mapped 1:1 to engagement classes; operator_inline_default_accepted_via_skip). P1 (2026-05-15) added 7 ratifications D-IH-73-H..N (per-class enum rows + ENGAGEMENT_REGISTRY 17-col extension). 10 OPS-73-* rows minted (one per strand + integration + UAT). 8 conundrums deferred to per-phase inline-ratify (C-73-1..C-73-8). PAUSE POINTS at P1 (canonical-CSV gate; CLEARED 2026-05-15), P6 (CLEARED 2026-05-15 — PEOPLE_COMPLIANCE_VS_ETHICS_BOUNDARY.md + hol_peopl_dtp_139/hol_peopl_dtp_286 owner fixes per C-73-5), P8 (brand-vs-name decision matrix). Authoritative plan: ~/.cursor/plans/i73-people-ops-engagement-models-methodology-ip-c9d4e7f3.plan.md. Workspace mirror at docs/wip/planning/73-people-operations-and-learning-curriculum/. INITIATIVE CLOSED P11 2026-05-15 (KB charter + methodology IP minting path + UAT/integration artefacts; OPS-73-1..OPS-73-10 closed); release-gate environmental FAIL tracked separately.",2026-05-15,People Operations Manager,D-IH-73-CLOSURE,v3.1
INIT-OPENCLAW_AKOS-79,openclaw-akos,docs/wip/planning/79-people-manifesto-and-pattern-library/,I79 - Holistika People Manifesto + Knowledge Hygiene + Cross-area Design Patterns + AI Governance,closed,,People Operations Manager,2026-05-15,2026-05-15,2026-05-15,,,,,All gates cleared 2026-05-15 (P1 manifest publish + P3a Ethics anchor + P5 orphan housekeeping + P6 process_list canonical CSV gate + P7 UAT + integration verification); P8 closure record filed,,D-IH-79-A,D-IH-79-CLOSURE,tbi_peopl_dtp_agentic_ops_mtnce_001;tbi_peopl_dtp_agentic_ethics_boundaries_001;tbi_peopl_dtp_cross_area_breakthrough_001;env_tech_dtp_agentic_landscape_mtnce_001;env_tech_dtp_agentic_infra_ops_001,,,Mega-i79 follow-up to closed I73; absorbed 6 strands (A People Manifesto + B Pattern Library + C-People AI Doctrine + Ethics Anchor + C-TechLab Framework Landscape + D Cross-area Breakthrough Propagation + E Orphan Hygiene + F process_list 8th-col FK) across 10 phases (P0..P8 with P3a/P3b split). Charter-satisfies-gate active immediately per D-IH-79-A (inherits I73 D-IH-73-B precedent). 18 D-IH-79-* decisions ratified across 7 rounds: charter A-N (Round 1 + Round 3) + runtime O-R (Round 5 P5 housekeeping inline-ratify outcomes O P Q + Round 6 P6 origin-over-implementation framing R) + closure D-IH-79-CLOSURE (this commit). 10 OPS-79-* rows closed 2026-05-15. 8 conundrums (C-79-1..C-79-8) all closed (5 closed at P0 charter-time + 2 closed at P5 inline-ratify + 1 closed at P6 inline-ratify per round 6 free-text agent-default). Phase ship SHAs: P0 f88d600 + P1 c1c4ab6 + P2 b91ed97 + P3a 081614b + P3b b248057 + P4 79149f6 + P5 (4-cluster atomic) 55bfaed/c0c74d0/0501420/83ac4f1 + P6 (4-step atomic) 38256cb/68dcc3f/cb4d7cc/9de986a + P7 1117b99 + P8 closure (this commit). Authoritative plan: ~/.cursor/plans/i79_people_doctrine_4e309f45.plan.md. Workspace mirror at docs/wip/planning/79-people-manifesto-and-pattern-library/. Process-singularity FK adoption surface seeded: 24/1165 process_list.csv rows seeded (2.06%); 8 of 12 patterns carry at least one process. Anti-jargon drift gate operational (validate_design_pattern_registry.py --jargon-scan PASS at every commit since P2). Tech Lab landscape audit operational (tech_agentic_landscape_audit.py --skip-http PASS 8 of 8 framework rows). New always-applied Cursor rule .cursor/rules/akos-people-discipline-of-disciplines.mdc ratified at P0 per D-IH-79-H. INITIATIVE CLOSED P8 2026-05-15 per D-IH-79-CLOSURE.,2026-05-15,PMO,D-IH-79-CLOSURE,v3.1
INIT-OPENCLAW_AKOS-80,openclaw-akos,docs/wip/planning/80-i79-lessons-learned/,I80 - I79 Lessons-Learned (SOP Body/Addendum Pattern + Stakeholder Lenses + Inline-Ratify Craft Skill),closed,,People Operations Manager,2026-05-16,2026-05-16,2026-05-16,,,,,,,D-IH-80-A,D-IH-80-CLOSURE,tbi_peopl_dtp_stakeholder_lenses_review_001,,,I79 lessons-learned follow-up; absorbs 3 tracks (1 Stakeholder lenses paired files + 2 SOP body/addendum pattern mint and retrofit pilot + 3 Inline-ratify craft skill) across 8 phases (P0-P7). Charter-satisfies-gate active immediately per D-IH-80-A (inherits I79 D-IH-79-A precedent which inherited I73 D-IH-73-B). 7 D-IH-80-* charter decisions ratified P0 (A mega-charter scope + B SOP body/addendum paired-file default for DAMA-readiness + C stakeholder lenses paired-files level-4-body level-5-addendum + D retrofit Option-B pilot at I80 with Option-C forward-charter to I81 + E inline-ratify craft skill home + F jargon-gate addendum.md glob exclusion + G pattern_class taxonomy extension documentation_layering as 11th class). Authoritative plan is master-roadmap.md (in-repo only; small enough to not need out-of-repo Cursor plan companion). DAMA-DMBOK 2.0 alignment thread runs through every architectural decision (paired-file default propagates Metadata Management + Reference & Master Data Management + Data Integration & Interoperability knowledge area maturity).,2026-05-16,People Operations Manager,D-IH-80-CLOSURE,v3.1
INIT-OPENCLAW_AKOS-86,openclaw-akos,docs/wip/planning/86-initiative-cluster-execution-coordinator/,I86 - Initiative Cluster Execution Coordinator (Waves 1-5 burndown),active,,PMO,2026-05-16,2026-06-01,,,,Event-driven pulse when sibling INITIATIVE_REGISTRY rows change plus 14-day quiet-period floor if cluster silent per D-IH-86-B.,event_driven,,,D-IH-86-A,,,,PRJ-HOL-PGF-2026;PRJ-HOL-OPS-2026,Operational coordinator co-owned PMO plus System Owner per D-IH-86-A; coordinated siblings I81 I82 I84 I85 I87 plus active I78; I24 I56 I67 promoted active per D-IH-86-G (gated_* clearance). I74 I75 I83 promoted active Wave O per D-IH-86-CC; I76 active Wave A. Wave R+5 Research Radar mint via I75 (D-IH-86-FG). I90 I91 I92 routing cluster chartered 2026-06-01 (D-IH-90-A). Continuous/program_line methodology for intertwined initiatives — operator ratifies via D-IH-86-G follow-on AskQuestion batch. D-IH-86-D closure cross-check before each sibling closure ratifies; manifests_processes empty by design.,2026-06-01,PMO,D-IH-90-A,v3.1
INIT-OPENCLAW_AKOS-85,openclaw-akos,docs/wip/planning/85-audience-tag-canonicalization/,I85 - Audience-tag canonicalization (J-* codes from brand matrix prose to canonical CSV + frontmatter migration + drift gate),closed,,Brand & Narrative Manager,2026-05-16,2026-05-19,2026-05-19,,,,,,,D-IH-85-A,D-IH-85-CLOSURE,tbi_mkt_prc_audience_tag_governance_001,,PRJ-HOL-MKT-2026;PRJ-HOL-PGF-2026,I85 four-phase execution P0-P4 closed Wave C 2026-05-19 (Bundle D push) per D-IH-85-CLOSURE. P0 charter (bde7060) + 5 P0 decisions D-IH-85-A..E with agent_inline_default ratification. P1 mint (7d47199): AUDIENCE_REGISTRY.csv 8 seed rows + akos/hlk_audience_csv.py Pydantic + scripts/validate_audience_registry.py + 15 tests + CANONICAL_REGISTRY 2 rows + SOP-AUDIENCE_TAG_GOVERNANCE_001 review. P2 sweep (20ed543 + e1960cf): scripts/validate_audience_tags.py drift gate + 10 tests + release-gate INFO + 11 surfaces tagged Q1+Q2 Wave2 ratify. P3 (950b1e3): BBR matrix sect 4.6 multi-audience recipe + BASELINE_REALITY.md J-OP frontmatter. P4 SOP active promotion + process_list row tbi_mkt_prc_audience_tag_governance_001 (e1960cf). UAT report uat-i85-closure-2026-05-19.md verdict PASS (8/8 closure criteria); 5 of 5 R-IH-85-* MITIGATED or NOT-TRIGGERED. C1.1/2/3 closure ratify defaults via Time-box recovery. Wired to I81 P1 via forward-link audience_tags_coverage column. Mirrors I77 P4.C RENDERING_PIPELINE_REGISTRY wiring pattern.,2026-05-19,Brand & Narrative Manager,D-IH-85-CLOSURE,v3.1
INIT-OPENCLAW_AKOS-87,openclaw-akos,docs/wip/planning/87-openclaw-operator-runtime-hardening/,I87 - OpenClaw operator-runtime hardening (health-monitor escalation + plugin pinning + modelsConfig hygiene + gateway-token UX + SOP+runbook pairing),closed,,System Owner,2026-05-16,2026-05-19,2026-05-19,,,,,,,D-IH-87-A,D-IH-87-CLOSURE,env_tech_dtp_openclaw_runtime_health_triage_001,,PRJ-HOL-INF-2026;PRJ-HOL-MAD-2026,I87 P0 charter promoted under I86 Wave 1 batch ratify (2026-05-16); 3 P0 decisions D-IH-87-A/B/C + Wave2-pairing decision D-IH-87-WAVE2-PAIRING ratified. Six-phase execution P0-P6 closed Wave B 2026-05-19 (Bundle D push) per D-IH-87-CLOSURE. P0 charter (bde7060) + P1 escalation patch scripts/openclaw_health_escalate.py + P2 plugin pinning validator + tests + P3 modelsConfig hygiene qwen3:8b removal + P4 gateway-token RCA path-(a) upstream-bug-presumed + P5 paired SOP+runbook (SOP-OPENCLAW_RUNTIME_HEALTH_TRIAGE_001 promoted review->active at closure; process_list row env_tech_dtp_openclaw_runtime_health_triage_001) + P6 closure UAT (synthetic 3-class dry-run drill ws-token-expiration + docker-sandbox-churn + low-context-warning all PASS; uat-i87-closure-2026-05-19.md). 4 R-IH-87-* risks all MITIGATED or NOT-TRIGGERED. B1.1/2/3 closure ratify defaults applied via Time-box recovery (operator skipped; reversible per akos-inline-ratification.mdc).,2026-05-19,System Owner,D-IH-87-CLOSURE,v3.1
INIT-OPENCLAW_AKOS-81,openclaw-akos,docs/wip/planning/81-vault-integrity-layout-milestones-retrofit/,I81 - Vault integrity sweep + Compliance layout reorganisation + named-milestone schema + full-vault SOP body/addendum retrofit,active,,PMO,2026-05-16,2026-05-16,,,,,,,,D-IH-81-A,,,,PRJ-HOL-PGF-2026;PRJ-HOL-PEO-2026,I81 P0 charter promoted under I86 Wave 1 batch ratify (2026-05-16); 5 P0 decisions D-IH-81-A through E plus D-IH-81-H ratified with decision_source agent_inline_default after operator skip on inline-ratify AskQuestion. Ten-phase shape ~10-25d total (absorbed mode per D-IH-81-A). Wired to I82 P2 via forward-link kb-integrity-matrix and to I85 P1 via reverse-link audience_tags_coverage column. Heavy canonical-CSV touch at P2 layout migration (operator gates per tranche).,2026-05-17,PMO,D-IH-86-H,v3.1
INIT-OPENCLAW_AKOS-82,openclaw-akos,docs/wip/planning/82-holistika-capability-doctrine/,I82 - Holistika Capability Doctrine and Commercial Readiness (audience-aware capability surfacing),active,,PMO,2026-05-16,2026-05-16,,,,,,,,D-IH-82-A,,,,PRJ-HOL-PEO-2026;PRJ-HOL-RES-2026,I82 P0 charter promoted under I86 Wave 1 batch ratify (2026-05-16); 5 P0 decisions D-IH-82-A/B/NAME/ARCHIVIST/SEQUENCE ratified with decision_source agent_inline_default after operator skip. Seven-phase shape ~7-10d total. Third foundational doctrine sibling to ORGANISING + AGENTIC. Wired to I81 P1 via kb-integrity-matrix consumption (D-IH-82-SEQUENCE; D-IH-82-PREREQ waiver at P2). AI Archivist + KiRBe ingestor forward-chartered to I83.,2026-05-17,PMO,D-IH-86-H,v3.1
INIT-OPENCLAW_AKOS-84,openclaw-akos,docs/wip/planning/84-substrate-doctrine-and-commercial-readiness/,I84 - Substrate Doctrine and Commercial Readiness,closed,,Holistik Researcher,2026-05-16,2026-05-17,2026-05-17,,,,,,,D-IH-84-A,D-IH-84-CLOSURE,,,,I84 effective closure landed in this chat per docs/wip/planning/84-substrate-doctrine-and-commercial-readiness/reports/checkpoints/sc-i84-final-effective-closure-2026-05-17.md. Canonical-CSV closure batch operator-approved at regression-sweep closeout 2026-05-17 (Q2=approve-full-closure-batch). 9 substantive D-IH-84-A through D-IH-84-I decisions ratified; D-IH-84-B/C/D/E/CLOSURE rows minted in this batch. SUBSTRATE_REGISTRY 18 rows live + Supabase mirror harmonized. Founding-cycle 2026-Q2 quarterly substrate-audit report shipped per SOP-RESEARCH_SUBSTRATE_AUDIT_CADENCE_001.md cadence at status:review (promotes to status:active after process_list row env_tech_dtp_substrate_landscape_mtnce_001 mints per SOP-META ordering - separate operator-pending tranche). Supersedes I12+I13 vendor-handoff lineage. Unlocks I76/I74/I83/I82 via P5 cross-area cascade.,2026-05-17,Founder,D-IH-84-CLOSURE,v3.1
INIT-OPENCLAW_AKOS-78,openclaw-akos,docs/wip/planning/78-brand-voice-llm-as-judge/,I78 - Brand-voice LLM-as-judge advisory layer (Tier 2 evolution from I71 P1 review),closed,,Brand & Narrative Manager,2026-05-14,2026-05-19,2026-05-19,,,,,,,D-IH-78-A,D-IH-78-CLOSURE,,,PRJ-HOL-MKT-2026;PRJ-HOL-DAT-2026,Closed at I86 Wave H lane-1 (D-IH-78-CLOSURE 2026-05-19) per I86 cluster burndown plan axis-2 pragmatic-closure executive call. P1 chassis (akos/brand_voice_judge.py 7 Pydantic models + 7 type aliases) + P2 release-gate INFO advisory (scripts/judge_brand_voice.py --self-test) shipped; mock provider deterministic round-trip GREEN. P3 (Strand C 30-day bias audit) + P4 (Strand D D-IH-78-PROMOTE promotion-to-strict ratify) + P5 (closure UAT) forward-chartered to a successor strict-mode-promotion follow-up that activates when (a) live LLM provider configured under config/openclaw.json + (b) Strand C quantitative thresholds met per C-78-4. Reversibility = single-diff (flip status + mint D-IH-78-REOPEN). Full closure trace in reports/2026-05-19-closure.md.,2026-05-19,Brand & Narrative Manager,D-IH-78-CLOSURE,v3.1
INIT-OPENCLAW_AKOS-89,openclaw-akos,docs/wip/planning/89-hlk-erp-program-rollup-implementation/,I89 - HLK-ERP persona-rollup panel implementation (six routes incl Adviser-external REDACTED),active,,PMO,2026-05-17,2026-05-17,,,,,,,,D-IH-89-A,,,,PRJ-HOL-INF-2026;PRJ-HOL-PGF-2026;PRJ-HOL-MKT-2026,"Forward-chartered from I86 P3 (D-IH-86-K + D-IH-86-N); promoted candidate -> active 2026-05-17 per operator inline-ratify batch (D-IH-89-A..E). Tri-co-owned per D-IH-89-D: System Owner (TSX + RLS + browser smoke), PMO (cross-area persona contract coherence), Brand & Narrative Manager (BBR doctrine + redaction matrix). Cross-cutting phase shape per D-IH-89-C: P0 charter + P1 RLS+auth for all 6 routes + P2 TSX scaffolds for all 6 + P3 redaction matrix enforcement + P4 Adviser-external PDF export + P5 closure. Scope = all 6 routes including Adviser-external REDACTED per D-IH-89-B (MANDATORY public-prose pause-point at P3 lands per akos-agent-checkpoint-discipline.mdc). BBR drift-gate flipped from INFO -> FAIL same commit per D-IH-89-E (gate trips immediately on 7 pre-existing PRJ-HOL-FOUNDING-2026 leaks tracked by OPS-86-5; closes OPS-86-5 indirectly when leaks translate). TSX implementation lives in sibling repo hlk-erp per REPOSITORY_REGISTRY.csv + cross-repo bless pattern per SOP-EXTERNAL_REPO_BLESSING_001.md + SOP-CROSS_REPO_SCHEMA_PROPAGATION_001.md.",2026-05-17,PMO,D-IH-89-A,v3.1
INIT-OPENCLAW_AKOS-76,openclaw-akos,docs/wip/planning/76-madeira-elevation/,I76 - MADEIRA elevation (operator-interaction quality at Cursor-grade),active,,System Owner,2026-05-18,2026-05-18,,,,,,,,D-IH-76-A,,,,PRJ-HOL-INF-2026;PRJ-HOL-MAD-2026,I76 P0 charter promoted active 2026-05-18 under Wave A of Bundle D push (I86 cluster orchestration). Charter ratified via inline-ratify gate A1 (3-axis: scope/architecture + People+Tech-Lab area-discipline + Madeira role-class persona) Option D novel framing - full P0..P6 charter + scope-overlap-tracker for I11/I13/I17 active stack at docs/wip/planning/_trackers/i11-i13-i17-scope-overlap-tracker.md. Co-owned PMO (cross-area coordination + scope-overlap gates at P1/P3/P4 entries). Scope: 7-phase MADEIRA-as-method-shaping-runtime elevation - rules + hooks + skills + MCPs + 5-mode parity (Ask/Plan/Agent/Debug/Methodology) + tool catalog + AICs F5 dispatcher + persistence + personality. Inherits AICs F5 framing pre-ratification from D-IH-84-C. Not promoted: I74 + I75 + I83 (activation gates not met; blocker-trackers minted at docs/wip/planning/_blockers/) per Option 5 default posture (D-IH-86-O).,2026-05-18,System Owner,D-IH-76-A,v3.1
INIT-OPENCLAW_AKOS-83,openclaw-akos,docs/wip/planning/83-ai-archivist-and-kirbe-ingestor/,I83 - AI Archivist and KiRBe ingestor (knowledge-base surfacing system),active,,CTO,2026-05-21,2026-05-21,,,,,,,,D-IH-83-A,,,,PRJ-HOL-INF-2026,I83 promoted active 2026-05-21 under I86 Wave O via OVERRIDE D-IH-86-CC; speculative-promotion debt explicitly accepted. Cleanest substrate ready via I84 P4 D-IH-84-E E1 ratification (LlamaIndex-continue + LangGraph-workflow narrowing for KiRBe ingestor framework). 6-phase scaffold (P0 charter + P1 registry-spec + P2 ingestor MVP + P3 audience translation + P4 hlk-erp Knowledge panel + P5 closure). Co-owned System Owner (Supabase schema + RLS per akos-holistika-operations.mdc two-plane model; canonical-CSV gate at P2 DDL apply). Hard prerequisite I82 P4 (use case archive minted) carries forward unblocked.,2026-05-21,CTO,D-IH-83-A,v3.1
INIT-OPENCLAW_AKOS-74,openclaw-akos,docs/wip/planning/74-brand-tooling-productization/,I74 - Brand-tooling productization (TRIGGER-2 OS-library fork preparation),active,,Brand & Narrative Manager,2026-05-21,2026-05-21,,,,,,,,D-IH-74-A,,,,PRJ-HOL-MAD-2026;PRJ-HOL-INF-2026,I74 promoted active 2026-05-21 under I86 Wave O via OVERRIDE D-IH-86-CC; speculative-promotion debt explicitly accepted (TRIGGER-2 zero-count overridden so library + hosted-agent architecture stages in advance of first external request). D-IH-74-D pre-ratified at I84 P4 via D-IH-84-D (D3 hybrid library + agent platform). 6-phase scaffold (P0 charter + P1 @holistika/akos-brand MVP + P2 @holistika/madeira-agent MVP + P3 license-enforceability ADVOPS + P4 external pilot + P5 closure). Co-owned CTO (library API surface + hosted-agent runtime). Mandatory ADVOPS legal-template handoff at P3 per akos-agent-checkpoint-discipline.mdc.,2026-05-21,Brand & Narrative Manager,D-IH-74-A,v3.1
INIT-OPENCLAW_AKOS-75,openclaw-akos,docs/wip/planning/75-research-area-governance/,I75 - Research area governance (full operationalization beyond P4.7 charter),active,,Lead Researcher,2026-05-21,2026-05-21,,,,,,,,D-IH-75-A,,,,PRJ-HOL-INF-2026,I75 promoted active 2026-05-21 under I86 Wave O via OVERRIDE D-IH-86-CC; speculative-promotion debt explicitly accepted (Research Director hire OR founder-takes-role activation gate overridden so SOP buildout proceeds in parallel). D-IH-84-G + D-IH-84-H ratify Research-area DoD posture + Lead Researcher role-class with KM Officer + Founder interim. 7-phase scaffold (P0 charter + P1 Methodology SOPs + P2 Intelligence SOPs + P3 Diagnosis SOPs + P4 Validation SOPs + P5 KM Officer curriculum + P6 closure). Multiple canonical-CSV gates at P1-P4 (process_list tranches). Co-owned PMO (cross-area coordination).,2026-05-21,Lead Researcher,D-IH-75-A,v3.1
INIT-OPENCLAW_AKOS-88,openclaw-akos,docs/wip/planning/88-cross-area-ops-wiring-review-discipline/,I88 - Cross-area Ops wiring review discipline (every-area + 3-tier review-density) x 10-pillar Holistika ReOps lens (Boulton 8 + Brand + UX); 2 deep worked examples (FINOPS + Research OPS) + 5 area paragraph framings (Marketing/TechLab/Legal/Operations/People),active,,System Owner,2026-05-24,2026-05-24,,,,,,operator-ratify,PMO + System Owner review I88 master-roadmap P0 charter; ratify pillar 9+10 extension framing at P1 entry (D-IH-88-A); ratify Tier assignment for each of 7 areas at P1 entry,D-IH-86-CW,,hol_peopl_dtp_uat_governance_001,,,Bundle C activation per D-IH-86-CW META2-b ratification 2026-05-24; promoted from candidate _candidates/i-nn-cross-area-ops-wiring-review.md (originally D-IH-81-O 2026-05-22 spawn; D-IH-81-T 2026-05-23 every-area amendment); paired companion candidate _candidates/i-nn-research-ops-substrate.md carries the 10-pillar Holistika ReOps lens (META1-a Boulton 8 + Brand + UX),2026-05-24,PMO,D-IH-86-CW,v3.1
INIT-OPENCLAW_AKOS-90,openclaw-akos,docs/wip/planning/90-routing-and-wiring/,I90 - Routing and Wiring (Ordnance),active,,PMO,2026-06-01,2026-06-01,,,,,event_driven,,,D-IH-90-A,,,,PRJ-HOL-PGF-2026;PRJ-HOL-OPS-2026,Cluster tranche A ordnance; two-seat routing + rule tier rewire; I86 sibling. Chartered GATE #1 2026-06-01.,2026-06-01,PMO,D-IH-90-A,v3.1
INIT-OPENCLAW_AKOS-91,openclaw-akos,docs/wip/planning/91-enterprise-graph-store-coverage/,I91 - Enterprise Graph and Store-Coverage Mapping,active,,PMO,2026-06-01,2026-06-01,,,,,event_driven,,,D-IH-91-A,,,,PRJ-HOL-PGF-2026;PRJ-HOL-DAT-2026,Neo4j graph + store-coverage; follows I90 P2 rule rewire.,2026-06-01,PMO,D-IH-91-A,v3.1
INIT-OPENCLAW_AKOS-92,openclaw-akos,docs/wip/planning/92-hlk-erp-reassess-dashboard/,I92 - HLK-ERP Reassess and Dashboard,active,,System Owner,2026-06-01,2026-06-01,,,,,event_driven,,,D-IH-92-A,,,,PRJ-HOL-PGF-2026;PRJ-HOL-OPS-2026,ERP reassess + dashboard; cluster tranche A.,2026-06-01,PMO,D-IH-92-A,v3.1
INIT-OPENCLAW_AKOS-93,openclaw-akos,docs/wip/planning/93-data-area-foundation-and-governance/,I93 - DATA Area Foundation and Cross-Area Data Governance,closed,,CDO,2026-06-04,2026-06-05,2026-06-05,,,,event_driven,,,D-IH-93-A,D-IH-93-CLOSURE,,,PRJ-HOL-DAT-2026;PRJ-HOL-PGF-2026,Closed P0-P8: DATA DAMA area + People area-governance meta-process; closure UAT PASS-WITH-FOLLOWUP; OPS-86-15 mirror DML applied 2026-06-05.,2026-06-05,PMO,D-IH-93-CLOSURE,v3.1
INIT-OPENCLAW_AKOS-94,openclaw-akos,docs/wip/planning/94-area-architecture-and-completeness-v2/,"I94 - Area Architecture & Completeness v2 (2-D maturity model + entity axis + Legal 8th area + bounded-context boundary + sub-folder=role + Operations PMBOK reframe + drift remediation)",active,,CPO,2026-06-05,2026-06-05,,,,,,,"operator-gate per phase: P1 doctrine/code review; P3/P4/P7 canonical-CSV + file-move gates",D-IH-94-A,,,,PRJ-HOL-PGF-2026;PRJ-HOL-OPS-2026,"Evolves area governance v1 (flat 14-component checklist; D-IH-93-B) to v2: 2-D maturity grid L0-L5 + criticality (critical-at-L3) + AREA-14 kind + AREA-15 placement-integrity + AREA-16 subfolder=role FK + entity axis (Holistika/Think Big/HLK Tech Lab) + Legal 8th scored area + Operations delivery-capacity on PMBOK 7 domains (IntelligenceOps evicted) + People-Compliance methodology home (area-ops disciplines drift out). Grounded in 131-source research action docs/wip/intelligence/area-completeness-doctrine-2026-06-05/. Operator rounds 1-3 ratifications. P5 Envoy + P6 Legal research-first; keeps deterministic heuristic; must not break Data/Finance closures.",2026-06-05,Founder,D-IH-94-A,v3.1
INIT-OPENCLAW_AKOS-95,openclaw-akos,docs/wip/planning/95-canonical-articulation-model/,"I95 - Canonical Articulation Model / the Singularity (HCAM enterprise ontology + ISO GQL typed graph + Knowledge Manager role + area-completeness v3)",active,,CPO,2026-06-05,2026-06-05,,,,,,,"operator-gate: B relationship-registry review; C Neo4j edge-rename review; E Knowledge Manager baseline_organisation mint (canonical-CSV gate)",D-IH-95-A,,,,PRJ-HOL-PGF-2026;PRJ-HOL-OPS-2026,"Derived from I94 (operator 2026-06-05): solves the inception-era linking problem - how every canonical (role/process/topic/project/workstream/engagement/component...) articulates with others + across internal layers. Solution: the Singularity = Digital Twin of the Organization (DTO) = HCAM enterprise ontology over a governed Neo4j knowledge graph (ISO/IEC 39075:2024 GQL graph type) over CSV SSOT. Adopts ArchiMate closed ~10-verb relationship taxonomy (de-forks PARENT_OF/PROGRAM_PARENT_OF/TOPIC_PARENT_OF; ArchiMate 4.0 precedent). Stages B(relationship registry)->C(Neo4j unify, bidirectional with graph rework)->E(Knowledge Manager doctrine home + area-completeness v3 articulation-completeness). Grounded in 115-source research action docs/wip/intelligence/canonical-articulation-model-2026-06-05/. Articulation-first ahead of I94 Operations/Legal/Envoy.",2026-06-05,Founder,D-IH-95-A,v3.1
INIT-OPENCLAW_AKOS-96,openclaw-akos,docs/wip/planning/96-research-data-plane-and-research-center/,I96 - Research Data Plane + Research Center Program,active,,System Owner,2026-06-11,2026-06-11,,,,Program coordinator for three-plane research stack (Govern AKOS / Execute KiRBe / Experience HLK-ERP); program_line under I86 per D-IH-96-E.,event_driven,,,D-IH-96-A,,,,PRJ-HOL-DAT-2026;PRJ-HOL-PGF-2026,Promoted from candidate i-nn-research-data-management-and-feed-delivery (D-IH-75-G STORE/RECALL/SHARE). Four tracks: A Automation OS ledger R7-R12 (949/950 rows); B research data plane specs; C KiRBe ingest contract handoff I83; D HLK-ERP Research Center v1 four panels. Co-owned System Owner + Lead Researcher + PMO. Parent I86; edges I75 I83 I88 I92 I95. P0 program mint 2026-06-11; stays active until P12 full closure.,2026-06-11,PMO,D-IH-96-A,v3.1
INIT-OPENCLAW_AKOS-97,openclaw-akos,docs/wip/planning/97-infonomics-holistika-data-economics/,I97 - Infonomics Holistika Data Economics,active,,System Owner,2026-06-12,2026-06-12,,,,,event_driven,,,D-IH-97-A,,,,PRJ-HOL-DAT-2026;PRJ-HOL-PGF-2026,Enterprise Infonomics research: 800-row ledger + 14 prong syntheses; vault P6 after P5 ratify (scheduled not dropped). Single spine per D-IH-98-STEERING; I96 overlap tracker CO-97-004.,2026-06-12,Founder,D-IH-97-A,v3.1
INIT-OPENCLAW_AKOS-98,openclaw-akos,docs/wip/planning/98-carryover-posture-clarity/,I98 - Carryover Posture Clarity (scheduled not dropped),closed,,PMO,2026-06-12,2026-06-12,2026-06-12,,,,event_driven,,,D-IH-98-A,D-IH-98-CLOSURE,,,PRJ-HOL-PGF-2026;PRJ-HOL-OPS-2026,Closed P0-P6: carryover_posture.py + index + validator + I97 adopter; vault stay planning-only per D-IH-98-C.,2026-06-12,PMO,D-IH-98-CLOSURE,v3.1
