ops_action_id,title,originating_initiative_id,forwarded_to_initiative_id,owner_class,owner_role,status,rice_reach,rice_impact,rice_confidence_pct,rice_effort_person_weeks,rice_score,gate_id,linked_decision_ids,summary,operator_runbook_path,evidence_path,opened_at,closed_at,notes,last_review_at,last_review_by,last_review_decision_id,methodology_version_at_review
OPS-14-1,,INIT-OPENCLAW_AKOS-14,,operator,PMO,open,,,,,,,,,,,,,seeded by I59 P3 audit pass; verify owner_class + RICE,2026-05-14,PMO,D-IH-71-CLOSURE,v3.0
OPS-53-1,,INIT-OPENCLAW_AKOS-46,,operator,PMO,open,,,,,,,,,,,,,seeded by I59 P3 audit pass; verify owner_class + RICE,2026-05-14,PMO,D-IH-71-CLOSURE,v3.0
OPS-47-1,,INIT-OPENCLAW_AKOS-50,,operator,PMO,open,,,,,,,,,,,,,seeded by I59 P3 audit pass; verify owner_class + RICE,2026-05-14,PMO,D-IH-71-CLOSURE,v3.0
OPS-47-2,,INIT-OPENCLAW_AKOS-50,,operator,PMO,open,,,,,,,,,,,,,seeded by I59 P3 audit pass; verify owner_class + RICE,2026-05-14,PMO,D-IH-71-CLOSURE,v3.0
OPS-47-9,,INIT-OPENCLAW_AKOS-50,,operator,PMO,open,,,,,,,,,,,,,seeded by I59 P3 audit pass; verify owner_class + RICE,2026-05-14,PMO,D-IH-71-CLOSURE,v3.0
OPS-47-6,,INIT-OPENCLAW_AKOS-51,,operator,PMO,open,,,,,,,,,,,,,seeded by I59 P3 audit pass; verify owner_class + RICE,2026-05-14,PMO,D-IH-71-CLOSURE,v3.0
OPS-50-1,,INIT-OPENCLAW_AKOS-51,,operator,PMO,open,,,,,,,,,,,,,seeded by I59 P3 audit pass; verify owner_class + RICE,2026-05-14,PMO,D-IH-71-CLOSURE,v3.0
OPS-51-1,,INIT-OPENCLAW_AKOS-51,,operator,PMO,open,,,,,,,,,,,,,seeded by I59 P3 audit pass; verify owner_class + RICE,2026-05-14,PMO,D-IH-71-CLOSURE,v3.0
OPS-47-8,,INIT-OPENCLAW_AKOS-52,,operator,PMO,open,,,,,,,,,,,,,seeded by I59 P3 audit pass; verify owner_class + RICE,2026-05-14,PMO,D-IH-71-CLOSURE,v3.0
OPS-52-1,,INIT-OPENCLAW_AKOS-52,,operator,PMO,open,,,,,,,,,,,,,seeded by I59 P3 audit pass; verify owner_class + RICE,2026-05-14,PMO,D-IH-71-CLOSURE,v3.0
OPS-52-2,,INIT-OPENCLAW_AKOS-52,,operator,PMO,open,,,,,,,,,,,,,seeded by I59 P3 audit pass; verify owner_class + RICE,2026-05-14,PMO,D-IH-71-CLOSURE,v3.0
OPS-54-1,,INIT-OPENCLAW_AKOS-54,,operator,PMO,open,,,,,,,,,,,,,seeded by I59 P3 audit pass; verify owner_class + RICE,2026-05-14,PMO,D-IH-71-CLOSURE,v3.0
OPS-55-1,,INIT-OPENCLAW_AKOS-55,,operator,PMO,open,,,,,,,,,,,,,seeded by I59 P3 audit pass; verify owner_class + RICE,2026-05-14,PMO,D-IH-71-CLOSURE,v3.0
OPS-56-1,,INIT-OPENCLAW_AKOS-56,,operator,PMO,open,,,,,,,,,,,,,seeded by I59 P3 audit pass; verify owner_class + RICE,2026-05-14,PMO,D-IH-71-CLOSURE,v3.0
OPS-57-1,,INIT-OPENCLAW_AKOS-57,,operator,PMO,open,,,,,,,,,,,,,seeded by I59 P3 audit pass; verify owner_class + RICE,2026-05-14,PMO,D-IH-71-CLOSURE,v3.0
OPS-57-2,,INIT-OPENCLAW_AKOS-57,,operator,PMO,open,,,,,,,,,,,,,seeded by I59 P3 audit pass; verify owner_class + RICE,2026-05-14,PMO,D-IH-71-CLOSURE,v3.0
OPS-54-1.c,,INIT-OPENCLAW_AKOS-57,,operator,PMO,open,,,,,,,,,,,,,seeded by I59 P3 audit pass; verify owner_class + RICE,2026-05-14,PMO,D-IH-71-CLOSURE,v3.0
OPS-58-1,,INIT-OPENCLAW_AKOS-58,,operator,PMO,open,,,,,,,,,,,,,seeded by I59 P3 audit pass; verify owner_class + RICE,2026-05-14,PMO,D-IH-71-CLOSURE,v3.0
OPS-58-2,,INIT-OPENCLAW_AKOS-58,,operator,PMO,open,,,,,,,,,,,,,seeded by I59 P3 audit pass; verify owner_class + RICE,2026-05-14,PMO,D-IH-71-CLOSURE,v3.0
OPS-58-3,Fix _heuristic_persona_fit persona=None rubric gap,INIT-OPENCLAW_AKOS-58,,engineering,PMO,closed,,,,,149,,D-IH-58-J,resolve_persona reads PERSONA_REGISTRY.csv when persona=None; persona_fit heuristic now has real context,,docs/wip/planning/59-hlk-governance-clean-slate/reports/p6-ops-58-3-rubric-fix-2026-05-06.md,,2026-05-06,I59 P6 closed; 14 new tests in test_judge_persona_fit_offline.py,2026-05-14,PMO,D-IH-71-CLOSURE,v3.0
OPS-58-4,,INIT-OPENCLAW_AKOS-58,,operator,PMO,open,,,,,,,,,,,,,seeded by I59 P3 audit pass; verify owner_class + RICE,2026-05-14,PMO,D-IH-71-CLOSURE,v3.0
OPS-59-1,Merge telemetry promotion proposals into PERSONA_SCENARIO_REGISTRY.csv,INIT-OPENCLAW_AKOS-59,,operator,PMO,open,,,,,,,D-IH-59-K,Run promote_telemetry_to_scenario.py --since-days 30 when telemetry exists; merge proposals per SOP-MADEIRA_SCENARIO_LIFECYCLE_001 §5.4,,docs/wip/planning/59-hlk-governance-clean-slate/reports/p7-telemetry-triage-2026-05-06.md,,,I59 P7; zero proposals at initial run (no telemetry data); re-run each cycle,2026-05-14,PMO,D-IH-71-CLOSURE,v3.0
OPS-66-1,Submit trademark filings with counsel,INIT-OPENCLAW_AKOS-66,,operator,Legal Counsel,open,7,3,80,2,840,,D-IH-66-C,Use I66 P4 trademark strategy and handoff package to submit EUIPO and OEPM filings,docs/wip/planning/66-brand-vision-ops-sweep/reports/p4-operator-handoff-package-2026-05-09.md,docs/wip/planning/66-brand-vision-ops-sweep/reports/uat-i66-brand-vision-ops-sweep-2026-05-09.md,2026-05-09,,Counsel and operator credentials required,2026-05-14,Legal Counsel,D-IH-71-CLOSURE,v3.0
OPS-66-2,Apply P6 governance Supabase migration,INIT-OPENCLAW_AKOS-66,,operator,System Owner,open,4,3,85,0.5,2040,,D-IH-66-S,Apply the governance brand template and engagement intelligence views before expecting live remote rows in hlk-erp,docs/wip/planning/66-brand-vision-ops-sweep/reports/p6-pause-record-2026-05-09.md,docs/wip/planning/66-brand-vision-ops-sweep/reports/uat-i66-brand-vision-ops-sweep-2026-05-09.md,2026-05-09,,Fallback rows keep panels usable before apply,2026-05-14,System Owner,D-IH-71-CLOSURE,v3.0
OPS-67-1,Kick off I67 RevOps Discovery research,INIT-OPENCLAW_AKOS-66,INIT-OPENCLAW_AKOS-67,operator,Brand & Narrative Manager,open,8,3,80,1,1920,,D-IH-66-T,Approve research brief and schedule operator interview block for I67,docs/wip/planning/67-revops-discovery/research-brief.md,docs/wip/planning/66-brand-vision-ops-sweep/reports/uat-i66-brand-vision-ops-sweep-2026-05-09.md,2026-05-09,,Launch gate for I67,2026-05-15,Brand & Narrative Manager,D-IH-72-AO,v3.0
OPS-70-1,I70 plan-finalization handoff: 17-phase Holistika OS Self-Governance Foundation execution,INIT-OPENCLAW_AKOS-70,,operator,PMO,closed,,,,,,,D-IH-70-A;D-IH-70-B;D-IH-70-C;D-IH-70-D;D-IH-70-E;D-IH-70-F;D-IH-70-G;D-IH-70-H;D-IH-70-I;D-IH-70-J;D-IH-70-K;D-IH-70-L;D-IH-70-M;D-IH-70-N;D-IH-70-O;D-IH-70-P;D-IH-70-Q;D-IH-70-R;D-IH-70-S;D-IH-70-T;D-IH-70-U;D-IH-70-V;D-IH-70-W;D-IH-70-X;D-IH-70-Y;D-IH-70-Z;D-IH-70-AA;D-IH-70-AB;D-IH-70-AC;D-IH-70-AD;D-IH-70-CLOSURE,Phase 3 ratifications recorded 2026-05-12; execution-phase decisions Z/AA/AB/AC/AD landed through P8 through P9.7; P11 closing UAT PASS 2026-05-13; initiative closed via D-IH-70-CLOSURE.,.cursor/plans/holistika_os_self-governance_foundation_63841b81.plan.md,docs/wip/planning/70-holistika-os-self-governance/reports/p70-closing.md,2026-05-12,2026-05-13,Closed with INIT-OPENCLAW_AKOS-70; annotated git tag v3.1 intentionally not pushed on this row (see D-IH-70-CLOSURE notes).,2026-05-14,PMO,D-IH-71-CLOSURE,v3.0
OPS-71-1,Validator pack productization (I71 Strand A),INIT-OPENCLAW_AKOS-71,,operator,PMO,closed,,,,,,,D-IH-71-A;D-IH-71-F;D-IH-71-G;D-IH-71-H;D-IH-71-I;D-IH-71-J;D-IH-71-K;D-IH-71-L;D-IH-71-M;D-IH-71-N;D-IH-71-O;D-IH-71-S;D-IH-71-T;D-IH-71-CLOSURE,Execute D-IH-71-A: ship four validator packs (scripts + YAML + tests + release-gate) across I71 P1-P4; PMO coordinates with Brand and Tech role owners per pack. Pack A1 SHIPPED 2026-05-14 (I71 P1) per D-IH-71-F..K ratification. P2 SHIPPED 2026-05-14: Packs A2 + A3 + Addition 11 + Tier 1 Vale sibling (per D-IH-71-L..O). P5 SHIPPED 2026-05-14 per D-IH-71-S + D-IH-71-T: Pack A4 (render ownership; closes validator-pack quartet A1+A2+A3+A4) + Strand B hardening (MCP smoke + WORKSPACE §18 8 per-CI-gate routing rows per C-71-5). CLOSED 2026-05-14 with closure_decision_id D-IH-71-CLOSURE: I71 P6 closing UAT bands A-D PASS operator-blanket-trust self-verification; 4 validator packs (A1+A2+A3+A4) live with validator + YAML pack + tests; release-gate integration (A1 + A4 dedicated rows + chassis-level coverage for A2/A3 per D-IH-71-J in-place-extension policy; A2/A3 dedicated release-gate rows deferred to forward-charter slot when operator wants per-pack pass/fail telemetry); pytest -m brand regression 254/254 PASS post-bulk-backfill.,docs/wip/planning/71-cicd-discipline-and-aiops-baseline-maturity/master-roadmap.md,docs/wip/planning/71-cicd-discipline-and-aiops-baseline-maturity/reports/p71-closing.md,2026-05-13,2026-05-14,Opened at I71 P0 charter; closure targeted I71 P6. Pack A1 ratified 2026-05-14 (P1). Pack A2 + A3 + Addition 11 + Tier 1 Vale sibling SHIPPED 2026-05-14 (P2). Pack A4 (render ownership) + Strand B hardening SHIPPED 2026-05-14 (P5; D-IH-71-S + D-IH-71-T MINTED; closes validator-pack quartet A1+A2+A3+A4). CLOSED 2026-05-14 at I71 P6 with closure_decision_id D-IH-71-CLOSURE; 4 OPS-71-* rows now closed across the initiative (OPS-71-1 + OPS-71-2 + OPS-71-3 = 3 OPS rows total all closed).,2026-05-14,PMO,D-IH-71-CLOSURE,v3.0
OPS-71-2,Release-taxonomy ratification + tag-criteria SOP (I71 Strand C1),INIT-OPENCLAW_AKOS-71,,operator,PMO,closed,,,,,,,D-IH-71-D;D-IH-71-P,Execute D-IH-71-D: codify the three release lanes (methodology / vault folder / openclaw-akos SemVer+tag); author SOP-RELEASE_TAXONOMY_001.md; decide whether to push v3.1.0 annotated tag at I70 closure cut or hold [Unreleased]; update CHANGELOG policy header. CLOSED 2026-05-14 with closure_decision_id D-IH-71-P: SOP authored at docs/references/hlk/v3.0/Admin/O5-1/Tech/System Owner/canonicals/SOP-RELEASE_TAXONOMY_001.md (~180 lines / 8 sections; three lanes + tag criteria + SemVer judgment + [Unreleased] discipline + cross-lane non-implication + load-bearing customer-invisible versioning posture per operator intent verbatim + cross-references + maintenance). CHANGELOG Policy header pointer added. Strand C1 release-taxonomy SOP authored 2026-05-14.,docs/wip/planning/71-cicd-discipline-and-aiops-baseline-maturity/master-roadmap.md,docs/wip/planning/71-cicd-discipline-and-aiops-baseline-maturity/reports/p3-release-taxonomy-2026-05-14.md,2026-05-13,2026-05-14,Opened at I71 P0 charter scope expansion; closure targeted I71 P3. Discharges the deferral in D-IH-70-CLOSURE. Strand C1 release-taxonomy SOP authored 2026-05-14.,2026-05-14,PMO,D-IH-71-CLOSURE,v3.0
OPS-71-3,Review-stamp / last-version-visited dimension (I71 Strand C2),INIT-OPENCLAW_AKOS-71,,operator,PMO,closed,,,,,,,D-IH-71-E;D-IH-71-Q,Execute D-IH-71-E: pick column-extension vs separate review-stamp table; author migration + canonical CSV update + validator (freshness window) + ERP panel slot reservation; stamp subject classes (process / decision / artifact / registry-row). CLOSED 2026-05-14 with closure_decision_id D-IH-71-Q: column-extension verdict per C-71-4 default; supabase/migrations/20260514193709_i71_p4_review_stamp.sql applied via apply_migration MCP adding 4 review-stamp columns to compliance.* mirrors of process_list + decision_register + initiative_registry + ops_register; same-commit lockstep CSV header + akos.* SSOT tuple updates; scripts/validate_review_stamps.py freshness-window validator (180-day threshold; advisory only) wired into release-gate as INFO row; REVIEW_STAMP_INBOX.md sidecar surfaces stale + missing rows for incremental operator backfill; HLK_ERP_ARCHITECTURE.md section 4 reserves /operator/governance/freshness-dashboard/ panel slot (implementation deferred to I72+). Artifact subject class via CANONICAL_REGISTRY deferred to follow-up commit when first unmirrored canonical needs a stamp (no compliance.canonical_registry_mirror exists; standalone-table path).,docs/wip/planning/71-cicd-discipline-and-aiops-baseline-maturity/master-roadmap.md,docs/wip/planning/71-cicd-discipline-and-aiops-baseline-maturity/reports/p4-strand-c2-review-stamp-2026-05-14.md,2026-05-13,2026-05-14,Opened at I71 P0 charter scope expansion; closure targeted I71 P4. Closes the forward-charter pointer in p70-closing.md section 4 bullet 3. Strand C2 review-stamp dimension column-extension applied 2026-05-14 (4 mirrored canonicals; 1212 info advisories surfaced on first validator run; 0 warnings; 0 errors).,2026-05-14,PMO,D-IH-71-CLOSURE,v3.0
OPS-77-1,Impeccable bridge refresh + drift gate execution (I77 P1-P4),INIT-OPENCLAW_AKOS-77,,operator,Brand & Narrative Manager,closed,5,3,80,3,667,2026-05-16,D-IH-77-A;D-IH-77-B;D-IH-77-C;D-IH-77-D;D-IH-77-E;D-IH-77-F;D-IH-77-G;D-IH-77-H;D-IH-77-I;D-IH-77-CLOSURE-V2,Executed I77 P1-P4 (bridges + drift gate + UAT + brand-canon-collapse remediation + visual UAT rendering + rendering-pipeline registry mint).,docs/wip/planning/77-impeccable-brand-bridge-refresh/master-roadmap.md,docs/wip/planning/77-impeccable-brand-bridge-refresh/reports/p4-brand-canon-collapse-remediation-2026-05-16.md,2026-05-14,2026-05-16,CLOSED V2 2026-05-16: P4.A wide-prose sweep COMPLETE (193 instances; T1-T10 minus T11); P4.B visual UAT render COMPLETE (scripts/render_impeccable_uat.py + reusable stylesheet + first rendered artifact); P4.C rendering-pipeline registry COMPLETE (canonical + Pydantic + validator + SOP + runbook + 20 tests). All validators green.,2026-05-16,Brand & Narrative Manager,D-IH-77-CLOSURE-V2,v3.0
OPS-72-1,Strand A.2 ENGAGEMENT_TEMPLATE_REGISTRY canonical CSV + Supabase mirror + ERP panel slot wiring,INIT-OPENCLAW_AKOS-72,,mixed,CMO,closed,3,3,80,0.5,192,,D-IH-72-B;D-IH-72-F,P2 deliverable: new canonical CSV + akos SSOT + validator + Supabase mirror + 6 seed rows + CANONICAL_REGISTRY row + PRECEDENCE classification + compliance_mirror_emit profile + release-gate wiring + tests.,,,2026-05-14,2026-05-14,Closure target P2 (~3-4 days). MANDATORY canonical-CSV gate.,2026-05-14,CMO,D-IH-72-CLOSURE,v3.0
OPS-72-2,Strand A.2 SOP-ENGAGEMENT_TEMPLATE_PROMOTION_001 + promotion-rule validator + process_list row,INIT-OPENCLAW_AKOS-72,,mixed,CMO,closed,3,3,80,0.3,240,,D-IH-72-B,P3 deliverable: SOP + scripts/validate_engagement_template_promotion.py advisory validator + process_list.csv row tbi_mkt_dtp_revops_template_promotion_001 (operator-gated) + release-gate wiring + cross-links from WORKSPACE_BLUEPRINT §16.3 + ACCOUNT_MANAGEMENT_CHARTER.,,,2026-05-14,2026-05-14,Closure target P3 (~2-3 days). MANDATORY canonical-CSV gate.,2026-05-14,CMO,D-IH-72-CLOSURE,v3.0
OPS-72-3,Strand A.3 RevOps owner activation (baseline + QBR SOP + PMO->RevOps handoff + process_list 7-col extension at P4),INIT-OPENCLAW_AKOS-72,,mixed,CMO,closed,3,3,70,0.3,350,,D-IH-72-A;D-IH-72-C;D-IH-72-AC;D-IH-72-AD;D-IH-72-AF;D-IH-72-AG,P4 deliverable: baseline_organisation.csv RevOps Lead + RevOps Analyst rows flip gated->active with sub_area=Operations/RevOps per D-IH-72-Y (operator-gated) + 4 gated_ahead_of_growth_stage roles + 2 gated_ahead_of_executive_activation rows (CRO + COO per D-IH-72-AD) + SOP-REVOPS_QBR_001.md at Operations/RevOps/canonicals/ + PMO->RevOps handoff record + RevOps panel wiring at /operator/operations/revops/engagement-templates/ + process_list.csv 7-col extension (m3_sub_area + engagement_template_id + persona_id + cadence_type + min/par/max_rev_value_eur per D-IH-72-AF) + Supabase migration + ARCHITECTURE.md + USER_GUIDE.md cascade per D-IH-72-V.,,,2026-05-14,2026-05-14,Closure target P4 (~2-3 days). HARD EXTERNAL DEP: I71 P5 Pack A4. MANDATORY canonical-CSV gate (baseline + process_list).,2026-05-14,CMO,D-IH-72-CLOSURE,v3.0
OPS-72-4,Strand B Persona Registry expansion (business-developer-collaborator + surfaced personas),INIT-OPENCLAW_AKOS-72,,mixed,CMO,closed,2,2,85,0.4,85,,D-IH-72-G,P5 deliverable: extend PERSONA_REGISTRY.csv + PERSONA_SCENARIO_REGISTRY.csv per D-IH-72-G; brand-voice register strict-mode validation.,,,2026-05-14,2026-05-14,Closure target P5 (~2-3 days). MANDATORY canonical-CSV gate. Independent of Strand A.,2026-05-14,CMO,D-IH-72-CLOSURE,v3.0
OPS-72-5,Strand C IntelligenceOps Register Expansion (canonical CSV + 3 SOPs + I73 recruiter cross-link),INIT-OPENCLAW_AKOS-72,,mixed,CMO,closed,3,3,70,1.0,63,,D-IH-72-H;D-IH-72-I;D-IH-72-J;D-IH-72-K,P6 deliverable: mint sibling canonical INTELLIGENCEOPS_REGISTER.csv + akos SSOT + validator + Supabase migration + 4 seed rows + 3 SOPs (regulator + media + recruiter cross-link) + CANONICAL_REGISTRY rows + PRECEDENCE.,,,2026-05-14,2026-05-14,Closure target P6 (~4-6 days). MANDATORY canonical-CSV gate. Independent of Strand A.,2026-05-14,CMO,D-IH-72-CLOSURE,v3.0
OPS-72-6,Strand A.1 sub-area charter authoring (5 charters: Reach + Resonance + Storytelling + Experimentation + Account Management),INIT-OPENCLAW_AKOS-72,,mixed,CMO,closed,4,3,85,0.7,194,,D-IH-72-A;D-IH-72-C;D-IH-72-D;D-IH-72-E;D-IH-72-Z;D-IH-72-AA;D-IH-72-AB,P1 deliverable: author 5 new canonicals under Marketing/<sub_area>/canonicals/. Each charter follows I70 P8.4 SMO-charter shape. Brand-voice register strict-mode on prose. Round 7 additions: Growth->Reach SOP migration with quality-pass per D-IH-72-Z; Social dissolution + comprehensive role taxonomy table per D-IH-72-AA; 3-function umbrella cross-references per D-IH-72-AB.,,,2026-05-14,2026-05-14,Closure target P1 (~3-5 days; Round 7 +1-2 days for quality-pass). Per-charter inline-ratify gate.,2026-05-14,CMO,D-IH-72-CLOSURE,v3.0
OPS-72-7,Strand D.1 RevOps Integration Spine (engagement_id + template_id FKs on finops.registered_fact + governance.engagement_revenue_view + ERP panel op_revops_engagement_revenue),INIT-OPENCLAW_AKOS-72,,mixed,CMO,closed,4,3,75,0.7,214,,D-IH-72-L;D-IH-72-M;D-IH-72-V,P7 deliverable per D-IH-72-M (option D both FK + view): Supabase migration adding engagement_id + template_id FK columns to finops.registered_fact (NOT VALID + VALIDATE CONSTRAINT pattern per I70 P8.5 precedent); Supabase migration creating governance.engagement_revenue_view joining finops.registered_fact + compliance.engagement_registry_mirror + compliance.engagement_template_registry_mirror + holistika_ops.stripe_customer_link; HLK-ERP panel route /operator/operations/revops/engagement-revenue/ wired to view (Round 7 path migration per D-IH-72-Y); akos/hlk_revops_spine.py Pydantic models; scripts/validate_revops_spine.py validator + tests + release-gate row; CANONICAL_REGISTRY entry for view; PRECEDENCE classification; ARCHITECTURE.md + USER_GUIDE.md cascade per D-IH-72-V.,,,2026-05-14,2026-05-14,Closure target P7 (~3-4 days). MANDATORY canonical-CSV gate (finops schema change is high-blast-radius). DAMA-DMBOK 2.0 RMDM + Data Integration & Interoperability aligned. Cross-references: I19 finops ledger Phase 1 + I18 FINOPS counterparty register + I14 holistika_ops.stripe_customer_link.,2026-05-14,CMO,D-IH-72-CLOSURE,v3.0
OPS-72-8,Strand D.2 Process Catalog (REVOPS_PROCESS_CATALOG.yaml + 8-12 paired SOPs + revops_dispatch.py + scaffold_engagement.py RPA scaffolder + process_list.csv tranche + 8 adapter registry shells),INIT-OPENCLAW_AKOS-72,,mixed,CMO,closed,5,3,70,1.5,117,,D-IH-72-L;D-IH-72-N;D-IH-72-P;D-IH-72-Q;D-IH-72-R;D-IH-72-S;D-IH-72-V,P8 deliverable per D-IH-72-N triplet architecture (process_list.csv + YAML + paired SOPs): mint REVOPS_PROCESS_CATALOG.yaml at Operations/RevOps/canonicals/ (Round 7 path per D-IH-72-Y) with 8-12 seed processes; author 8-12 paired SOPs (one per catalog entry; SMO-charter quality bar; AC-HUMAN + AC-AUTOMATION fields per D-IH-72-S); mint scripts/revops_dispatch.py dispatch script; mint scripts/scaffold_engagement.py RPA scaffolder per D-IH-72-P + paired SOP-ENGAGEMENT_SCAFFOLDING_001.md; append 8-12 process_list.csv rows (operator-gated canonical-CSV) with cadence cells per D-IH-72-Q taxonomy; akos/revops_process_catalog.py Pydantic models; scripts/validate_process_catalog_cadence.py validator; tests + release-gate wiring. Round 6 split-P8: P8 STARTS with 8 adapter registry SHELLS (CRM + REVOPS + EMAIL + ATTRIBUTION + BILLING + COMMUNICATION + SCHEDULING + CONTRACT) + akos SSOT modules + validators (no rows yet; rows + paired SOPs land at P9 per D-IH-72-R).,,,2026-05-14,2026-05-14,Closure target P8 (~4-6 days). MANDATORY canonical-CSV gate. Per new Cursor rule akos-executable-process-catalog.mdc: every catalog entry has SOP path + runbook path (pairing rule). Per-catalog-entry inline-ratify (8-12 gates batched).,2026-05-14,CMO,D-IH-72-CLOSURE,v3.0
OPS-72-9,Strand D.3 Cross-area integration (8 adapter registries CRM + REVOPS + EMAIL + ATTRIBUTION + BILLING + COMMUNICATION + SCHEDULING + CONTRACT + 6-8 paired SOPs covering Finance/Data/Tech/GTM/People/Legal/Research/MADEIRA + full validate_process_list_pairing.py validator),INIT-OPENCLAW_AKOS-72,,mixed,CMO,closed,5,3,65,2.0,65,,D-IH-72-L;D-IH-72-O;D-IH-72-T;D-IH-72-U;D-IH-72-V;D-IH-72-W,P9 deliverable per D-IH-72-O Normalized Adapter Pattern (Truto/Unified.to/Apideck 2026 industry consensus) + D-IH-72-T MarTech breadth: populate 8 adapter registries with rows + status enum metadata per new Cursor rule Rule 2; CRM_ADAPTER_REGISTRY.csv at Marketing/Reach/canonicals/dimensions/ (HubSpot planned + Salesforce planned + Pipedrive inactive + Close inactive + Attio experimental + Copper inactive + Folk inactive + Odoo inactive + Apollo inactive + SalesLoft inactive + holistika_ops active); REVOPS_ADAPTER_REGISTRY.csv at Operations/RevOps/canonicals/dimensions/ (Round 7 path per D-IH-72-Y; Finance/Data/Tech/GTM/People/Legal/Research/MADEIRA cross-area handoff bridges); EMAIL_ADAPTER_REGISTRY (Marketing/Reach/canonicals/dimensions/); ATTRIBUTION_ADAPTER_REGISTRY (Marketing/Experimentation/canonicals/dimensions/); BILLING_ADAPTER_REGISTRY (Marketing/Resonance/Account Management/canonicals/dimensions/); COMMUNICATION_ADAPTER_REGISTRY (Operations/PMO/canonicals/dimensions/); SCHEDULING_ADAPTER_REGISTRY (Marketing/Reach/canonicals/dimensions/); CONTRACT_ADAPTER_REGISTRY (Marketing/Resonance/Account Management/canonicals/dimensions/); akos SSOT modules + validators + Supabase mirrors; 6-8 paired SOPs (FINOPS_BRIDGE + CRM_INTEGRATION + PEOPLE_ENGAGEMENT_HANDOFF + LEGAL_TEMPLATE_FIRE + RESEARCH_ENGAGEMENT_TRIGGER + MADEIRA_REVOPS_HANDOFF + ...) with TODO markers + validate_hlk_vault_links SKIP rules per D-IH-72-W feature-flag pattern; full scripts/validate_process_list_pairing.py validator covering all 4 Cursor rule dimensions per D-IH-72-U; ARCHITECTURE.md + USER_GUIDE.md cascade per D-IH-72-V.,,,2026-05-14,2026-05-14,Closure target P9 (~7-10 days; Round 6 effort revised from 5-7 days due to MarTech breadth). MANDATORY canonical-CSV gate. Multi-area touchpoints: requires coordination check with I73 People Operations + I75 Research + I77 Brand candidate states. DAMA-DMBOK 2.0 Metadata Management + Data Integration & Interoperability aligned. Cost-of-no-action: $12.9-15M/yr + 10-30% duplication per Truto 2026. Multi-area cross-coordination targets (originally drafted in forwarded_to_initiative_id; moved to notes per validator FK constraint): INIT-OPENCLAW_AKOS-14;INIT-OPENCLAW_AKOS-18;INIT-OPENCLAW_AKOS-19;INIT-OPENCLAW_AKOS-62;INIT-OPENCLAW_AKOS-68.,2026-05-14,CMO,D-IH-72-CLOSURE,v3.0
OPS-72-10,Operations/RevOps area charter authoring (REVOPS_AREA_CHARTER.md at Operations/RevOps/canonicals/) — alongside Marketing sub-area charters in P1 batch,INIT-OPENCLAW_AKOS-72,,mixed,PMO,closed,3,3,80,0.3,320,,D-IH-72-Y;D-IH-72-AC;D-IH-72-AD;D-IH-72-AE;D-IH-72-AH,P1 deliverable per D-IH-72-AH (Round 8): author REVOPS_AREA_CHARTER.md at Operations/RevOps/canonicals/ during I72 P1 alongside the 5 Marketing sub-area charters (Reach + Resonance + Storytelling + Experimentation + Account Management per OPS-72-6). Author to MARKETING_AREA_M3_REDESIGN.md quality bar: area purpose + sub-roles taxonomy (cite Round 7 Role Taxonomy section in p0-charter; promote to canonical OPERATIONS_REVOPS_ROLE_TAXONOMY.md eventually if scale justifies) + cross-area relationships (Marketing/Reach/Resonance/Storytelling/Experimentation/Brand integrations + cross-area adapters per Strand D.3) + value-mapping function commitment per D-IH-72-Y + executive layer reporting chain per D-IH-72-AD + DAMA Data Owner explicit per Cursor rule Rule 4 (Data Owner = PMO interim until CRO activation). Brand-voice register strict-mode applies to charter prose per I71 P1.,,,2026-05-14,2026-05-14,Closure target P1 (~1-2 days within P1's 3-5 day range). Per-charter inline-ratify gate. NOT a canonical-CSV gate (charter is markdown). Cross-references: D-IH-72-Y placement; D-IH-72-AC sub-role taxonomy; D-IH-72-AD executive layer; Round 7 Role Taxonomy section in p0-charter as content seed. owner_role originally drafted as 'PMO (interim until CRO activation per D-IH-72-AD)' to capture interim-until-CRO-activation context; collapsed to clean FK PMO per validator constraint; interim context preserved here + in D-IH-72-AD notes.,2026-05-14,CMO,D-IH-72-CLOSURE,v3.0
OPS-73-1,Strand E ENGAGEMENT_MODEL_REGISTRY canonical CSV mint + ENGAGEMENT_REGISTRY 17-col extension + process_list tbi_peopl_dtp_engagement_* tranche + Supabase mirror DDL + Pydantic SSOT + validator + tests + sync-script extension,INIT-OPENCLAW_AKOS-73,,mixed,People Operations Lead,closed,,,,,,,D-IH-73-A;D-IH-73-C;D-IH-73-D;D-IH-73-E,P1 landed prior commit (canonical CSV gate). ENGAGEMENT_MODEL_REGISTRY + mirror + process_list tranche + validators.,,,2026-05-15,2026-05-15,Retro-closed with P2 wave doc sync (OPS row parity).,2026-05-15,People Operations Lead,D-IH-73-N,v3.1
OPS-73-2,Strand A Learning charter + Holistik Researcher onboarding curriculum + LEARNING_OPS_BACKLOG.csv cohort tracking,INIT-OPENCLAW_AKOS-73,,mixed,Learning Curator,closed,,,,,,,D-IH-73-A,P2 closed 2026-05-15: LEARNING_CHARTER.md + curriculum/HOLISTIK_RESEARCHER_ONBOARDING_CURRICULUM.md + dimensions/LEARNING_OPS_BACKLOG.csv + scripts/peopl_engagement_apprentice_curriculum_assign.py + akos/peopl_engagement_runbooks.py. Inline-ratify C-73-1 default cohort size 1; C-73-2 methodology-anchor versioning.,,,2026-05-15,2026-05-15,P2 strand closure; heavy CSV validator deferred per cycle discipline.,2026-05-15,PMO,D-IH-73-A,v3.1
OPS-73-3,Strand C Engagement-lifecycle SOPs (hiring + onboarding + payroll + offboarding) parameterized by engagement_model_id + paired runbooks per akos-executable-process-catalog.mdc Rule 1,INIT-OPENCLAW_AKOS-73,,mixed,People Operations Lead,closed,,,,,,,D-IH-73-A;D-IH-73-D;D-IH-73-E,P3 closed 2026-05-15: SOP-ENGAGEMENT_MODEL_REGISTRY_MAINTENANCE_001.md + SOP-ENGAGEMENT_HIRING_LIFECYCLE_001.md + SOP-ENGAGEMENT_ONBOARDING_001.md + SOP-ENGAGEMENT_PAYROLL_OPS_001.md + SOP-ENGAGEMENT_OFFBOARDING_001.md + scripts/peopl_engagement_*.py runbooks + SOP-LEARNING_APPRENTICE_CURRICULUM_ASSIGNMENT_001.md pairing stub + process_list.csv TODO clearance for six People Ops cadence rows + apprentice pairing stub path.,,,2026-05-15,2026-05-15,C-73-4 parameterized-default retained per charter; no row explosion into 28 SOPs.,2026-05-15,People Operations Lead,D-IH-73-A,v3.1
OPS-73-4,Strand F HISTORICAL_ENGAGEMENT_CASE_LAW codification (Bâtard 2020 + Mark-II + Alias V + RCD Legal + L'Oréal arrangement; access_level=5 register=internal frontmatter),INIT-OPENCLAW_AKOS-73,,operator,People Operations Lead,closed,,,,,,,D-IH-73-A;D-IH-73-D,P4 closed 2026-05-15: HISTORICAL_ENGAGEMENT_CASE_LAW.md with anonymized patterns + engagement_model_id mapping + explicit non-goals; cites FOUNDER_TRAJECTORY_INTERNAL as upstream only (no verbatim employer/counterparty names).,,,2026-05-15,2026-05-15,C-73-8 default full anonymization retained.,2026-05-15,People Operations Lead,D-IH-73-A,v3.1
OPS-73-5,Strand B SOP-ETHICS_LEARNING_REVIEW quarterly co-review SOP + BRAND_VOICE_FOUNDATION refresh with we-become-unethical-when-we-unlearn thesis,INIT-OPENCLAW_AKOS-73,,mixed,Ethics Advisor,closed,,,,,,,D-IH-73-A,P5 closed 2026-05-15: SOP-ETHICS_LEARNING_REVIEW_001.md + scripts/check_ethics_learning_review_due.py + process_list hol_peopl_dtp_316 scheduled row + BRAND_VOICE_FOUNDATION internal thesis paragraph + validate_process_list_pairing check_ethics candidate path. C-73-3 Ethics-led default.,,,2026-05-15,2026-05-15,P5 strand closure.,2026-05-15,Ethics Advisor,D-IH-73-A,v3.1
OPS-73-6,Strand D PEOPLE_COMPLIANCE_VS_ETHICS_BOUNDARY + process_list orphan reassignments (canonical-CSV gate),INIT-OPENCLAW_AKOS-73,,mixed,CPO,closed,,,,,,,D-IH-73-A,P6 closed 2026-05-15: PEOPLE_COMPLIANCE_VS_ETHICS_BOUNDARY.md + process_list orphan owner fixes (hol_peopl_dtp_139→Ethics Advisor; hol_peopl_dtp_286→Learning Curator). C-73-5 defaults encoded in boundary doc (GDPR/regulatory→Compliance primary; AI-overreach→Ethics primary; AI customer disclosure→joint). PEOPLE_AREA_RESTRUCTURE.md §5 hol_peopl_ethics_dtp_* mint deferred.,,,2026-05-15,2026-05-15,P6 strand closure.,2026-05-15,CPO,D-IH-73-A,v3.1
OPS-73-7,Strand G KB_HUMAN_READABILITY_CHARTER + 4 hlk-erp panel filter routes (operator-managed / cleared-collaborator / low-trust-outsourced / apprentice) mapped 1:1 to engagement classes,INIT-OPENCLAW_AKOS-73,,mixed,PMO,closed,,,,,,,D-IH-73-A;D-IH-73-E;D-IH-73-G,P7 closed 2026-05-15: KB_HUMAN_READABILITY_CHARTER.md + reports/kb-human-readability-erp-route-spec.md (hlk-erp sibling PR contract; no hlk-erp in AKOS). C-73-7 default ERP panel filter routes. Validators PASS on charter + spec.,docs/references/hlk/v3.0/Admin/O5-1/Operations/PMO/canonicals/KB_HUMAN_READABILITY_CHARTER.md,docs/wip/planning/73-people-operations-and-learning-curriculum/reports/kb-human-readability-erp-route-spec.md,2026-05-15,2026-05-15,P7 Strand G charter + cross-repo ERP spec; hlk-erp implementation deferred to sibling repo.,2026-05-15,PMO,D-IH-73-A,v3.1
OPS-73-8,Strand H METHODOLOGY_IP_MINTING_PATH brand-vs-name decision matrix (brand/legal PAUSE POINT),INIT-OPENCLAW_AKOS-73,,mixed,Brand & Narrative Manager,closed,,,,,,,D-IH-73-A;D-IH-73-F,P8 closed 2026-05-15: METHODOLOGY_IP_MINTING_PATH.md under Marketing/Brand/canonicals — corpus-to-filing lifecycle + Holistika-default vs personal-name matrix + counsel-before-filing posture. C-73-6 licensing deferred-at-asset. Cross-links Legal SOPs + BRAND_HIERARCHY + TRADEMARK_FILING_STRATEGY + LOGIC_CHANGE_LOG BT-01 framing. No new D-IH-73-* CSV row minted (D-IH-73-F carries matrix policy).,docs/references/hlk/v3.0/Admin/O5-1/Marketing/Brand/canonicals/METHODOLOGY_IP_MINTING_PATH.md,,2026-05-15,2026-05-15,P8 Strand H closure; per-asset filings still counsel-gated.,2026-05-15,Brand & Narrative Manager,D-IH-73-F,v3.1
OPS-73-9,P9 UAT - first engagement onboarded under new model (operator-self ratification option a OR first apprentice cohort option b),INIT-OPENCLAW_AKOS-73,,operator,PMO,closed,,,,,,,D-IH-73-A,P9 closed 2026-05-15: reports/uat-i73-p9-2026-05-15.md — validator + doc-review PASS rows; live engagement + browser + WebChat SKIP with reasons (akos-planning-traceability honest UAT); release-gate FAIL carry-over documented in triage doc.,,,2026-05-15,2026-05-15,P9 operator-evidence template executed; option (a)/(b) physical onboard still operator-owned if desired.,2026-05-15,PMO,D-IH-73-A,v3.1
OPS-73-10,P10 Cross-strand integration verification — all 8 strands cohere; SOPs reference Engagement Registry; IP minting flagged in advisor pipeline; Learning references registry for apprentice onboarding; Ethics quarterly review covers IP cadence,INIT-OPENCLAW_AKOS-73,,mixed,PMO,closed,,,,,,,D-IH-73-A,P10 closed 2026-05-15: reports/p10-integration-verification-2026-05-15.md — strand cohesion PASS table (registry singularity + SOP FK + Ethics/Learning + P7 access + P8 brand/legal links). Validates umbrella prior run for engagement model + pairing + vault links cited from P9 UAT attachment.,,,2026-05-15,2026-05-15,P10 integration artefact satisfies OPS-73-10 wording; release-gate environmental FAIL tracked separately.,2026-05-15,PMO,D-IH-73-A,v3.1
OPS-79-1,Strand A People Manifesto canonical (HOLISTIKA_ORGANISING_DOCTRINE.md) - operator AL5 review PAUSE,INIT-OPENCLAW_AKOS-79,,operator,People Operations Lead,closed,,,,,,,D-IH-79-A;D-IH-79-B;D-IH-79-K,P1 deliverable: People manifesto canonical at People/canonicals/HOLISTIKA_ORGANISING_DOCTRINE.md (AL5 internal-cleared). Verbatim CPO-frame quotes (process-singularity + CORPINT lineage + KB-as-substrate + KB-stewardship-across-every-role). Manifest publish PAUSE for operator AL5 review.,,,2026-05-15,2026-05-15,P1 manifest publish gate per master-roadmap PAUSE list. Closed P8 2026-05-15 per D-IH-79-CLOSURE.,2026-05-15,PMO,D-IH-79-CLOSURE,v3.1
OPS-79-2,Strand B Pattern Library (CSV + MD + Pydantic + validator + jargon-scan + Supabase mirror),INIT-OPENCLAW_AKOS-79,,mixed,People Operations Lead,closed,,,,,,,D-IH-79-A;D-IH-79-C;D-IH-79-D;D-IH-79-N,P2 deliverables: PEOPLE_DESIGN_PATTERN_REGISTRY.csv (8-12 initial rows from I59..I77 lineage) + PEOPLE_DESIGN_PATTERN_LIBRARY.md (paired narrative) + akos/hlk_design_pattern_csv.py Pydantic SSOT + scripts/validate_design_pattern_registry.py with --jargon-scan mode + tests/test_design_pattern_registry.py + Supabase mirror migration. Wires into validate_hlk.py + verification-profiles.json.,,,2026-05-15,2026-05-15,P2 standard pause class. Anti-jargon drift gate operationalized at this phase. Closed P8 2026-05-15 per D-IH-79-CLOSURE.,2026-05-15,PMO,D-IH-79-CLOSURE,v3.1
OPS-79-3,Strand C-People AI doctrine + ops + Ethics anchor (PAUSE - Ethics canonical mint),INIT-OPENCLAW_AKOS-79,,operator,People Operations Lead,closed,,,,,,,D-IH-79-A;D-IH-79-F;D-IH-79-G;D-IH-79-L,P3a deliverables: HOLISTIKA_AGENTIC_DOCTRINE.md (jargon-free; Madeira named-explicit) + SOP-PEOPLE_AGENTIC_OPERATIONS_001.md + scripts/peopl_agentic_knowledge_test.py paired runbook + ETHICAL_AGENTIC_BOUNDARIES.md (red-lines only) + process_list extensions. Anti-jargon drift gate must PASS.,,,2026-05-15,2026-05-15,P3a Ethics anchor canonical mint PAUSE per master-roadmap PAUSE list. Closed P8 2026-05-15 per D-IH-79-CLOSURE.,2026-05-15,PMO,D-IH-79-CLOSURE,v3.1
OPS-79-4,Strand C-Tech-Lab Framework Landscape + Agent Infra SOP,INIT-OPENCLAW_AKOS-79,,mixed,System Owner,closed,,,,,,,D-IH-79-A;D-IH-79-F;D-IH-79-L;D-IH-79-M,P3b deliverables: docs/references/hlk/v3.0/Admin/O5-1/Envoy Tech Lab/canonicals/AGENTIC_FRAMEWORK_LANDSCAPE.md (jargon-bearing; framework rows + KB infrastructure + MCP postures + tooling matrix) + SOP-TECH_AGENTIC_INFRA_001.md + scripts/tech_agentic_landscape_audit.py paired runbook + process_list extensions.,,,2026-05-15,2026-05-15,"P3b standard pause class. Until System Owner role activates, runs as PMO + Founder co-sign per R-IH-79-10 mitigation. Closed P8 2026-05-15 per D-IH-79-CLOSURE.",2026-05-15,PMO,D-IH-79-CLOSURE,v3.1
OPS-79-5,Strand D Cross-area Breakthrough-Escalation SOP + paired runbook,INIT-OPENCLAW_AKOS-79,,mixed,People Operations Lead,closed,,,,,,,D-IH-79-A;D-IH-79-I,P4 deliverable: SOP-PEOPLE_CROSS_AREA_BREAKTHROUGH_001.md (propagation contract + Tech Lab pingback) + scripts/peopl_cross_area_breakthrough_announce.py paired runbook + process_list extension (event_triggered cadence).,,,2026-05-15,2026-05-15,P4 standard pause class. Closed P8 2026-05-15 per D-IH-79-CLOSURE.,2026-05-15,PMO,D-IH-79-CLOSURE,v3.1
OPS-79-6,Strand E Orphan Inventory across 7 doc trees + per-cluster inline-ratify housekeeping,INIT-OPENCLAW_AKOS-79,,operator,PMO,closed,,,,,,,D-IH-79-A;D-IH-79-J,"P5 deliverables: reports/orphan-inventory-2026-05-15.md (read-only audit across docs/wip/, docs/references/hlk/Research & Logic/, docs/references/hlk/previous-project-for-product-owner-example-only/, docs/uat/, docs/wip/intelligence/, temp-context/, Clients/) + per-cluster inline-ratify AskQuestion + applied housekeeping commits per operator verdicts.",,,2026-05-15,2026-05-15,P5 PAUSE only on deletes per master-roadmap PAUSE list. Closed P8 2026-05-15 per D-IH-79-CLOSURE.,2026-05-15,PMO,D-IH-79-CLOSURE,v3.1
OPS-79-7,Strand F process_list.csv 8th column schema extension (inherited_pattern_id FK) - canonical CSV gate PAUSE,INIT-OPENCLAW_AKOS-79,,operator,PMO,closed,,,,,,,D-IH-79-A;D-IH-79-E,P6 deliverable: process_list.csv schema extended with nullable inherited_pattern_id FK to PEOPLE_DESIGN_PATTERN_REGISTRY.pattern_id. akos/hlk_process_list_csv.py Pydantic SSOT extended. validate_hlk.py FK-resolution check. Supabase mirror ALTER TABLE migration.,,,2026-05-15,2026-05-15,P6 canonical CSV gate PAUSE per akos-governance-remediation.mdc. Closed P8 2026-05-15 per D-IH-79-CLOSURE.,2026-05-15,PMO,D-IH-79-CLOSURE,v3.1
OPS-79-8,Strand F process_list.csv seeded inherited_pattern_id FKs (inline-ratify per process row),INIT-OPENCLAW_AKOS-79,,operator,PMO,closed,,,,,,,D-IH-79-A;D-IH-79-E,P6 follow-on: seeded FKs across existing process_list rows pointing at PEOPLE_DESIGN_PATTERN_REGISTRY rows. Inline-ratify gate per row (C-79-7) confirms pattern parentage. Process-singularity adoption surface becomes countable.,,,2026-05-15,2026-05-15,P6 inline-ratify gate (C-79-7). Closed P8 2026-05-15 per D-IH-79-CLOSURE.,2026-05-15,PMO,D-IH-79-CLOSURE,v3.1
OPS-79-9,P7 UAT - Madeira knowledge-test session + jargon-scan green + landscape audit green + integration verification,INIT-OPENCLAW_AKOS-79,,operator,PMO,closed,,,,,,,D-IH-79-A;D-IH-79-N,P7 deliverables: reports/uat-i79-p7-2026-05-15.md (UAT row template per akos-planning-traceability.mdc) + reports/p7-integration-verification.md (cross-strand cohesion). Madeira (current AI O5-1) runs knowledge-test rubric (5-10 KB-lookup tasks); jargon-scan validator PASS on all People canonicals; landscape audit script PASS on Tech Lab canonicals.,,,2026-05-15,2026-05-15,P7 standard pause class. Live engagement / browser-smoke / WebChat may SKIP with reason per honest-UAT discipline. Closed P8 2026-05-15 per D-IH-79-CLOSURE.,2026-05-15,PMO,D-IH-79-CLOSURE,v3.1
OPS-79-10,P8 Initiative closure record - D-IH-79-CLOSURE; INITIATIVE_REGISTRY status=closed; all OPS-79-* closed; dep map sync,INIT-OPENCLAW_AKOS-79,,operator,PMO,closed,,,,,,,D-IH-79-A,P8 closure: D-IH-79-CLOSURE row mint; INIT-OPENCLAW_AKOS-79 status=closed + closed_at=2026-05-15 + closure_decision_id=D-IH-79-CLOSURE; OPS-79-1..9 closed; INITIATIVE_DEPENDENCIES.md sync (I79 closed); CHANGELOG.md closure entry; docs/wip/planning/_templates/README.md per-initiative state table sync.,,,2026-05-15,2026-05-15,P8 closure pause record per akos-agent-checkpoint-discipline.mdc. Closed P8 2026-05-15 per D-IH-79-CLOSURE.,2026-05-15,PMO,D-IH-79-CLOSURE,v3.1
OPS-80-1,P1 Track 2 SOP body/addendum pattern mint - registry row + library narrative + SOP-META extension + jargon-gate refinement,INIT-OPENCLAW_AKOS-80,,engineering,System Owner,closed,,,,,,,D-IH-80-B;D-IH-80-F;D-IH-80-G,Track 2 SOP body/addendum pattern mint. Append pattern_sop_addendum_split row to PEOPLE_DESIGN_PATTERN_REGISTRY.csv (pattern_class=documentation_layering 11th class per D-IH-80-G); extend Pydantic Literal in akos/hlk_design_pattern_csv.py; extend tests/test_design_pattern_registry.py; author #pattern-sop-addendum-split narrative section in PEOPLE_DESIGN_PATTERN_LIBRARY.md; extend SOP-META_PROCESS_MGMT_001.md with body/addendum split + 5-row rubric + frontmatter contract; refine validate_design_pattern_registry.py --jargon-scan to glob-exclude *.addendum.md; update PRECEDENCE.md with addendum-canonical-class registration.,,,2026-05-16,2026-05-16,P0 charter ratification 2026-05-16. Activates at phase ship per master-roadmap.md.,2026-05-16,People Operations Lead,D-IH-80-CLOSURE,v3.1
OPS-80-2,P2 Track 1 Stakeholder lenses paired-files + agent reflection report - first instantiation of pattern_sop_addendum_split,INIT-OPENCLAW_AKOS-80,,engineering,People Operations Lead,closed,,,,,,,D-IH-80-C,Track 1 stakeholder lenses + agent reflection. Author HOLISTIKA_STAKEHOLDER_LENSES.md (level 4 7 stakeholder lens sections + I76 forward-vision section) + HOLISTIKA_STAKEHOLDER_LENSES.addendum.md (level 5 founder-reflection layer + agent vortion) at People/canonicals/; author p8-agent-reflection-2026-05-15.md initiative-meta report under I79 reports/ folder; append tbi_peopl_dtp_stakeholder_lenses_review_001 process_list row (annual + event_triggered cadence); update PRECEDENCE.md with both files + process_list row.,,,2026-05-16,2026-05-16,P0 charter ratification 2026-05-16. Activates at phase ship per master-roadmap.md.,2026-05-16,People Operations Lead,D-IH-80-CLOSURE,v3.1
OPS-80-3,P3 Track 3 Inline-ratify craft skill + Cursor rule extension,INIT-OPENCLAW_AKOS-80,,engineering,System Owner,closed,,,,,,,D-IH-80-E,Track 3 inline-ratify craft skill + rule extension. Mint .cursor/skills/inline-ratify-craft/SKILL.md (~300 lines principles + good/bad examples + worked checklist + recovery patterns); extend .cursor/rules/akos-inline-ratification.mdc with quality bar sub-section cross-referencing the skill (6-8 bullets every option carries rationale + recommended-default marked + evidence cited inline by file:line + batched calls group tightly-coupled decisions + novel framings welcome when they help operator brainstorm + time-box recovery).,,,2026-05-16,2026-05-16,P0 charter ratification 2026-05-16. Activates at phase ship per master-roadmap.md.,2026-05-16,People Operations Lead,D-IH-80-CLOSURE,v3.1
OPS-80-4,P4 I79 SOP retrofit pilot (3 files) - body/addendum split applied to I79-authored SOPs,INIT-OPENCLAW_AKOS-80,,engineering,People Operations Lead,closed,,,,,,,D-IH-80-D,I79 SOP retrofit pilot. Promote SOP-PEOPLE_AGENTIC_OPERATIONS_001.md and SOP-PEOPLE_CROSS_AREA_BREAKTHROUGH_001.md to paired-file form (body keeps executor-focused contract; addendum carries Tech Lab pingback details + integration-postures + KB-infrastructure dimensions + scoring detail). SOP-TECH_AGENTIC_INFRA_001.md no-op (Tech Lab speaks tech in body legitimately). Update PRECEDENCE.md with new addendum rows.,,,2026-05-16,2026-05-16,P0 charter ratification 2026-05-16. Activates at phase ship per master-roadmap.md.,2026-05-16,People Operations Lead,D-IH-80-CLOSURE,v3.1
OPS-80-5,P5 I73 lifecycle SOP retrofit pilot (5 files) - DAMA-readiness demonstration at scale,INIT-OPENCLAW_AKOS-80,,engineering,People Operations Lead,closed,,,,,,,D-IH-80-D,I73 lifecycle SOP retrofit pilot. Promote 5 People Operations engagement-lifecycle SOPs to paired-file form: SOP-ENGAGEMENT_MODEL_REGISTRY_MAINTENANCE_001 + SOP-ENGAGEMENT_HIRING_LIFECYCLE_001 + SOP-ENGAGEMENT_ONBOARDING_001 + SOP-ENGAGEMENT_PAYROLL_OPS_001 + SOP-ENGAGEMENT_OFFBOARDING_001. Bodies retain executor contract (plain-language People register); addenda carry FINOPS counterparty linkage + Compliance access-level routing + Legal NDA-template depth + workspace-blueprint cross-references. Update PRECEDENCE.md with 5 addendum rows.,,,2026-05-16,2026-05-16,P0 charter ratification 2026-05-16. Activates at phase ship per master-roadmap.md.,2026-05-16,People Operations Lead,D-IH-80-CLOSURE,v3.1
OPS-80-6,P6 UAT + integration verification + I81 candidate stub for full-vault retrofit forward-charter,INIT-OPENCLAW_AKOS-80,,engineering,PMO,closed,,,,,,,D-IH-80-D,P6 UAT + integration verification + I81 candidate stub. Author p6-uat-2026-05-16.md (mechanical PASS rows + human-in-the-loop SKIP rows); author p6-integration-verification.md (cross-reference matrix + new patterns adopted + jargon-scan green + SOPs-readable-as-manifesto check); mint candidate stub at docs/wip/planning/_candidates/i81-full-vault-sop-addendum-retrofit.md per D-IH-80-D forward-charter (~30+ SOPs across 11 areas; continuous initiative posture or absorbed into existing review cadences). Verification: full validator matrix PASS.,,,2026-05-16,2026-05-16,P0 charter ratification 2026-05-16. Activates at phase ship per master-roadmap.md.,2026-05-16,People Operations Lead,D-IH-80-CLOSURE,v3.1
OPS-80-7,P7 Initiative closure - D-IH-80-CLOSURE; INITIATIVE_REGISTRY status=closed; OPS-80-* closed; dep map sync,INIT-OPENCLAW_AKOS-80,,operator,PMO,closed,,,,,,,D-IH-80-A,P7 closure. Mint D-IH-80-CLOSURE row; flip INIT-OPENCLAW_AKOS-80 status=closed + closed_at=2026-05-DD + closure_decision_id=D-IH-80-CLOSURE; close OPS-80-1..6 (this row OPS-80-7 closes itself); sync INITIATIVE_DEPENDENCIES.md (i80 closed in mermaid + blocker table CLOSED + history extended with i80 closure); sync docs/wip/planning/_templates/README.md per-initiative state table; CHANGELOG.md closure entry; closure pause record per akos-agent-checkpoint-discipline.mdc.,,,2026-05-16,2026-05-16,P0 charter ratification 2026-05-16. Activates at phase ship per master-roadmap.md.,2026-05-16,People Operations Lead,D-IH-80-CLOSURE,v3.1
OPS-80-8,P6.5 KNOWLEDGE_PAIRING_REGISTRY.csv mint - documentation-relationship registry for DAMA + SSOT + mirror + hlk-erp + AI Archivist scope,INIT-OPENCLAW_AKOS-80,,engineering,People Operations Lead,closed,3,3,90,0.2,72.0,,D-IH-80-H,Mint KNOWLEDGE_PAIRING_REGISTRY.csv at People/Compliance/canonicals/dimensions/ + Pydantic SSOT akos/hlk_knowledge_pairing_csv.py + validator scripts/validate_knowledge_pairing_registry.py + tests tests/test_knowledge_pairing_registry.py + 10 seed rows (8 paired-file pairs from I80 P2/P4/P5 + 2 indices) + PRECEDENCE.md registration + validate_hlk.py umbrella dispatch wiring. Per D-IH-80-H operator inline-ratify ratification at I80 P6.5.,,,2026-05-16,2026-05-16,Inserted as P6.5 phase between I80 P6 and P7 closure. RICE: reach 4 (consumed by Supabase mirror + hlk-erp panel + AI Archivist + every paired-file author); impact 4 (DAMA Metadata Management knowledge area uplift); confidence 90% (validator + tests green; 10 seed rows resolve all FKs); effort 0.2 person-weeks (~half day).,2026-05-16,People Operations Lead,D-IH-80-H,v3.1
OPS-86-1,I86 cluster coordination - Waves 1-5 nine-sibling burndown,INIT-OPENCLAW_AKOS-86,,mixed,PMO,open,,,,,,,D-IH-86-A;D-IH-86-B;D-IH-86-C;D-IH-86-D;D-IH-86-E,P0 opens continuous coordination posture until nine siblings INIT rows reach closed and future D-IH-86-CLOSURE mints. System Owner co-owner encoded in initiative notes per D-IH-86-A.,,,2026-05-16,,Cadence event-driven per D-IH-86-B; spotlight facilitation per D-IH-86-A; sibling charters remain authoritative for scope.,2026-05-16,PMO,D-IH-86-A,v3.1
OPS-85-1,I85 P2 tag-migration sweep coordination across three file-class tranches,INIT-OPENCLAW_AKOS-85,,mixed,Brand & Narrative Manager,closed,3,3,80,0.4,18.0,,D-IH-85-A;D-IH-85-C;D-IH-85-CLOSURE,Closed Wave C 2026-05-19. P2 sweep landed via scripts/validate_audience_tags.py drift gate (replaces nominal scripts/audience_tag_assets.py runbook per executable-process-catalog.mdc Rule 1 acceptance: validator IS the executable contract; AC-AUTOMATION satisfied). Q1 Wave 2 + Q2 Wave 2 ratify gates passed (11 surfaces tagged across 6 audience codes; 53 files scanned all FK-resolved). SOP-AUDIENCE_TAG_GOVERNANCE_001 promoted review->active at e1960cf with process_list row tbi_mkt_prc_audience_tag_governance_001. RICE 18.0 achieved.,docs/wip/planning/85-audience-tag-canonicalization/master-roadmap.md,docs/wip/planning/85-audience-tag-canonicalization/reports/uat-i85-closure-2026-05-19.md,2026-05-16,2026-05-19,Closed at I85 P4 closure per D-IH-85-CLOSURE; cluster-coordinator I86 D-IH-86-D mechanical cross-check PASS.,2026-05-19,Brand & Narrative Manager,D-IH-85-CLOSURE,v3.1
OPS-87-1,I87 P2 plugins.allow validator + P5 SOP+runbook + P6 closure UAT coordination,INIT-OPENCLAW_AKOS-87,,mixed,System Owner,closed,2,3,85,0.3,17.0,,D-IH-87-A;D-IH-87-B;D-IH-87-C;D-IH-87-CLOSURE,Closed Wave B 2026-05-19. P2 shipped scripts/validate_openclaw_plugin_pinning.py + 7 tests + release-gate INFO row (e40fae1); P3 modelsConfig qwen3:8b removed (e40fae1 + 02726f4); P4 RCA path-(a) upstream-bug-presumed (51a7045); P5 SOP-OPENCLAW_RUNTIME_HEALTH_TRIAGE_001 paired with scripts/openclaw_health_escalate.py + process_list.csv env_tech_dtp_openclaw_runtime_health_triage_001 row (a57a5cb); P6 synthetic 3-class dry-run drill PASS for ws-token-expiration + docker-sandbox-churn + low-context-warning + SOP promoted review->active (this commit). RICE achieved 17.0 actual.,docs/wip/planning/87-openclaw-operator-runtime-hardening/master-roadmap.md,docs/wip/planning/87-openclaw-operator-runtime-hardening/reports/uat-i87-closure-2026-05-19.md,2026-05-16,2026-05-19,Closed at I87 P6 closure per D-IH-87-CLOSURE; cluster-coordinator I86 D-IH-86-D mechanical cross-check PASS.,2026-05-19,System Owner,D-IH-87-CLOSURE,v3.1
OPS-81-1,I81 P1 vault integrity + DQ sprint + P2 layout-migration tranches coordination,INIT-OPENCLAW_AKOS-81,,mixed,PMO,open,3,3,75,0.8,10.0,,D-IH-81-A;D-IH-81-H,P1 ships kb-integrity-audit-<date>.md + kb-integrity-matrix-<date>.csv (one row per process_list.csv executable; columns include audience_tags_coverage consuming I85 P1) + KNOWLEDGE_PAIRING gap register + mirror-emit coverage checklist. P2 ships wave-by-plane layout-migration tranches (operator gates per tranche). RICE: reach 3 (PMO + System Owner + cross-area role_owners); impact 3 (vault integrity evidence baseline + planning-surface drift gate); confidence 75% (scope spans ~40 SOPs + planning surfaces); effort 0.8 person-weeks (P1+P3 only; P2 + retrofit phases tracked as forward OPS rows).,,,2026-05-16,,Cluster wave-1 burndown sibling per I86 D-IH-86-A; D-IH-81-A absorbed mode allows parallel waves.,2026-05-16,PMO,D-IH-81-A,v3.1
OPS-82-1,I82 doctrine mint + Talent activation + 3 facet-registry mints + live capability-surfacing UAT scheduling,INIT-OPENCLAW_AKOS-82,,mixed,PMO,open,3,3,70,1.0,9.0,,D-IH-82-A;D-IH-82-B;D-IH-82-F;D-IH-82-G;D-IH-82-H,P0 followup mints HOLISTIKA_CAPABILITY_DOCTRINE.md (body + addendum) at People/canonicals/. P1 gates on baseline_organisation Talent activation (operator). P2 mints CAPABILITY_REGISTRY.csv (gates on I81 P1 OR D-IH-82-PREREQ waiver). P3 mints CAPABILITY_CONFIDENCE_REGISTRY paired. P4 mints USE_CASE_ARCHIVE.csv + 5 POC seed rows. P5 extends BRAND_BASELINE_REALITY_MATRIX §N. P7 schedules one live external-stakeholder capability-surfacing rehearsal OR waiver narrative. RICE: reach 3 (PMO + Brand + Compliance + external stakeholders); impact 3 (third foundational doctrine + commercial-readiness substrate); confidence 70% (live UAT depends on external scheduling); effort 1.0 person-weeks (~5d engineering excluding operator pause windows).,,,2026-05-16,,Cluster wave-1 burndown sibling per I86 D-IH-86-A; consumes I81 P1 and I85 P1 outputs; forward-charters I83.,2026-05-16,PMO,D-IH-82-A,v3.1
OPS-86-2,I86 P1 — program-anchor Stage A validator + paired SOP/runbook + 17 INIT backfill,INIT-OPENCLAW_AKOS-86,,operator,PMO,closed,,,,,,,D-IH-86-H;D-IH-86-I;D-IH-86-J;D-IH-86-L;D-IH-86-M,Stage A validator + paired SOP/runbook + Pydantic chassis shipped 2026-05-17. 17 active-class INITIATIVE_REGISTRY rows backfilled with 'Program anchors:' prefix; coverage report emitted; BBR drift-gate token list extended with PRJ-HOL-. Validator wired into validate_hlk.py + release-gate.py (INFO advisory) + verification-profiles.json pre_commit.,scripts/pmo_program_anchor_backfill.py,docs/wip/planning/86-initiative-cluster-execution-coordinator/reports/coverage-by-persona-2026-05-17.md,2026-05-17,2026-05-17,Closed on commit per acceptance_criteria_automation = validator + runbook fire unattended.,2026-05-17,PMO,D-IH-86-I,v3.1
OPS-86-3,I86 P2 — promote program_anchors to first-class column (Supabase DDL + Pydantic fieldnames + validator FK block),INIT-OPENCLAW_AKOS-86,,operator,PMO,open,,,,3,,canonical_csv_gate,D-IH-86-J,Stage B — Supabase migration mints program_anchors semicolon-list column on compliance.initiative_registry_mirror; INITIATIVE_REGISTRY_FIELDNAMES tuple extended; FK block added to validate_initiative_registry.py; one-shot conversion from notes-prefix lands; legacy --legacy-notes-parser flag drives WARN-only path for one cycle. MANDATORY operator pause-point on DDL apply per akos-holistika-operations.mdc two-plane model.,scripts/_oneshot_anchors_notes_to_column.py,,2026-05-17,,Pause-record reports/p2-pause-record-<date>.md required before merge.,2026-05-17,PMO,D-IH-86-J,v3.1
OPS-86-4,I86 P3 — persona-view rollup (governance.initiative_program_rollup_view + 6 persona contracts + Adviser-external pause),INIT-OPENCLAW_AKOS-86,INIT-OPENCLAW_AKOS-89,operator,PMO,closed,,,,2,,public_prose_gate,D-IH-86-K;D-IH-86-L;D-IH-89-A,Cross-area persona-view rollup: Supabase view DDL joining initiative_registry_mirror × program_registry_mirror on program_anchors; six persona spec at reports/persona-view-spec-2026-05-19.md; BBR drift-gate scope widening to adviser-external surfaces; ERP architecture inventory update; UAT acceptance checklist; handoff stub for follow-up initiative i89 (hlk-erp portfolio panels). MANDATORY pause-point on Adviser-external view (public-prose category). CLOSED 2026-05-17 (I89 candidate promoted active via D-IH-89-A; trigger fulfilled; TSX implementation now lives in I89).,,,2026-05-17,2026-05-17,Sibling to OPS-86-3; depends on its DDL apply for the FK join target.,2026-05-17,PMO,D-IH-89-A,v3.1
OPS-86-5,ADVOPS dossier BBR triage — remove PRJ-HOL-* leakage from ENISA evidence prose,INIT-OPENCLAW_AKOS-86,,mixed,Brand & Narrative Manager,closed,1,1,90,0.5,1.8,,D-IH-86-L;D-IH-86-N;D-IH-89-G,CLOSED 2026-05-18. ADVOPS harmonization sweep completed: (a) all 7 BBR leaks fixed (dossier_es.md 6 + deck_slides.yaml 1; BBR drift gate PASS); (b) Apéndice A operator-internal questions removed from dossier_es.md (operator instruction); (c) 4 TODO[OPERATOR] markers replaced with external-register prose; (d) entity rename Holistika Research → Holistika Research SL across dossier + deck_story_es + 2 cover emails; (e) legal-constitutor handoff bundle minted at Think Big/Advisers/2026-holistika-incorporation/01-our-pack/legal-constitutor-handoff-2026-05-18.md with 5 SL name candidates (SET A) + tribute breakdown + asset-contribution table + cash slot; (f) cross-area governance README minted at _assets/advops/PRJ-HOL-FOUNDING-2026/README.md (explains program_id vs engagement_slug split; cross-wires both folders); (g) engagement README updated with reciprocal cross-link + 01-our-pack populated row + last_review bumped to 2026-05-18. Effort 0.5 person-week actual vs 0.2 estimated (expanded scope: operator added artifact-quality refresh + KB governance wiring + 4 SL names brainstorm).,scripts/validate_brand_baseline_reality_drift.py,docs/wip/planning/86-initiative-cluster-execution-coordinator/reports/ops-86-5-closure-evidence-2026-05-18.md,2026-05-17,2026-05-18,Owner = Brand & Narrative Manager (BBR doctrine owner) + ADVOPS engagement co-owner. Operator added expanded scope 2026-05-17/18: harmonize KB governance + redo stale artifacts + mint legal-constitutor handoff. Closed per D-IH-89-G (ADVOPS harmonization sweep complete; BBR gate PASS). Pivot from directory-rename to content-rewrite + cross-wiring documented in closure evidence (validator scans content not paths; rename would have broken 30+ cross-refs without functional benefit).,2026-05-18,Brand & Narrative Manager,D-IH-89-G,v3.1
OPS-89-1,I89 P0 charter coordination - tri-co-owned cross-cutting six-phase rollout,INIT-OPENCLAW_AKOS-89,,mixed,PMO,open,,,,4,,,D-IH-89-A;D-IH-89-B;D-IH-89-C;D-IH-89-D;D-IH-89-E,Coordinate the I89 P0-P5 cross-cutting rollout: P1 RLS+auth wiring across 6 routes; P2 TSX scaffolds; P3 redaction matrix enforcement (Adviser-external MANDATORY pause); P4 PDF export pipeline; P5 closure. Tri-co-owned per D-IH-89-D. Cross-repo bless pattern coordinates sibling-repo hlk-erp commits per SOP-EXTERNAL_REPO_BLESSING_001.md.,docs/wip/planning/89-hlk-erp-program-rollup-implementation/master-roadmap.md,,2026-05-17,,Cluster-coordination cost low (no sibling-coordination across the I86 ten-sibling list); higher operator-cycle cost on Adviser-external pause-point at P3. Closes when D-IH-89-CLOSURE mints.,2026-05-17,PMO,D-IH-89-A,v3.1
OPS-76-1,I76 P0 charter coordination - Wave A Lane 5 promotion under Option 5 default posture,INIT-OPENCLAW_AKOS-76,,operator,System Owner,open,,,,3,,canonical_csv_gate,D-IH-76-A;D-IH-86-O,"Coordinate I76 P0..P6 execution: P1 5-mode parity SOPs (Ask/Plan/Agent/Debug/Methodology) + I17 consolidation gate at P1 entry per scope-overlap-tracker section 3.1; P2 rules+hooks+skills+MCPs+tool-catalog harmonisation; P3 operator UX + persistence + personality SOPs + I11 consolidation gate at P3 entry per scope-overlap-tracker section 3.2; P4 AICs F5 dispatcher + MADEIRA_AIC_PER_TASK_REGISTRY mint (canonical CSV gate; MANDATORY pause-point) + I13 consolidation gate at P4 entry per scope-overlap-tracker section 3.3; P5 closure prep + I76b forward-charter assessment if any consolidation gate forward-charters; P6 closure UAT + I86 sibling table update.",docs/wip/planning/76-madeira-elevation/master-roadmap.md,,2026-05-18,,Charter promotion ratified at A1 Option D novel framing (full P0..P6 charter + scope-overlap-tracker minted at P0). Inherits D-IH-84-C AICs F5 pre-ratification. P4 canonical-CSV gate mandatory pause-point per akos-agent-checkpoint-discipline.mdc.,2026-05-18,System Owner,D-IH-76-A,v3.1
OPS-76-2,Blocker-tracker review cadence - I74 candidate (TRIGGER-2 not met),INIT-OPENCLAW_AKOS-86,,operator,PMO,open,,,,0.1,,,D-IH-76-A;D-IH-86-O,Review I74 (candidate) promotion blocker tracker on next-review trigger (TRIGGER-2 first external request OR I71/I72/I73 closure whichever later). When all 7 conditions section 3 met promote I74 via fresh A1-equivalent ratify gate; close this OPS row + tracker (archive disposition). Targets candidate I74 (not yet in INITIATIVE_REGISTRY hence forwarded_to blank).,docs/wip/planning/_blockers/i74-promotion-blocker-tracker.md,,2026-05-18,,Quarterly review minimum even if no external trigger fires; ensures operator visibility of dormant candidate intent. Reverted-promotion lineage D-IH-86-F/G preserved in tracker. Will be relinked to forwarded_to_initiative_id at promotion time.,2026-05-18,PMO,D-IH-76-A,v3.1
OPS-76-3,Blocker-tracker review cadence - I75 candidate (I72 P0 + I73 P0 + Research Director hire pending),INIT-OPENCLAW_AKOS-86,,operator,PMO,open,,,,0.1,,,D-IH-76-A;D-IH-86-O,Review I75 (candidate) promotion blocker tracker on next-review trigger (I72 P0 closure OR I73 P0 closure OR Research Director hire whichever first). Three resolution conditions section 2: I72/I73 P0 ratified + Research Director activated. Targets candidate I75 (not yet in INITIATIVE_REGISTRY hence forwarded_to blank).,docs/wip/planning/_blockers/i75-promotion-blocker-tracker.md,,2026-05-18,,Most constraint-blocked of four Lane 5 candidates (3 of 6 conditions PENDING). Will be relinked to forwarded_to_initiative_id at promotion time.,2026-05-18,PMO,D-IH-76-A,v3.1
OPS-76-4,Blocker-tracker review cadence - I83 candidate (I82 P4 USE_CASE_ARCHIVE not minted),INIT-OPENCLAW_AKOS-86,,operator,PMO,open,,,,0.1,,,D-IH-76-A;D-IH-86-O,Review I83 (candidate) promotion blocker tracker when I82 P4 closure ratified. Strand B substrate (CRM_ADAPTER_REGISTRY) ready 2026-05-13; only blocker is Strand A USE_CASE_ARCHIVE infrastructure. Secondary dependency: I76 P3 closure (AICs F5 substrate operational). Targets candidate I83 (not yet in INITIATIVE_REGISTRY hence forwarded_to blank).,docs/wip/planning/_blockers/i83-promotion-blocker-tracker.md,,2026-05-18,,Two-stage unblock: I82 P4 first then I76 P3. Status flips from blocked-on-I82-P4 to blocked-on-I76-P3 at first stage. Will be relinked to forwarded_to_initiative_id at promotion time.,2026-05-18,PMO,D-IH-76-A,v3.1
OPS-86-6,Mint .cursor/rules/akos-conflict-surfacing-and-blocker-trackers.mdc Cursor rule (codify Option 5 default posture),INIT-OPENCLAW_AKOS-86,,operator,PMO,closed,,,,0.5,,,D-IH-86-O,"Minted .cursor/rules/akos-conflict-surfacing-and-blocker-trackers.mdc 2026-05-18 codifying: trigger conditions for novel-framing-with-blocker-trackers (architectural conflict where some-but-not-all candidate activation gates met OR active siblings need phase-specific consolidation OR operator-content gate density would overflow chat scope OR reverted-promotion lineage applies); blocker-tracker + scope-overlap-tracker file shapes with binding YAML + body section templates; decision tree (full charter vs scope-overlap-tracker+charter vs blocker-tracker vs blocker-tracker-with-revert-lineage vs forward-charter); 4 anti-patterns explicitly forbidden; I76 P0 worked example. Cross-references akos-inline-ratification.mdc + akos-planning-traceability.mdc + akos-agent-checkpoint-discipline.mdc + akos-governance-remediation.mdc.",.cursor/rules/akos-conflict-surfacing-and-blocker-trackers.mdc,,2026-05-18,2026-05-18,Closed Wave A 2026-05-18 (originally forward-mint at F2; pulled forward when Option 5 default posture proved durable enough to codify immediately).,2026-05-18,PMO,D-IH-86-O,v3.1
OPS-86-7,Mint external-render discipline canon (rule + skill + validator + tracker + backfill),INIT-OPENCLAW_AKOS-86,,operator,PMO,closed,,,,2.0,,,D-IH-86-P,"Wave E of Bundle D push 2026-05-19. Operator ratified 'let it be canon' at post-Bundle-D-closure follow-up. Maximum-doctrine path picked at rule-mint ratify gate (split-rule-plus-skill + five-surface-plus-broadcast + validator-plus-precommit-soft-fence + full-backfill). 5 atomic deliverables: (1) .cursor/rules/akos-external-render-discipline.mdc - 200+ line canonical Cursor rule codifying 6-surface enum (PDF/Web/ERP/Mail/Slide/Broadcast) + audience-class to render-format matrix + render-trail detection heuristics + backfill posture; (2) .cursor/skills/external-render-craft/SKILL.md - 300+ line paired skill with HOW layer (per-surface render commands + manifest schema + soft-success fallback + 10-item pre-render checklist + 7 anti-patterns); (3) scripts/validate_external_render_trail.py - audience-tag-aware drift gate with manifest reverse-lookup + per-stem PDF heuristics + template-surface exemption (passes scanned 76 ext-tagged 6 with-trail 6 in STRICT mode); (4) docs/wip/planning/_trackers/external-render-pending-tracker.md - durable governance shape per RULE 6 (empty at mint with render-staleness sub-tracker for cover emails awaiting send-event re-render); (5) Full backfill: 3 fresh PDF re-renders today (dossier-enisa-PRJ-HOL-FOUNDING-2026-2026-05-19.pdf via render_dossier.py; holistika-company-dossier-enisa-2026-05-19.pdf via export_company_deck_pdf.py; adviser-handoff-legal-PRJ-HOL-FOUNDING-2026-2026-05-19.pdf via export_adviser_handoff.py) + 3 mail-render.md sidecars (enisa_evidence/ + enisa_company_dossier/ + Think Big/Advisers/.../01-our-pack/). Validator passes STRICT 6-of-6 (after deck templates exempted via artifact_kind: deck_template).",.cursor/rules/akos-external-render-discipline.mdc;.cursor/skills/external-render-craft/SKILL.md;scripts/validate_external_render_trail.py;docs/wip/planning/_trackers/external-render-pending-tracker.md,,2026-05-19,2026-05-19,Closed Wave E 2026-05-19. Sister to OPS-86-6 (Option 5 default posture rule mint). Both spawned by Bundle D push closure but minted as durable workspace doctrine artifacts not initiative-bound.,2026-05-19,PMO,D-IH-86-P,v3.1
OPS-86-8,Wave N: refine inter_wave_regression_sweep probes (DIM-02 valid_statuses sync from canonical INITIATIVE_REGISTRY at load + DIM-04 forward-charter slot verification),INIT-OPENCLAW_AKOS-86,,operator,PMO,open,,,,1.0,,,D-IH-86-BT,"Wave M Cluster A rework-now-fix-probe-in-Wave-M closed the immediate DIM-02 false-positive class by extending valid_statuses frozenset (active completed blocked deferred cancelled charter planned archived closed continuous program_line). Wave N forward-charter: refactor _probe_dimension_2_sibling_initiative_status_sweep to load valid_statuses dynamically from INITIATIVE_REGISTRY.csv at sweep time (canonical-CSV-as-SSOT pattern; eliminates future status-enum drift). Same refactor needed for _probe_dimension_4_quality_fabric_specialty_canonical_gap to load specialty list from HOLISTIKA_QUALITY_FABRIC.md frontmatter linked_canonicals at sweep time rather than hard-coded list. Scope: ~50 LOC refactor + tests + cursor rule note on canonical-SSOT-at-probe-time pattern.",scripts/inter_wave_regression_sweep.py,,2026-05-21,,Wave M deferral per Cluster A sub-decision D-IH-86-BT. Forward-cadence: probe-refactor lands inside Wave N as P0 cleanup.,2026-05-21,PMO,D-IH-86-BT,v3.1
OPS-86-9,Wave N+: mint paired runbooks for the 4 Quality Fabric specialty canonicals (dataops + mktops + techops paired runbooks; UX SOP),INIT-OPENCLAW_AKOS-86,,operator,PMO,open,,,,3.0,,,D-IH-86-BU,"Wave M Cluster B engrave-properly OVERRIDE minted 4 specialty canonicals at status:charter (DATAOPS_DISCIPLINE.md + MKTOPS_DISCIPLINE.md + TECHOPS_DISCIPLINE.md + UX_DISCIPLINE.md) plus 4 paired Cursor rules. Per akos-executable-process-catalog.mdc Rule 1 (SOP + executable runbook pairing) each canonical needs its paired runbook to flip status:charter -> status:active: (1) scripts/dataops_quality_check.py - 7-dimension data quality check across canonical CSVs + Pydantic models + validators + Supabase mirrors + freshness + observability hooks; (2) scripts/mktops_campaign_quality_check.py - 7-dimension marketing campaign quality check across brief / creative / landing page / adapter status / persona FK / voice / measurement; (3) scripts/techops_reliability_check.py - 7-dimension system reliability check across uptime / Web Vitals / error budget / deploys / security / observability / incidents (consumes Vercel/Render/Sentry/Supabase MCP); (4) SOP-PEOPLE_UX_RESEARCH_001.md - paired SOP for UX_DISCIPLINE 7-dimension UX research framework (channel doctrine sub-pages mature first; SOP minted when 3+ channel doctrines reach status:active). Each runbook: Pydantic SSOT model in akos/ + tests/test_<runbook>.py + verification-profiles.json wiring + release-gate.py wiring. Activation gate per specialty: status:charter -> status:active flip in Quality Fabric section 6 when paired runbook lands.",,,2026-05-21,,Wave M Cluster B engrave-properly deferral per D-IH-86-BU. Scope estimate: 3 person-weeks total across the 4 runbooks (Q3 2026 forward-charter).,2026-05-21,PMO,D-IH-86-BU,v3.1
OPS-86-10,Wave N N.5 Cluster C: residual forward-charters from 62-finding regression sweep auto-cleared on Wave N atomic-commit landing,INIT-OPENCLAW_AKOS-86,,operator,PMO,open,,,,0.5,,,D-IH-86-CG,"Wave N N.5 cluster-collapse umbrella triage Cluster C per D-IH-86-CG. The 50+ DIM-02 self-referential gaps in regression-sweep-2026-05-21-wave-m5-close.md are predominantly canonicals referencing forward-charters that the Wave N atomic-commit itself resolves (Wave N commit lands the missing decisions + the INDEX_INTEGRITY canonicals + the cluster-burndown N-T extension). Post-Wave-N regression sweep at Wave O wave-close will verify the auto-clear pattern. Residuals (if any) get re-triaged at Wave O closure as deferred forward-charter rows. Scope: post-Wave-N sweep + residual triage at Wave O closure (~0.5 person-week).",,,2026-05-21,,Cluster C of D-IH-86-CG umbrella triage. Deterministic auto-clear pattern; operator presence not required at Wave O closure unless residuals exceed 5% of original count.,2026-05-21,PMO,D-IH-86-CG,v3.1
OPS-86-11,Wave R: mint AIC capability-implementation matrix per D-IH-86-CH (operator scratchpad 2026-05-21 21:23 ratification),INIT-OPENCLAW_AKOS-86,INIT-OPENCLAW_AKOS-76,operator,PMO,open,,,,4.0,,,D-IH-86-CH,"Forward-chartered to Wave R per D-IH-86-CH (operator scratchpad 21:23 ratification 2026-05-21). Wave R will mint: (1) AIC_REGISTRY.csv - the canonical AIC registry per I76 P3 substrate gate (the AIC role-class roster: Madeira + future embodiments); (2) AIC_CAPABILITY_IMPLEMENTATION_MATRIX.csv - the per-AIC capability-implementation matrix naming which AICs can implement which capabilities + which approaches + which substrates (FK to CAPABILITY_REGISTRY.csv + USE_CASE_ARCHIVE + MADEIRA_AIC_PER_TASK_REGISTRY from Wave Q mints); (3) paired People-area SOP for AIC matrix maintenance + cross-area handoff cadence per akos-executable-process-catalog.mdc Rule 1; (4) .cursor/rules/akos-aic-capability-matrix.mdc cursor rule with 5 RULES; (5) akos/hlk_aic_csv.py Pydantic chassis + scripts/validate_aic_registry.py + tests/test_aic_registry.py; (6) Postgres mirror compliance.aic_registry_mirror + sync function; (7) PRECEDENCE.md row registration; (8) cross-references from CAPABILITY_REGISTRY + USE_CASE_ARCHIVE + MADEIRA_AIC_PER_TASK_REGISTRY (Wave Q dependencies). Operator deemed scope ambitious and presence-required at Wave R.",,,2026-05-21,,Wave R sequencing: I76 + I82 closure + I81 P2 + AIC_REGISTRY + AIC_CAPABILITY_IMPLEMENTATION_MATRIX per cluster-burndown plan Wave N-T extension §10b. Operator-presence-required at AIC matrix inception inline-ratify gate.,2026-05-21,PMO,D-IH-86-CH,v3.1
OPS-86-12,Wave P scope-creep buffer (capacity reservation for 2-3 emergent items in Wave P),INIT-OPENCLAW_AKOS-86,INIT-OPENCLAW_AKOS-86,engineering,PMO,open,,,,1.0,,,D-IH-86-CG;D-IH-86-CI,"Per akos-conflict-surfacing-and-blocker-trackers.mdc Option-5 default posture cross-cutting discipline (plan section Cross-cutting disciplines): one OPS-86-12 row reserved upfront for capacity to absorb 2-3 emergent items per wave without forcing scope-creep into new initiatives. Filed at Wave P kickoff. To be closed at Wave P closure with either (a) scope-creep items recorded inline OR (b) explicit notes if no scope-creep emerged.",,,2026-05-21,,Mirror of OPS-86-WN-CREEP pattern from Wave N (closed clean at Wave N closure 2026-05-21). Numbered OPS-86-12 per OPS_REGISTER ID regex.,2026-05-21,PMO,D-IH-86-CI,v3.1
OPS-86-13,Wave P kickoff: I82 P0 followup HOLISTIKA_CAPABILITY_DOCTRINE.md mint at status:draft + I82 P1 HALT pause record + I76 P1/P2/P3 + I83 Strand B forward-charter,INIT-OPENCLAW_AKOS-86,INIT-OPENCLAW_AKOS-82,operator,PMO,open,,,,5.0,,,D-IH-86-CI;D-IH-86-CJ;D-IH-86-CK,"Wave P kickoff: minted HOLISTIKA_CAPABILITY_DOCTRINE.md skeleton at status:draft per D-IH-86-CK (the prerequisite for I82 P1 Talent activation canonical-CSV gate per D-IH-82-I split-tree architecture). Filed I82 P1 HALT pause record at docs/wip/planning/82-holistika-capability-doctrine/reports/p1-halt-pause-record-2026-05-21.md with 7-item operator approval checklist. Forward-chartered I76 P1+P2+P3 + I83 Strand B to next push window post-operator ratification of P1 gate per D-IH-86-CJ. OPS row tracks status across operator ratification cycle.",,,2026-05-21,,Forward-charter target: Wave P closure mega-ratify post-operator-approval of I82 P1 Talent tranche. When operator approves I82 P1 tranche OPS-86-13 closes and I76 P1+P2+P3 + I83 Strand B work resumes.,2026-05-21,PMO,D-IH-86-CI,v3.1
OPS-83-1,Craft custom Excalidraw MCP server (21st workspace MCP),INIT-OPENCLAW_AKOS-83,INIT-OPENCLAW_AKOS-83,engineering,System Owner,open,,,,2.0,,,D-IH-83-F,"Operator-flagged at Wave P Push 2 (2026-05-21) Q6 framing as 'the only MCP I miss'. Operator has 'tons of Excalidraw+ cloud blueprints for almost all areas' (per R-IH-83-2 commentary) but no MCP server exists to make them navigable to agents. P0 deliverable: agent crafts a custom Excalidraw MCP server (Excalidraw+ cloud API; auth via operator-supplied keys). Becomes 21st MCP in workspace MCP inventory. Operator will paste keys when ready.",,,2026-05-21,,Tied to I83 P0 inventory + governance posture for blueprint corpus. Forward-charter: ask operator if other MCPs are missing.,2026-05-21,System Owner,D-IH-83-F,v3.1
OPS-83-2,v2.7 MADEIRA architecture inventory + extraction at I83 P0,INIT-OPENCLAW_AKOS-83,INIT-OPENCLAW_AKOS-83,engineering,System Owner,open,,,,1.5,,,D-IH-83-D;D-IH-83-F,"Operator's prior architectural work on MADEIRA in v2.7 vault (per R-IH-83-2 commentary: 'lots and lots of information about how I wanted my AICs to behave and all the sources I wanted KiRBe to manage and our data governance to manage'). P0 deliverable: inventory v2.7 MADEIRA architecture content + extract relevant patterns into either (a) docs/references/hlk/v3.0/Admin/O5-1/Envoy Tech Lab/MADEIRA-AKOS/historical-AIC/ (already exists as folder) OR (b) v3.0 doctrine canonicals where appropriate, with versioning trail back to v2.7. Cross-reference from I83 charter + I76 MADEIRA elevation master-roadmap.",,,2026-05-21,,Feeds AIC behaviour doctrine + KiRBe-managed sources spec + data governance posture.,2026-05-21,System Owner,D-IH-83-F,v3.1
OPS-83-3,COMPONENT_SERVICE_MATRIX.csv backfill Sentry + Langfuse rows,INIT-OPENCLAW_AKOS-83,INIT-OPENCLAW_AKOS-83,engineering,System Owner,open,,,,0.5,,,D-IH-83-F,"Per Wave P Push 2 charter expansion (2026-05-21) sub-deliverable: backfill missing COMPONENT_SERVICE_MATRIX.csv rows for Sentry (error monitoring + alerts + workflow integration; sentry MCP available) + Langfuse (LLM observability + tracing + prompt management; langfuse + langfuse-docs MCPs available). Cloudflare already has 4 rows (comp_matriz_00087..00090). Forward-charter: SOP-TECH_SENTRY_GOVERNANCE_001 + SOP-TECH_LANGFUSE_GOVERNANCE_001 at System Owner discretion.",,,2026-05-21,,Operator framing Q6: 'sentry needs to be governed too and taken into account in the scope'.,2026-05-21,System Owner,D-IH-83-F,v3.1
OPS-83-4,Output 1 blueprint sweep across all areas (Excalidraw+ cloud blueprints),INIT-OPENCLAW_AKOS-83,INIT-OPENCLAW_AKOS-83,operator,System Owner,open,,,,2.0,,,D-IH-83-F,"Per Wave P Push 2 charter expansion: operator has 'tons of Excalidraw+ cloud blueprints for almost all areas' (per R-IH-83-2). P0 deliverable: inventory the blueprint corpus + propose governance/versioning posture. Output 1 is the People-area's Output-1 visual asset class per Initiative 25 P0 (docs/references/hlk/v3.0/_assets/<plane>/<program_id>/<topic_id>/); blueprints map to existing topic_ids OR mint new ones via TOPIC_REGISTRY.csv. Requires operator engagement to surface the blueprint corpus (cloud-hosted; not in repo).",,,2026-05-21,,Operator-eligible: requires operator to share blueprint inventory or grant Excalidraw MCP access (paired with OPS-83-1).,2026-05-21,System Owner,D-IH-83-F,v3.1
OPS-83-5,Highway AI sub-deliverable forward-charter to I83 P5,INIT-OPENCLAW_AKOS-83,INIT-OPENCLAW_AKOS-83,engineering,System Owner,open,,,,2.0,,,D-IH-83-F,"Per operator R-IH-83-2 vision: Highway AI = MCP/API governed routing for AICs. Sibling to MADEIRA orchestrator pattern (I76). P5 deliverable: Highway AI spec doc as the per-task dispatcher governing which MCP/API/AIC handles which request. Tighter integration with I76 P4 MADEIRA_AIC_PER_TASK_REGISTRY dispatcher pattern mint (Wave Q canonical-CSV gate). Forward-charter to P5; not in I83 MVP scope.",,,2026-05-21,,Bridges I83 KiRBe ingestor + I76 MADEIRA AIC dispatcher. Closes when I83 P5 spec doc lands.,2026-05-21,System Owner,D-IH-83-F,v3.1
OPS-83-6,Multi-tenant customer vaults forward-charter to I84 expansion,INIT-OPENCLAW_AKOS-83,INIT-OPENCLAW_AKOS-84,engineering,System Owner,open,,,,3.0,,,D-IH-83-F,"Per operator R-IH-83-2 vision: customer vaults hosted at price/subscription/etc. P5 sub-deliverable: forward-charter to I84 expansion (vault-as-a-service model + billing + RLS per-tenant + per-tenant KNOWLEDGE_PAIRING_REGISTRY classification + per-tenant audience translation register). Not in I83 MVP scope; I83 P5 produces the forward-charter doc, I84 picks up execution. Tied to commercial readiness lifecycle from I82 P5+.",,,2026-05-21,,Forward-charter to I84 expansion; closes when I84 picks up the vault-as-a-service initiative.,2026-05-21,System Owner,D-IH-83-F,v3.1
OPS-76-5,I76 P1+P2+P3 substantive execution forward-charter status tracker (Wave P Push 3),INIT-OPENCLAW_AKOS-76,INIT-OPENCLAW_AKOS-76,operator,System Owner,open,,,,5,,canonical_csv_gate,D-IH-76-N;D-IH-76-O;D-IH-76-P;D-IH-86-CJ,Track I76 P1+P2+P3 substantive execution forward-charter status across operator ratification cycle per D-IH-76-P. Substantive deliverables requiring operator-engaged sessions: 5 mode SOPs authoring (Ask + Plan + Agent + Debug + Methodology) per P1 + I17 MERGE absorption deliverable ledger (D-IH-76-O); MADEIRA_TOOL_RBAC.csv tranche extension per P2 (canonical-CSV gate); SOP-TECH_MADEIRA_PERSISTENCE_001 + SOP-TECH_MADEIRA_PERSONALITY_001 authoring with scope extension for 4 uncovered I11 use-cases per P3 + I11 MERGE absorption deliverable ledger (D-IH-76-N). Status flips: open (forward-charter active) -> in_progress (operator opens substantive-execution ratify batch) -> done (I76 P1 + P2 + P3 substantive deliverables shipped + I11 + I17 INITIATIVE_REGISTRY rows flipped to closed).,docs/wip/planning/76-madeira-elevation/master-roadmap.md,,2026-05-21,,Wave P Push 3 forward-charter tracker. Compressing the substantive execution into agent-only push window before operator ratification produces shallow work incompatible with v3.1 doctrine quality bar (precedent: D-IH-86-CJ Wave P kickoff forward-charter). RICE effort = 5 person-weeks: P1 = 2 person-weeks (5 mode SOPs + I17 absorption ledger); P2 = 1 person-week (MADEIRA_TOOL_RBAC.csv extension); P3 = 2 person-weeks (persistence + personality SOPs + I11 4 uncovered use-cases extension + I11 absorption ledger).,2026-05-21,PMO,D-IH-76-P,v3.1
OPS-86-14,Wave R long-tail regression-gap consolidation (53 pre-existing findings from Wave-P sweep),INIT-OPENCLAW_AKOS-86,INIT-OPENCLAW_AKOS-86,engineering,System Owner,open,,,,3.0,,,D-IH-86-CP,Aggregate consolidation row for 53 pre-existing long-tail findings surfaced by Wave-P post-close inter-wave regression sweep. Breakdown: 10 DIM-02 forward-charter carryover (5 from INDEX_INTEGRITY_DISCIPLINE + 3 from INTER_WAVE_REGRESSION_DISCIPLINE + 1 each from DATAOPS + HOLISTIKA_QUALITY_FABRIC); 8 DIM-04 canonical-CSV pair-completeness (mostly supabase-mirror-migration); 8 DIM-05 SOP+runbook pairing (thi_data_* rows); 10 DIM-06 closed-initiative UAT class (INIT-02/07/10/15/17/18/22A/58/70/71); 8 DIM-09 cross-area breakthrough digest (PEOPLE_DESIGN_PATTERN_REGISTRY rows); 4 DIM-10 deploy-evidence (I66/I68/I71/I72); 5 DIM-11 cursor-rule skill-pairing (applied-research + brand-baseline-reality + conflict-surfacing + deploy-health + docs-config-sync). Wave R execution: dedicate ~3 person-days to triage these findings into either (a) rework-now individual fixes if root-cause is a single canonical/script/CSV, OR (b) further forward-charter to per-discipline catch-up initiative. Cite per-dim findings in Wave R UAT report dimension-checklist.,docs/wip/planning/86-initiative-cluster-execution-coordinator/reports/regression-sweep-2026-05-22.md,,2026-05-22,,Per akos-inter-wave-regression.mdc RULE 2: defer-OPS is the binding disposition for batches exceeding 10 findings when findings are pre-existing long-tail (not the closing wave's regressions). Wave R is the natural target because I82 + I76 + I81 closures are concentrated there; long-tail cleanup pairs with the closure-class UAT bar that re-sweeps DIM-02 through DIM-11.,2026-05-22,System Owner,D-IH-86-CP,v3.1
