source_id,prong,topic_cluster,source_title_or_owner,url,format,source_category,source_level,holistika_reliability_score,external_perceived_credibility_score,control_confidence_level,decision_use,notes
SRC-OPS-REUSE-001,A,internal_area_doctrine,process_list.csv processes-per-area,docs/references/hlk/v3.0/Admin/O5-1/People/Compliance/canonicals/process_list.csv,dataset,CORPINT,5.1,5,2,Safe,def-area,AREA-04 source; executable rows per area
SRC-OPS-REUSE-002,A,internal_area_doctrine,PRECEDENCE.md asset classification,docs/references/hlk/v3.0/Admin/O5-1/People/Compliance/canonicals/PRECEDENCE.md,internal_canonical,CORPINT,5.2,5,3,Safe,def-components,AREA-07 canonical/mirror/reference precedence
SRC-OPS-REUSE-003,A,internal_area_doctrine,HLK_ERP_ARCHITECTURE.md,docs/references/hlk/v3.0/Admin/O5-1/Operations/PMO/canonicals/HLK_ERP_ARCHITECTURE.md,internal_canonical,CORPINT,5.2,5,3,Safe,def-area,Operations area surface
SRC-OPS-REUSE-004,A,internal_area_doctrine,WIP_DASHBOARD.md status taxonomy,docs/wip/planning/WIP_DASHBOARD.md,report,CORPINT,5.1,4,2,Safe,def-complete,8-state lifecycle taxonomy (closed/active/continuous/etc)
SRC-OPS-REUSE-005,C,external_domain_boundaries,Bounded Context (Martin Fowler),https://martinfowler.com/bliki/BoundedContext.html,article,OSINT,2.1,5,5,Euclid,def-area,Model boundary; multiple canonical models; anti-corruption layer
SRC-OPS-REUSE-006,C,external_domain_boundaries,Monolith to data mesh (Fowler/Dehghani),https://martinfowler.com/articles/data-monolith-to-mesh.html,article,OSINT,2.1,5,5,Euclid,def-area,Domain data as product; product thinking applied to domains
SRC-OPS-REUSE-007,D,external_completeness_value,GQM (Wikipedia),https://en.wikipedia.org/wiki/GQM,webpage,OSINT,1.3,4,4,Euclid,def-complete,3 levels conceptual/operational/quantitative; GQM+Strategies
SRC-OPS-REUSE-008,C,external_functional_taxonomy,Process classification (ScienceDirect),https://www.sciencedirect.com/topics/computer-science/process-classification,article,OSINT,3.2,4,4,Euclid,def-area,Operating vs management/support split; >1000 processes hierarchical
SRC-OPS-REUSE-009,C,external_functional_taxonomy,BizOps before RevOps or beside it (Buteau),https://www.antoinebuteau.com/bizops-series-5-bizops-before-revops-or-beside-it/,article,OSINT,2.1,4,3,Euclid,def-area,BizOps = company-wide chassis; RevOps = revenue child; scope separation
SRC-OPS-REUSE-010,C,external_functional_taxonomy,Modern ops stack BizOps RevOps ProductOps (Buteau),https://www.antoinebuteau.com/bizops-series-10-the-modern-ops-stack-bizops-revops-productops-chief-of-staff/,article,OSINT,2.1,4,3,Euclid,def-area,Functional vs revenue vs company-wide ops scopes; maturity sequence
SRC-OPS-REUSE-011,C,external_functional_taxonomy,RevOps vs Business Operations (Hidayat Rizvi),https://hidayatrizvi.com/revenue-operations-vs-business-operations/,article,OSINT,2.1,3,3,Euclid,def-area,RevOps = sub-function of BizOps; Operations bundles HR/finance/IT/admin
SRC-OPS-REUSE-012,C,external_functional_taxonomy,RevOps definition and architecture (Hypha),https://www.hyphadev.io/blog/what-is-revenue-operations-revops,article,OSINT,4.1,4,3,Euclid,def-area,RevOps 4 pillars people/process/tech/data; reports into BizOps
SRC-OPS-REUSE-013,C,external_ops_frameworks,PMBOK 7th edition principles + performance domains (CPMP),https://cpmp.us/pmbok7/,article,OSINT,3.2,4,4,Euclid,def-area,Shift from process-groups to principles + 8 outcome-focused performance domains
SRC-OPS-REUSE-014,C,external_ops_frameworks,PMBOK Guide 7th vs 8th edition (PM Study Circle),https://pmstudycircle.com/pmbok-guide-7th-vs-8th-edition/,article,OSINT,2.1,4,3,Euclid,def-area,PMBOK 8 = 6 principles + 7 domains (Governance/Scope/Schedule/Finance/Stakeholders/Resources/Risk) + 5 focus areas
SRC-OPS-REUSE-015,C,external_ops_frameworks,PMBOK Guide standard (PMI),https://www.pmi.org/standards/pmbok,webpage,OSINT,3.3,5,5,Safe,def-area,The operator-cited Ops methodology; PMO + governance + delivery
SRC-OPS-REUSE-016,C,external_ops_frameworks,ITIL 4 project management practice (Axelos),https://uat2.axelos.com/resource-hub/practice/project-management-itil-4-practice-guide,report,OSINT,3.3,5,5,Safe,def-area,Projects vs BAU operations; PPM contributes to value streams within SVS
SRC-OPS-REUSE-017,C,external_ops_frameworks,Operations management vs project management,https://projectmanagementformula.com/operations-management-vs-project-management/,article,OSINT,2.1,4,3,Euclid,def-area,Projects end / operations continue; operations = ongoing tangible delivery
SRC-OPS-REUSE-018,A,revops_mktops_harmonization,REVOPS_AREA_CHARTER.md (Holistika vault),docs/references/hlk/v3.0/Admin/O5-1/Operations/RevOps/canonicals/REVOPS_AREA_CHARTER.md,internal_canonical,CORPINT,5.1,5,3,Safe,RevOps vs MKTOPS org placement — area boundary + DAMA author role,Value-mapping spine; Operations area; owns 8 adapter registries; does NOT own marketing execution.
SRC-OPS-REUSE-019,A,revops_mktops_harmonization,MKTOPS_DISCIPLINE.md (Holistika vault),docs/references/hlk/v3.0/Admin/O5-1/People/canonicals/MKTOPS_DISCIPLINE.md,internal_canonical,CORPINT,5.1,5,3,Safe,RevOps vs MKTOPS — Quality Fabric specialty vs area charter,7-dimension campaign quality bar MKT-01..07; Marketing/Reach primary; RevOps co-owner per D-IH-86-EY.
SRC-OPS-REUSE-020,A,revops_mktops_harmonization,source-grounding-post-handshake-2026-05-26.md,docs/references/hlk/v3.0/Think Big/Clients/2026-suez-webuy/00-internal/source-grounding-post-handshake-2026-05-26.md,internal_canonical,CORPINT,5.1,5,2,Safe,Microsoft demo factory — Holistika tenant build plan,Operator builds on own Microsoft tenant; anonymized data; customer pack = delivery language.
SRC-OPS-REUSE-021,A,revops_mktops_harmonization,RevenueTools — MOps vs RevOps GTM stack,https://www.revenuetools.io/blog/marketing-ops-vs-revops,article,OSINT,2.1,4,4,Safe,External org model options (embedded MOps vs unified RevOps),Model 2 embedded specialist within unified RevOps gaining traction at growth stage.
SRC-OPS-REUSE-022,A,revops_mktops_harmonization,Landbase — RevOps vs Marketing Operations,https://www.landbase.com/blog/revops-vs-marketing-operations,article,OSINT,2.1,4,4,Safe,External scope distinction + failure mode of RevOps without MOps foundations,RevOps without solid Marketing Ops execution layer often fails.
SRC-OPS-REUSE-023,B,dama_multi_area_bi,BI_CONSUMER_REGISTRY.csv (I93 P5b seed),docs/references/hlk/v3.0/Admin/O5-1/Data/Governance/canonicals/dimensions/BI_CONSUMER_REGISTRY.csv,internal_canonical,CORPINT,5.1,5,3,Safe,Current BI consumer model — extend to all areas,13 rows; needs area_id dimension + Marketing/RevOps/Meta/Google seeds.
SRC-OPS-REUSE-024,C,sop_method_escalation,SOP-ENG_ESTIMATION_DISCIPLINE_001 §3 method library,docs/references/hlk/v3.0/Admin/O5-1/Operations/Engagement/canonicals/SOP-ENG_ESTIMATION_DISCIPLINE_001.md,internal_canonical,CORPINT,5.1,5,4,Safe,Worked example: methods inside one SOP + Pydantic registry,12 method_id rows; paired akos/engagement_estimation.py; drift test.
SRC-OPS-REUSE-025,C,sop_method_escalation,akos-executable-process-catalog.mdc RULE 1,docs/references/hlk/v3.0/.cursor/rules/akos-executable-process-catalog.mdc,internal_canonical,CORPINT,5.1,5,3,Safe,Human + AIC + automation triple path per process,AC-HUMAN and AC-AUTOMATION both required; maps to method rows.
SRC-OPS-REUSE-026,C,sop_method_escalation,Supabase Analytics Buckets docs,https://supabase.com/docs/guides/storage/analytics/introduction,article,OSINT,2.1,4,4,Euclid,Operator-activated OLAP layer posture,Public Alpha label vs operator production use with customer revenue funding production path.
SRC-OPS-INT-027,A,ops_vault_engagement,SOP-ENG_DISCOVERY_QUESTIONNAIRE_001.md,docs/references/hlk/v3.0/Admin/O5-1/Operations/Engagement/canonicals/SOP-ENG_DISCOVERY_QUESTIONNAIRE_001.md,internal_canonical,CORPINT,5.1,5,2,Safe,def-area,Operations vault asset; sub-area=Engagement
SRC-OPS-INT-028,A,ops_vault_engagement,SOP-ENG_ESTIMATION_DISCIPLINE_001.md,docs/references/hlk/v3.0/Admin/O5-1/Operations/Engagement/canonicals/SOP-ENG_ESTIMATION_DISCIPLINE_001.md,internal_canonical,CORPINT,5.1,5,2,Safe,def-area,Operations vault asset; sub-area=Engagement
SRC-OPS-INT-029,A,ops_vault_engagement,SOP-ENG_ENGAGEMENT_DESIGN_001.md,docs/references/hlk/v3.0/Admin/O5-1/Operations/Engagement/SOP-ENG_ENGAGEMENT_DESIGN_001.md,internal_canonical,CORPINT,5.1,5,2,Safe,def-area,Operations vault asset; sub-area=Engagement
SRC-OPS-INT-030,A,ops_vault_engagement,SOP-ENG_PROPOSAL_001.md,docs/references/hlk/v3.0/Admin/O5-1/Operations/Engagement/SOP-ENG_PROPOSAL_001.md,internal_canonical,CORPINT,5.1,5,2,Safe,def-area,Operations vault asset; sub-area=Engagement
SRC-OPS-INT-031,A,ops_vault_intelligenceops,SOP-IO_COUNTERPARTY_BASELINE_ASSESSMENT_001.md,docs/references/hlk/v3.0/Admin/O5-1/Operations/IntelligenceOps/SOP-IO_COUNTERPARTY_BASELINE_ASSESSMENT_001.md,internal_canonical,CORPINT,5.1,5,2,Safe,def-area,Operations vault asset; sub-area=IntelligenceOps
SRC-OPS-INT-032,A,ops_vault_intelligenceops,SOP-IO_RELIABILITY_GRADING_001.md,docs/references/hlk/v3.0/Admin/O5-1/Operations/IntelligenceOps/SOP-IO_RELIABILITY_GRADING_001.md,internal_canonical,CORPINT,5.1,5,2,Safe,def-area,Operations vault asset; sub-area=IntelligenceOps
SRC-OPS-INT-033,A,ops_vault_root,OPERATIONS_AREA_CHARTER.md,docs/references/hlk/v3.0/Admin/O5-1/Operations/OPERATIONS_AREA_CHARTER.md,internal_canonical,CORPINT,5.1,5,2,Safe,def-area,Operations vault asset; sub-area=root
SRC-OPS-INT-034,A,ops_vault_root,OPERATIONS_DELIVERY_DISCIPLINE.md,docs/references/hlk/v3.0/Admin/O5-1/Operations/OPERATIONS_DELIVERY_DISCIPLINE.md,internal_canonical,CORPINT,5.1,5,2,Safe,def-area,Operations vault asset; sub-area=root
SRC-OPS-INT-035,A,ops_vault_pmo,BOOTSTRAPPING_PLAN.md,docs/references/hlk/v3.0/Admin/O5-1/Operations/PMO/canonicals/business-strategy/BOOTSTRAPPING_PLAN.md,internal_canonical,CORPINT,5.1,5,2,Safe,def-area,Operations vault asset; sub-area=PMO
SRC-OPS-INT-036,A,ops_vault_pmo,CHANNEL_STRATEGY.md,docs/references/hlk/v3.0/Admin/O5-1/Operations/PMO/canonicals/business-strategy/CHANNEL_STRATEGY.md,internal_canonical,CORPINT,5.1,5,2,Safe,def-area,Operations vault asset; sub-area=PMO
SRC-OPS-INT-037,A,ops_vault_pmo,COMPETITIVE_LANDSCAPE.md,docs/references/hlk/v3.0/Admin/O5-1/Operations/PMO/canonicals/business-strategy/COMPETITIVE_LANDSCAPE.md,internal_canonical,CORPINT,5.1,5,2,Safe,def-area,Operations vault asset; sub-area=PMO
SRC-OPS-INT-038,A,ops_vault_pmo,GOVERNANCE_MOAT.md,docs/references/hlk/v3.0/Admin/O5-1/Operations/PMO/canonicals/business-strategy/GOVERNANCE_MOAT.md,internal_canonical,CORPINT,5.1,5,2,Safe,def-area,Operations vault asset; sub-area=PMO
SRC-OPS-INT-039,A,ops_vault_pmo,INVESTMENT_THESIS.md,docs/references/hlk/v3.0/Admin/O5-1/Operations/PMO/canonicals/business-strategy/INVESTMENT_THESIS.md,internal_canonical,CORPINT,5.1,5,2,Safe,def-area,Operations vault asset; sub-area=PMO
SRC-OPS-INT-040,A,ops_vault_pmo,MADEIRA_PLATFORM.md,docs/references/hlk/v3.0/Admin/O5-1/Operations/PMO/canonicals/business-strategy/MADEIRA_PLATFORM.md,internal_canonical,CORPINT,5.1,5,2,Safe,def-area,Operations vault asset; sub-area=PMO
SRC-OPS-INT-041,A,ops_vault_pmo,MARKET_THESIS.md,docs/references/hlk/v3.0/Admin/O5-1/Operations/PMO/canonicals/business-strategy/MARKET_THESIS.md,internal_canonical,CORPINT,5.1,5,2,Safe,def-area,Operations vault asset; sub-area=PMO
SRC-OPS-INT-042,A,ops_vault_pmo,PRICING_MODEL.md,docs/references/hlk/v3.0/Admin/O5-1/Operations/PMO/canonicals/business-strategy/PRICING_MODEL.md,internal_canonical,CORPINT,5.1,5,2,Safe,def-area,Operations vault asset; sub-area=PMO
SRC-OPS-INT-043,A,ops_vault_pmo,README.md,docs/references/hlk/v3.0/Admin/O5-1/Operations/PMO/canonicals/business-strategy/README.md,internal_canonical,CORPINT,5.1,5,2,Safe,def-area,Operations vault asset; sub-area=PMO
SRC-OPS-INT-044,A,ops_vault_pmo,SALES_MOTION.md,docs/references/hlk/v3.0/Admin/O5-1/Operations/PMO/canonicals/business-strategy/SALES_MOTION.md,internal_canonical,CORPINT,5.1,5,2,Safe,def-area,Operations vault asset; sub-area=PMO
SRC-OPS-INT-045,A,ops_vault_pmo,STRATEGY_DECISION_LOG.md,docs/references/hlk/v3.0/Admin/O5-1/Operations/PMO/canonicals/business-strategy/STRATEGY_DECISION_LOG.md,internal_canonical,CORPINT,5.1,5,2,Safe,def-area,Operations vault asset; sub-area=PMO
SRC-OPS-INT-046,A,ops_vault_pmo,UNIT_ECONOMICS.md,docs/references/hlk/v3.0/Admin/O5-1/Operations/PMO/canonicals/business-strategy/UNIT_ECONOMICS.md,internal_canonical,CORPINT,5.1,5,2,Safe,def-area,Operations vault asset; sub-area=PMO
SRC-OPS-INT-047,A,ops_vault_pmo,HLK_ERP_ARCHITECTURE.md,docs/references/hlk/v3.0/Admin/O5-1/Operations/PMO/canonicals/HLK_ERP_ARCHITECTURE.md,internal_canonical,CORPINT,5.1,5,2,Safe,def-area,Operations vault asset; sub-area=PMO
SRC-OPS-INT-048,A,ops_vault_pmo,KB_HUMAN_READABILITY_CHARTER.md,docs/references/hlk/v3.0/Admin/O5-1/Operations/PMO/canonicals/KB_HUMAN_READABILITY_CHARTER.md,internal_canonical,CORPINT,5.1,5,2,Safe,def-area,Operations vault asset; sub-area=PMO
SRC-OPS-INT-049,A,ops_vault_pmo,KM_CHANNEL_VALUE_NARRATIVE.md,docs/references/hlk/v3.0/Admin/O5-1/Operations/PMO/canonicals/KM_CHANNEL_VALUE_NARRATIVE.md,internal_canonical,CORPINT,5.1,5,2,Safe,def-area,Operations vault asset; sub-area=PMO
SRC-OPS-INT-050,A,ops_vault_pmo,OPERATIONAL_COHESION_DOCTRINE.md,docs/references/hlk/v3.0/Admin/O5-1/Operations/PMO/canonicals/OPERATIONAL_COHESION_DOCTRINE.md,internal_canonical,CORPINT,5.1,5,2,Safe,def-area,Operations vault asset; sub-area=PMO
SRC-OPS-INT-051,A,ops_vault_pmo,SOP-PMO_INITIATIVE_PROGRAM_ANCHORS_001.md,docs/references/hlk/v3.0/Admin/O5-1/Operations/PMO/canonicals/SOP-PMO_INITIATIVE_PROGRAM_ANCHORS_001.md,internal_canonical,CORPINT,5.1,5,2,Safe,def-area,Operations vault asset; sub-area=PMO
SRC-OPS-INT-052,A,ops_vault_pmo,SOP-PMO_VAULT_PROMOTION_GATE_001.md,docs/references/hlk/v3.0/Admin/O5-1/Operations/PMO/canonicals/SOP-PMO_VAULT_PROMOTION_GATE_001.md,internal_canonical,CORPINT,5.1,5,2,Safe,def-area,Operations vault asset; sub-area=PMO
SRC-OPS-INT-053,A,ops_vault_pmo,TOPIC_PMO_CLIENT_DELIVERY_HUB.md,docs/references/hlk/v3.0/Admin/O5-1/Operations/PMO/canonicals/TOPIC_PMO_CLIENT_DELIVERY_HUB.md,internal_canonical,CORPINT,5.1,5,2,Safe,def-area,Operations vault asset; sub-area=PMO
SRC-OPS-INT-054,A,ops_vault_pmo,WORKSPACE_BLUEPRINT_HOLISTIKA.md,docs/references/hlk/v3.0/Admin/O5-1/Operations/PMO/canonicals/WORKSPACE_BLUEPRINT_HOLISTIKA.md,internal_canonical,CORPINT,5.1,5,2,Safe,def-area,Operations vault asset; sub-area=PMO
SRC-OPS-INT-055,A,ops_vault_pmo,EXTERNAL_ADVISER_ROUTER.md,docs/references/hlk/v3.0/Admin/O5-1/Operations/PMO/EXTERNAL_ADVISER_ROUTER.md,internal_canonical,CORPINT,5.1,5,2,Safe,def-area,Operations vault asset; sub-area=PMO
SRC-OPS-INT-056,A,ops_vault_pmo,HOLISTIK_OPS_DISCOVERY.md,docs/references/hlk/v3.0/Admin/O5-1/Operations/PMO/HOLISTIK_OPS_DISCOVERY.md,internal_canonical,CORPINT,5.1,5,2,Safe,def-area,Operations vault asset; sub-area=PMO
SRC-OPS-INT-057,A,ops_vault_pmo,README.md,docs/references/hlk/v3.0/Admin/O5-1/Operations/PMO/imports/README.md,internal_canonical,CORPINT,5.1,5,2,Safe,def-area,Operations vault asset; sub-area=PMO
SRC-OPS-INT-058,A,ops_vault_pmo,trello_board_67697e19_archive_slice.json,docs/references/hlk/v3.0/Admin/O5-1/Operations/PMO/imports/trello_board_67697e19_archive_slice.json,internal_canonical,CORPINT,5.1,5,2,Safe,def-area,Operations vault asset; sub-area=PMO
SRC-OPS-INT-059,A,ops_vault_pmo,trello_board_67697e19_full_formatted.json,docs/references/hlk/v3.0/Admin/O5-1/Operations/PMO/imports/trello_board_67697e19_full_formatted.json,internal_canonical,CORPINT,5.1,5,2,Safe,def-area,Operations vault asset; sub-area=PMO
SRC-OPS-INT-060,A,ops_vault_pmo,trello_board_67697e19_primary.json,docs/references/hlk/v3.0/Admin/O5-1/Operations/PMO/imports/trello_board_67697e19_primary.json,internal_canonical,CORPINT,5.1,5,2,Safe,def-area,Operations vault asset; sub-area=PMO
SRC-OPS-INT-061,A,ops_vault_pmo,README.md,docs/references/hlk/v3.0/Admin/O5-1/Operations/PMO/programs/PRJ-HOL-FOUNDING-2026/README.md,internal_canonical,CORPINT,5.1,5,2,Safe,def-area,Operations vault asset; sub-area=PMO
SRC-OPS-INT-062,A,ops_vault_pmo,README.md,docs/references/hlk/v3.0/Admin/O5-1/Operations/PMO/programs/PRJ-HOL-KIR-2026/README.md,internal_canonical,CORPINT,5.1,5,2,Safe,def-area,Operations vault asset; sub-area=PMO
SRC-OPS-INT-063,A,ops_vault_pmo,RESEARCH_BACKLOG_TRELLO_REGISTRY.md,docs/references/hlk/v3.0/Admin/O5-1/Operations/PMO/RESEARCH_BACKLOG_TRELLO_REGISTRY.md,internal_canonical,CORPINT,5.1,5,2,Safe,def-area,Operations vault asset; sub-area=PMO
SRC-OPS-INT-064,A,ops_vault_pmo,SOP-EXTERNAL_ADVISER_ENGAGEMENT_001.md,docs/references/hlk/v3.0/Admin/O5-1/Operations/PMO/SOP-EXTERNAL_ADVISER_ENGAGEMENT_001.md,internal_canonical,CORPINT,5.1,5,2,Safe,def-area,Operations vault asset; sub-area=PMO
SRC-OPS-INT-065,A,ops_vault_pmo,SOP-GTM_WEEKLY_METRICS_REVIEW_001.md,docs/references/hlk/v3.0/Admin/O5-1/Operations/PMO/SOP-GTM_WEEKLY_METRICS_REVIEW_001.md,internal_canonical,CORPINT,5.1,5,2,Safe,def-area,Operations vault asset; sub-area=PMO
SRC-OPS-INT-066,A,ops_vault_pmo,SOP-INITIATIVE_GOVERNANCE_001.md,docs/references/hlk/v3.0/Admin/O5-1/Operations/PMO/SOP-INITIATIVE_GOVERNANCE_001.md,internal_canonical,CORPINT,5.1,5,2,Safe,def-area,Operations vault asset; sub-area=PMO
SRC-OPS-INT-067,A,ops_vault_pmo,SOP-INITIATIVE_PROCESS_HARMONISATION_001.md,docs/references/hlk/v3.0/Admin/O5-1/Operations/PMO/SOP-INITIATIVE_PROCESS_HARMONISATION_001.md,internal_canonical,CORPINT,5.1,5,2,Safe,def-area,Operations vault asset; sub-area=PMO
SRC-OPS-INT-068,A,ops_vault_pmo,SOP-PMO_PROCESS_LIST_CSV_MAINTENANCE_001.md,docs/references/hlk/v3.0/Admin/O5-1/Operations/PMO/SOP-PMO_PROCESS_LIST_CSV_MAINTENANCE_001.md,internal_canonical,CORPINT,5.1,5,2,Safe,def-area,Operations vault asset; sub-area=PMO
SRC-OPS-INT-069,A,ops_vault_pmo,TEMPLATE_OUTBOUND_BRIEF_en.md,docs/references/hlk/v3.0/Admin/O5-1/Operations/PMO/sourcing-briefs/TEMPLATE_OUTBOUND_BRIEF_en.md,internal_canonical,CORPINT,5.1,5,2,Safe,def-area,Operations vault asset; sub-area=PMO
SRC-OPS-INT-070,A,ops_vault_pmo,TEMPLATE_OUTBOUND_BRIEF_es.md,docs/references/hlk/v3.0/Admin/O5-1/Operations/PMO/sourcing-briefs/TEMPLATE_OUTBOUND_BRIEF_es.md,internal_canonical,CORPINT,5.1,5,2,Safe,def-area,Operations vault asset; sub-area=PMO
SRC-OPS-INT-071,A,ops_vault_pmo,TEMPLATE_OUTBOUND_BRIEF_fr.md,docs/references/hlk/v3.0/Admin/O5-1/Operations/PMO/sourcing-briefs/TEMPLATE_OUTBOUND_BRIEF_fr.md,internal_canonical,CORPINT,5.1,5,2,Safe,def-area,Operations vault asset; sub-area=PMO
SRC-OPS-INT-072,A,ops_vault_root,README.md,docs/references/hlk/v3.0/Admin/O5-1/Operations/README.md,internal_canonical,CORPINT,5.1,5,2,Safe,def-area,Operations vault asset; sub-area=root
SRC-OPS-INT-073,A,ops_vault_revops,BILLING_ADAPTER_REGISTRY.csv,docs/references/hlk/v3.0/Admin/O5-1/Operations/RevOps/canonicals/dimensions/BILLING_ADAPTER_REGISTRY.csv,internal_canonical,CORPINT,5.1,5,2,Safe,def-area,Operations vault asset; sub-area=RevOps
SRC-OPS-INT-074,A,ops_vault_revops,ENGAGEMENT_TEMPLATE_REGISTRY.csv,docs/references/hlk/v3.0/Admin/O5-1/Operations/RevOps/canonicals/dimensions/ENGAGEMENT_TEMPLATE_REGISTRY.csv,internal_canonical,CORPINT,5.1,5,2,Safe,def-area,Operations vault asset; sub-area=RevOps
SRC-OPS-INT-075,A,ops_vault_revops,REVOPS_ADAPTER_REGISTRY.csv,docs/references/hlk/v3.0/Admin/O5-1/Operations/RevOps/canonicals/dimensions/REVOPS_ADAPTER_REGISTRY.csv,internal_canonical,CORPINT,5.1,5,2,Safe,def-area,Operations vault asset; sub-area=RevOps
SRC-OPS-INT-076,A,ops_vault_revops,REVOPS_AREA_CHARTER.md,docs/references/hlk/v3.0/Admin/O5-1/Operations/RevOps/canonicals/REVOPS_AREA_CHARTER.md,internal_canonical,CORPINT,5.1,5,2,Safe,def-area,Operations vault asset; sub-area=RevOps
SRC-OPS-INT-077,A,ops_vault_revops,REVOPS_PROCESS_CATALOG.yaml,docs/references/hlk/v3.0/Admin/O5-1/Operations/RevOps/canonicals/REVOPS_PROCESS_CATALOG.yaml,internal_canonical,CORPINT,5.1,5,2,Safe,def-area,Operations vault asset; sub-area=RevOps
SRC-OPS-INT-078,A,ops_vault_revops,SOP-ENGAGEMENT_SCAFFOLDING_001.md,docs/references/hlk/v3.0/Admin/O5-1/Operations/RevOps/canonicals/SOP-ENGAGEMENT_SCAFFOLDING_001.md,internal_canonical,CORPINT,5.1,5,2,Safe,def-area,Operations vault asset; sub-area=RevOps
SRC-OPS-INT-079,A,ops_vault_revops,SOP-ENGAGEMENT_TEMPLATE_PROMOTION_001.md,docs/references/hlk/v3.0/Admin/O5-1/Operations/RevOps/canonicals/SOP-ENGAGEMENT_TEMPLATE_PROMOTION_001.md,internal_canonical,CORPINT,5.1,5,2,Safe,def-area,Operations vault asset; sub-area=RevOps
SRC-OPS-INT-080,A,ops_vault_revops,SOP-FINOPS_BRIDGE_001.md,docs/references/hlk/v3.0/Admin/O5-1/Operations/RevOps/canonicals/SOP-FINOPS_BRIDGE_001.md,internal_canonical,CORPINT,5.1,5,2,Safe,def-area,Operations vault asset; sub-area=RevOps
SRC-OPS-INT-081,A,ops_vault_revops,SOP-LEGAL_TEMPLATE_FIRE_001.md,docs/references/hlk/v3.0/Admin/O5-1/Operations/RevOps/canonicals/SOP-LEGAL_TEMPLATE_FIRE_001.md,internal_canonical,CORPINT,5.1,5,2,Safe,def-area,Operations vault asset; sub-area=RevOps
SRC-OPS-INT-082,A,ops_vault_revops,SOP-MADEIRA_REVOPS_HANDOFF_001.md,docs/references/hlk/v3.0/Admin/O5-1/Operations/RevOps/canonicals/SOP-MADEIRA_REVOPS_HANDOFF_001.md,internal_canonical,CORPINT,5.1,5,2,Safe,def-area,Operations vault asset; sub-area=RevOps
SRC-OPS-INT-083,A,ops_vault_revops,SOP-PEOPLE_ENGAGEMENT_HANDOFF_001.md,docs/references/hlk/v3.0/Admin/O5-1/Operations/RevOps/canonicals/SOP-PEOPLE_ENGAGEMENT_HANDOFF_001.md,internal_canonical,CORPINT,5.1,5,2,Safe,def-area,Operations vault asset; sub-area=RevOps
SRC-OPS-INT-084,A,ops_vault_revops,SOP-PERSONA_AUDIT_001.md,docs/references/hlk/v3.0/Admin/O5-1/Operations/RevOps/canonicals/SOP-PERSONA_AUDIT_001.md,internal_canonical,CORPINT,5.1,5,2,Safe,def-area,Operations vault asset; sub-area=RevOps
SRC-OPS-INT-085,A,ops_vault_revops,SOP-REVENUE_ROLLUP_001.md,docs/references/hlk/v3.0/Admin/O5-1/Operations/RevOps/canonicals/SOP-REVENUE_ROLLUP_001.md,internal_canonical,CORPINT,5.1,5,2,Safe,def-area,Operations vault asset; sub-area=RevOps
SRC-OPS-INT-086,A,ops_vault_revops,SOP-REVOPS_QBR_001.md,docs/references/hlk/v3.0/Admin/O5-1/Operations/RevOps/canonicals/SOP-REVOPS_QBR_001.md,internal_canonical,CORPINT,5.1,5,2,Safe,def-area,Operations vault asset; sub-area=RevOps
SRC-OPS-INT-087,A,ops_vault_smo,CONTRACT_ADAPTER_REGISTRY.csv,docs/references/hlk/v3.0/Admin/O5-1/Operations/SMO/canonicals/dimensions/CONTRACT_ADAPTER_REGISTRY.csv,internal_canonical,CORPINT,5.1,5,2,Safe,def-area,Operations vault asset; sub-area=SMO
SRC-OPS-INT-088,A,ops_vault_smo,SERVICE_CATALOG.csv,docs/references/hlk/v3.0/Admin/O5-1/Operations/SMO/canonicals/SERVICE_CATALOG.csv,internal_canonical,CORPINT,5.1,5,2,Safe,def-area,Operations vault asset; sub-area=SMO
SRC-OPS-INT-089,A,ops_vault_smo,SLA_MATRIX.md,docs/references/hlk/v3.0/Admin/O5-1/Operations/SMO/canonicals/SLA_MATRIX.md,internal_canonical,CORPINT,5.1,5,2,Safe,def-area,Operations vault asset; sub-area=SMO
SRC-OPS-INT-090,A,ops_vault_smo,SOP-SERVICE_MGMT_001.md,docs/references/hlk/v3.0/Admin/O5-1/Operations/SMO/canonicals/SOP-SERVICE_MGMT_001.md,internal_canonical,CORPINT,5.1,5,2,Safe,def-area,Operations vault asset; sub-area=SMO
SRC-OPS-INT-091,A,i94_planning,asset-classification.md,docs/wip/planning/94-area-architecture-and-completeness-v2/asset-classification.md,internal_canonical,CORPINT,5.1,5,2,Safe,def-components,I94 planning artifact
SRC-OPS-INT-092,A,i94_planning,decision-log.md,docs/wip/planning/94-area-architecture-and-completeness-v2/decision-log.md,internal_canonical,CORPINT,5.1,5,2,Safe,def-components,I94 planning artifact
SRC-OPS-INT-093,A,i94_planning,evidence-matrix.md,docs/wip/planning/94-area-architecture-and-completeness-v2/evidence-matrix.md,internal_canonical,CORPINT,5.1,5,2,Safe,def-components,I94 planning artifact
SRC-OPS-INT-094,A,i94_planning,master-roadmap.md,docs/wip/planning/94-area-architecture-and-completeness-v2/master-roadmap.md,internal_canonical,CORPINT,5.1,5,2,Safe,def-components,I94 planning artifact
SRC-OPS-INT-095,A,i94_planning,i94-operations-area-research-synthesis-2026-06-10.md,docs/wip/planning/94-area-architecture-and-completeness-v2/reports/i94-operations-area-research-synthesis-2026-06-10.md,internal_canonical,CORPINT,5.1,5,2,Safe,def-components,I94 planning artifact
SRC-OPS-INT-096,A,i94_planning,i94-operations-operational-sweep-charter-2026-06-10.md,docs/wip/planning/94-area-architecture-and-completeness-v2/reports/i94-operations-operational-sweep-charter-2026-06-10.md,internal_canonical,CORPINT,5.1,5,2,Safe,def-components,I94 planning artifact
SRC-OPS-INT-097,A,i94_planning,i94-operations-operational-sweep-thinking-synthesis-2026-06-10.md,docs/wip/planning/94-area-architecture-and-completeness-v2/reports/i94-operations-operational-sweep-thinking-synthesis-2026-06-10.md,internal_canonical,CORPINT,5.1,5,2,Safe,def-components,I94 planning artifact
SRC-OPS-INT-098,A,i94_planning,i94-p3-session-doctrine-2026-06-10.md,docs/wip/planning/94-area-architecture-and-completeness-v2/reports/i94-p3-session-doctrine-2026-06-10.md,internal_canonical,CORPINT,5.1,5,2,Safe,def-components,I94 planning artifact
SRC-OPS-INT-099,A,i94_planning,p1-proving-finance-data-2026-06-05.md,docs/wip/planning/94-area-architecture-and-completeness-v2/reports/p1-proving-finance-data-2026-06-05.md,internal_canonical,CORPINT,5.1,5,2,Safe,def-components,I94 planning artifact
SRC-OPS-INT-100,A,i94_planning,p1-wrap-goldenpath-regression-2026-06-05.md,docs/wip/planning/94-area-architecture-and-completeness-v2/reports/p1-wrap-goldenpath-regression-2026-06-05.md,internal_canonical,CORPINT,5.1,5,2,Safe,def-components,I94 planning artifact
SRC-OPS-INT-101,A,i94_planning,p2-area-buildout-v2-forward-map-2026-06-05.md,docs/wip/planning/94-area-architecture-and-completeness-v2/reports/p2-area-buildout-v2-forward-map-2026-06-05.md,internal_canonical,CORPINT,5.1,5,2,Safe,def-components,I94 planning artifact
SRC-OPS-INT-102,A,i94_planning,risk-register.md,docs/wip/planning/94-area-architecture-and-completeness-v2/risk-register.md,internal_canonical,CORPINT,5.1,5,2,Safe,def-components,I94 planning artifact
SRC-OPS-INT-103,A,i88_ops_wiring,finance-area-buildout-roadmap-2026-06-05.md,docs/wip/planning/88-cross-area-ops-wiring-review-discipline/reports/finance-area-buildout-roadmap-2026-06-05.md,internal_canonical,CORPINT,5.1,5,2,Safe,def-area,I88 cross-area ops wiring report
SRC-OPS-INT-104,A,i88_ops_wiring,finance-area-executor-packet-f1-2026-06-05.md,docs/wip/planning/88-cross-area-ops-wiring-review-discipline/reports/finance-area-executor-packet-f1-2026-06-05.md,internal_canonical,CORPINT,5.1,5,2,Safe,def-area,I88 cross-area ops wiring report
SRC-OPS-INT-105,A,i88_ops_wiring,finance-area-executor-packet-f2a-2026-06-05.md,docs/wip/planning/88-cross-area-ops-wiring-review-discipline/reports/finance-area-executor-packet-f2a-2026-06-05.md,internal_canonical,CORPINT,5.1,5,2,Safe,def-area,I88 cross-area ops wiring report
SRC-OPS-INT-106,A,i88_ops_wiring,finance-area-executor-packet-f2b-2026-06-05.md,docs/wip/planning/88-cross-area-ops-wiring-review-discipline/reports/finance-area-executor-packet-f2b-2026-06-05.md,internal_canonical,CORPINT,5.1,5,2,Safe,def-area,I88 cross-area ops wiring report
SRC-OPS-INT-107,A,i88_ops_wiring,finance-area-executor-packet-f3-2026-06-05.md,docs/wip/planning/88-cross-area-ops-wiring-review-discipline/reports/finance-area-executor-packet-f3-2026-06-05.md,internal_canonical,CORPINT,5.1,5,2,Safe,def-area,I88 cross-area ops wiring report
SRC-OPS-INT-108,A,i88_ops_wiring,finance-area-f1-tranche-charter.md,docs/wip/planning/88-cross-area-ops-wiring-review-discipline/reports/finance-area-f1-tranche-charter.md,internal_canonical,CORPINT,5.1,5,2,Safe,def-area,I88 cross-area ops wiring report
SRC-OPS-INT-109,A,i88_ops_wiring,finance-area-f2a-tranche-charter.md,docs/wip/planning/88-cross-area-ops-wiring-review-discipline/reports/finance-area-f2a-tranche-charter.md,internal_canonical,CORPINT,5.1,5,2,Safe,def-area,I88 cross-area ops wiring report
SRC-OPS-INT-110,A,i88_ops_wiring,finance-area-f2b-tranche-charter.md,docs/wip/planning/88-cross-area-ops-wiring-review-discipline/reports/finance-area-f2b-tranche-charter.md,internal_canonical,CORPINT,5.1,5,2,Safe,def-area,I88 cross-area ops wiring report
SRC-OPS-INT-111,A,i88_ops_wiring,finance-area-f3-tranche-charter.md,docs/wip/planning/88-cross-area-ops-wiring-review-discipline/reports/finance-area-f3-tranche-charter.md,internal_canonical,CORPINT,5.1,5,2,Safe,def-area,I88 cross-area ops wiring report
SRC-OPS-INT-112,A,i88_ops_wiring,finance-area-two-seat-workflow-2026-06-05.md,docs/wip/planning/88-cross-area-ops-wiring-review-discipline/reports/finance-area-two-seat-workflow-2026-06-05.md,internal_canonical,CORPINT,5.1,5,2,Safe,def-area,I88 cross-area ops wiring report
SRC-OPS-INT-113,A,i88_ops_wiring,finance-f1-execution-evidence-2026-06-05.md,docs/wip/planning/88-cross-area-ops-wiring-review-discipline/reports/finance-f1-execution-evidence-2026-06-05.md,internal_canonical,CORPINT,5.1,5,2,Safe,def-area,I88 cross-area ops wiring report
SRC-OPS-INT-114,A,i88_ops_wiring,finance-f2a-execution-evidence-2026-06-05.md,docs/wip/planning/88-cross-area-ops-wiring-review-discipline/reports/finance-f2a-execution-evidence-2026-06-05.md,internal_canonical,CORPINT,5.1,5,2,Safe,def-area,I88 cross-area ops wiring report
SRC-OPS-INT-115,A,i88_ops_wiring,finance-f2b-execution-evidence-2026-06-05.md,docs/wip/planning/88-cross-area-ops-wiring-review-discipline/reports/finance-f2b-execution-evidence-2026-06-05.md,internal_canonical,CORPINT,5.1,5,2,Safe,def-area,I88 cross-area ops wiring report
SRC-OPS-INT-116,A,i88_ops_wiring,finance-f3-execution-evidence-2026-06-05.md,docs/wip/planning/88-cross-area-ops-wiring-review-discipline/reports/finance-f3-execution-evidence-2026-06-05.md,internal_canonical,CORPINT,5.1,5,2,Safe,def-area,I88 cross-area ops wiring report
SRC-OPS-INT-117,A,i88_ops_wiring,finance-governance-traceability-inventory-2026-06-05.md,docs/wip/planning/88-cross-area-ops-wiring-review-discipline/reports/finance-governance-traceability-inventory-2026-06-05.md,internal_canonical,CORPINT,5.1,5,2,Safe,def-area,I88 cross-area ops wiring report
SRC-OPS-INT-118,A,i88_ops_wiring,finops-recon-2026-06.md,docs/wip/planning/88-cross-area-ops-wiring-review-discipline/reports/finops-recon-2026-06.md,internal_canonical,CORPINT,5.1,5,2,Safe,def-area,I88 cross-area ops wiring report
SRC-OPS-INT-119,A,i88_ops_wiring,intent-ranked-regression-2026-06-05.md,docs/wip/planning/88-cross-area-ops-wiring-review-discipline/reports/intent-ranked-regression-2026-06-05.md,internal_canonical,CORPINT,5.1,5,2,Safe,def-area,I88 cross-area ops wiring report
SRC-OPS-INT-120,A,i88_ops_wiring,intent-regression-finance-bar-2026-06-05.md,docs/wip/planning/88-cross-area-ops-wiring-review-discipline/reports/intent-regression-finance-bar-2026-06-05.md,internal_canonical,CORPINT,5.1,5,2,Safe,def-area,I88 cross-area ops wiring report
SRC-OPS-INT-121,A,i88_ops_wiring,p1-finops-pillar-sweep-2026-06-05.md,docs/wip/planning/88-cross-area-ops-wiring-review-discipline/reports/p1-finops-pillar-sweep-2026-06-05.md,internal_canonical,CORPINT,5.1,5,2,Safe,def-area,I88 cross-area ops wiring report
SRC-OPS-INT-122,A,i88_ops_wiring,research-f2a-revrec-pricing-2026-06-05.md,docs/wip/planning/88-cross-area-ops-wiring-review-discipline/reports/research-f2a-revrec-pricing-2026-06-05.md,internal_canonical,CORPINT,5.1,5,2,Safe,def-area,I88 cross-area ops wiring report
SRC-OPS-INT-123,A,i88_ops_wiring,research-f2b-tax-calendar-2026-06-05.md,docs/wip/planning/88-cross-area-ops-wiring-review-discipline/reports/research-f2b-tax-calendar-2026-06-05.md,internal_canonical,CORPINT,5.1,5,2,Safe,def-area,I88 cross-area ops wiring report
SRC-OPS-INT-124,A,i88_ops_wiring,master-synthesis.md,docs/wip/planning/88-cross-area-ops-wiring-review-discipline/reports/research-finance-full-governed-area-2026-06-05/master-synthesis.md,internal_canonical,CORPINT,5.1,5,2,Safe,def-area,I88 cross-area ops wiring report
SRC-OPS-INT-125,A,i88_ops_wiring,master-synthesis.md,docs/wip/planning/88-cross-area-ops-wiring-review-discipline/reports/research-p1-entry-gate-2026-06-05/master-synthesis.md,internal_canonical,CORPINT,5.1,5,2,Safe,def-area,I88 cross-area ops wiring report
SRC-OPS-INT-126,A,ops_automation_scripts,emit_mirror_delete_reconcile.py,docs/ARCHITECTURE.md,internal_canonical,CORPINT,5.2,5,2,Safe,def-complete,Automation-first pairing tranche script
SRC-OPS-INT-127,A,ops_automation_scripts,estimate_engagement.py,docs/ARCHITECTURE.md,internal_canonical,CORPINT,5.2,5,2,Safe,def-complete,Automation-first pairing tranche script
SRC-OPS-INT-128,A,ops_automation_scripts,extract_engagement_pdfs.py,docs/ARCHITECTURE.md,internal_canonical,CORPINT,5.2,5,2,Safe,def-complete,Automation-first pairing tranche script
SRC-OPS-INT-129,A,ops_automation_scripts,peopl_engagement_apprentice_curriculum_assign.py,docs/ARCHITECTURE.md,internal_canonical,CORPINT,5.2,5,2,Safe,def-complete,Automation-first pairing tranche script
SRC-OPS-INT-130,A,ops_automation_scripts,peopl_engagement_engagement_model_registry_mtnce.py,docs/ARCHITECTURE.md,internal_canonical,CORPINT,5.2,5,2,Safe,def-complete,Automation-first pairing tranche script
SRC-OPS-INT-131,A,ops_automation_scripts,peopl_engagement_investor_round_review.py,docs/ARCHITECTURE.md,internal_canonical,CORPINT,5.2,5,2,Safe,def-complete,Automation-first pairing tranche script
SRC-OPS-INT-132,A,ops_automation_scripts,peopl_engagement_lifecycle_routing.py,docs/ARCHITECTURE.md,internal_canonical,CORPINT,5.2,5,2,Safe,def-complete,Automation-first pairing tranche script
SRC-OPS-INT-133,A,ops_automation_scripts,peopl_engagement_model_classification_intake.py,docs/ARCHITECTURE.md,internal_canonical,CORPINT,5.2,5,2,Safe,def-complete,Automation-first pairing tranche script
SRC-OPS-INT-134,A,ops_automation_scripts,peopl_engagement_outsourced_soc_review.py,docs/ARCHITECTURE.md,internal_canonical,CORPINT,5.2,5,2,Safe,def-complete,Automation-first pairing tranche script
SRC-OPS-INT-135,A,ops_automation_scripts,peopl_engagement_percentage_payout.py,docs/ARCHITECTURE.md,internal_canonical,CORPINT,5.2,5,2,Safe,def-complete,Automation-first pairing tranche script
SRC-OPS-INT-136,A,ops_automation_scripts,probe_compliance_mirror_drift.py,docs/ARCHITECTURE.md,internal_canonical,CORPINT,5.2,5,2,Safe,def-complete,Automation-first pairing tranche script
SRC-OPS-INT-137,A,ops_automation_scripts,render_operational_cohesion_index.py,docs/ARCHITECTURE.md,internal_canonical,CORPINT,5.2,5,2,Safe,def-complete,Automation-first pairing tranche script
SRC-OPS-INT-138,A,ops_automation_scripts,render_operator_inbox.py,docs/ARCHITECTURE.md,internal_canonical,CORPINT,5.2,5,2,Safe,def-complete,Automation-first pairing tranche script
SRC-OPS-INT-139,A,ops_automation_scripts,render_suez_engagement_pdfs.py,docs/ARCHITECTURE.md,internal_canonical,CORPINT,5.2,5,2,Safe,def-complete,Automation-first pairing tranche script
SRC-OPS-INT-140,A,ops_automation_scripts,render_wip_dashboard.py,docs/ARCHITECTURE.md,internal_canonical,CORPINT,5.2,5,2,Safe,def-complete,Automation-first pairing tranche script
SRC-OPS-INT-141,A,ops_automation_scripts,scaffold_engagement.py,docs/ARCHITECTURE.md,internal_canonical,CORPINT,5.2,5,2,Safe,def-complete,Automation-first pairing tranche script
SRC-OPS-INT-142,A,ops_automation_scripts,split_compliance_mirror_upsert.py,docs/ARCHITECTURE.md,internal_canonical,CORPINT,5.2,5,2,Safe,def-complete,Automation-first pairing tranche script
SRC-OPS-INT-143,A,ops_automation_scripts,sync_compliance_mirrors_from_csv.py,docs/ARCHITECTURE.md,internal_canonical,CORPINT,5.2,5,2,Safe,def-complete,Automation-first pairing tranche script
SRC-OPS-INT-144,A,ops_automation_scripts,synthesis_before_tranche_check.py,docs/ARCHITECTURE.md,internal_canonical,CORPINT,5.2,5,2,Safe,def-complete,Automation-first pairing tranche script
SRC-OPS-INT-145,A,ops_automation_scripts,validate_area_completeness.py,docs/ARCHITECTURE.md,internal_canonical,CORPINT,5.2,5,2,Safe,def-complete,Automation-first pairing tranche script
SRC-OPS-INT-146,A,ops_automation_scripts,validate_engagement_model_registry.py,docs/ARCHITECTURE.md,internal_canonical,CORPINT,5.2,5,2,Safe,def-complete,Automation-first pairing tranche script
SRC-OPS-INT-147,A,ops_automation_scripts,validate_engagement_template_promotion.py,docs/ARCHITECTURE.md,internal_canonical,CORPINT,5.2,5,2,Safe,def-complete,Automation-first pairing tranche script
SRC-OPS-INT-148,A,ops_automation_scripts,validate_engagement_template_registry.py,docs/ARCHITECTURE.md,internal_canonical,CORPINT,5.2,5,2,Safe,def-complete,Automation-first pairing tranche script
SRC-OPS-INT-149,A,ops_automation_scripts,validate_hlk.py,docs/ARCHITECTURE.md,internal_canonical,CORPINT,5.2,5,2,Safe,def-complete,Automation-first pairing tranche script
SRC-OPS-INT-150,A,ops_automation_scripts,validate_hlk_km_manifests.py,docs/ARCHITECTURE.md,internal_canonical,CORPINT,5.2,5,2,Safe,def-complete,Automation-first pairing tranche script
SRC-OPS-INT-151,A,ops_automation_scripts,validate_hlk_language_frontmatter.py,docs/ARCHITECTURE.md,internal_canonical,CORPINT,5.2,5,2,Safe,def-complete,Automation-first pairing tranche script
SRC-OPS-INT-152,A,ops_automation_scripts,validate_hlk_vault_links.py,docs/ARCHITECTURE.md,internal_canonical,CORPINT,5.2,5,2,Safe,def-complete,Automation-first pairing tranche script
SRC-OPS-INT-153,A,ops_automation_scripts,validate_mirror_emit_contract.py,docs/ARCHITECTURE.md,internal_canonical,CORPINT,5.2,5,2,Safe,def-complete,Automation-first pairing tranche script
SRC-OPS-INT-154,A,ops_automation_scripts,validate_mirror_enum_parity.py,docs/ARCHITECTURE.md,internal_canonical,CORPINT,5.2,5,2,Safe,def-complete,Automation-first pairing tranche script
SRC-OPS-INT-155,A,ops_automation_scripts,validate_pydantic_mirror_enum_ssot.py,docs/ARCHITECTURE.md,internal_canonical,CORPINT,5.2,5,2,Safe,def-complete,Automation-first pairing tranche script
SRC-OPS-INT-156,A,ops_automation_scripts,validate_service_catalog.py,docs/ARCHITECTURE.md,internal_canonical,CORPINT,5.2,5,2,Safe,def-complete,Automation-first pairing tranche script
SRC-OPS-INT-157,A,ops_automation_scripts,validate_synthesis_before_tranche.py,docs/ARCHITECTURE.md,internal_canonical,CORPINT,5.2,5,2,Safe,def-complete,Automation-first pairing tranche script
SRC-OPS-INT-158,A,ops_automation_scripts,verify_phase3_mirror_schema.py,docs/ARCHITECTURE.md,internal_canonical,CORPINT,5.2,5,2,Safe,def-complete,Automation-first pairing tranche script
SRC-OPS-INT-159,A,ops_cursor_rules,akos-agent-checkpoint-discipline.mdc,docs/ARCHITECTURE.md,internal_canonical,CORPINT,5.2,5,2,Safe,def-components,Governance rule bearing on Operations delivery
SRC-OPS-INT-160,A,ops_cursor_rules,akos-area-governance.mdc,docs/ARCHITECTURE.md,internal_canonical,CORPINT,5.2,5,2,Safe,def-components,Governance rule bearing on Operations delivery
SRC-OPS-INT-161,A,ops_cursor_rules,akos-conflict-surfacing-and-blocker-trackers.mdc,docs/ARCHITECTURE.md,internal_canonical,CORPINT,5.2,5,2,Safe,def-components,Governance rule bearing on Operations delivery
SRC-OPS-INT-162,A,ops_cursor_rules,akos-deploy-health.mdc,docs/ARCHITECTURE.md,internal_canonical,CORPINT,5.2,5,2,Safe,def-components,Governance rule bearing on Operations delivery
SRC-OPS-INT-163,A,ops_cursor_rules,akos-executable-process-catalog.mdc,docs/ARCHITECTURE.md,internal_canonical,CORPINT,5.2,5,2,Safe,def-components,Governance rule bearing on Operations delivery
SRC-OPS-INT-164,A,ops_cursor_rules,akos-holistika-operations.mdc,docs/ARCHITECTURE.md,internal_canonical,CORPINT,5.2,5,2,Safe,def-components,Governance rule bearing on Operations delivery
SRC-OPS-INT-165,A,ops_cursor_rules,akos-inline-ratification.mdc,docs/ARCHITECTURE.md,internal_canonical,CORPINT,5.2,5,2,Safe,def-components,Governance rule bearing on Operations delivery
SRC-OPS-INT-166,A,ops_cursor_rules,akos-planning-traceability.mdc,docs/ARCHITECTURE.md,internal_canonical,CORPINT,5.2,5,2,Safe,def-components,Governance rule bearing on Operations delivery
SRC-OPS-INT-167,A,ops_cursor_rules,akos-research-area.mdc,docs/ARCHITECTURE.md,internal_canonical,CORPINT,5.2,5,2,Safe,def-components,Governance rule bearing on Operations delivery
SRC-OPS-INT-168,A,ops_cursor_rules,akos-synthesis-before-tranche.mdc,docs/ARCHITECTURE.md,internal_canonical,CORPINT,5.2,5,2,Safe,def-components,Governance rule bearing on Operations delivery
SRC-OPS-INT-169,A,process_list_operations,thi_opera_prj_1,docs/references/hlk/v3.0/Admin/O5-1/People/Compliance/canonicals/process_list.csv,dataset,CORPINT,5.1,5,2,Safe,def-area,Operations process row: 
SRC-OPS-INT-170,A,process_list_operations,hlk_prog_think_big_pmo,docs/references/hlk/v3.0/Admin/O5-1/People/Compliance/canonicals/process_list.csv,dataset,CORPINT,5.1,5,2,Safe,def-area,Operations process row: 
SRC-OPS-INT-171,A,process_list_operations,thi_opera_ws_1,docs/references/hlk/v3.0/Admin/O5-1/People/Compliance/canonicals/process_list.csv,dataset,CORPINT,5.1,5,2,Safe,def-area,Operations process row: 
SRC-OPS-INT-172,A,process_list_operations,thi_opera_ws_2,docs/references/hlk/v3.0/Admin/O5-1/People/Compliance/canonicals/process_list.csv,dataset,CORPINT,5.1,5,2,Safe,def-area,Operations process row: 
SRC-OPS-INT-173,A,process_list_operations,thi_opera_ws_3,docs/references/hlk/v3.0/Admin/O5-1/People/Compliance/canonicals/process_list.csv,dataset,CORPINT,5.1,5,2,Safe,def-area,Operations process row: 
SRC-OPS-INT-174,A,process_list_operations,hol_ops_dtp_71,docs/references/hlk/v3.0/Admin/O5-1/People/Compliance/canonicals/process_list.csv,dataset,CORPINT,5.1,5,2,Safe,def-area,Operations process row: 
SRC-OPS-INT-175,A,process_list_operations,tbd_tbd_dtp_73,docs/references/hlk/v3.0/Admin/O5-1/People/Compliance/canonicals/process_list.csv,dataset,CORPINT,5.1,5,2,Safe,def-area,Operations process row: 
SRC-OPS-INT-176,A,process_list_operations,tbd_tbd_dtp_74,docs/references/hlk/v3.0/Admin/O5-1/People/Compliance/canonicals/process_list.csv,dataset,CORPINT,5.1,5,2,Safe,def-area,Operations process row: 
SRC-OPS-INT-177,A,process_list_operations,thi_opera_dtp_79,docs/references/hlk/v3.0/Admin/O5-1/People/Compliance/canonicals/process_list.csv,dataset,CORPINT,5.1,5,2,Safe,def-area,Operations process row: 
SRC-OPS-INT-178,A,process_list_operations,thi_opera_dtp_96,docs/references/hlk/v3.0/Admin/O5-1/People/Compliance/canonicals/process_list.csv,dataset,CORPINT,5.1,5,2,Safe,def-area,Operations process row: 
SRC-OPS-INT-179,A,process_list_operations,thi_opera_dtp_97,docs/references/hlk/v3.0/Admin/O5-1/People/Compliance/canonicals/process_list.csv,dataset,CORPINT,5.1,5,2,Safe,def-area,Operations process row: 
SRC-OPS-INT-180,A,process_list_operations,hol_opera_dtp_103,docs/references/hlk/v3.0/Admin/O5-1/People/Compliance/canonicals/process_list.csv,dataset,CORPINT,5.1,5,2,Safe,def-area,Operations process row: 
SRC-OPS-INT-181,A,process_list_operations,thi_opera_dtp_107,docs/references/hlk/v3.0/Admin/O5-1/People/Compliance/canonicals/process_list.csv,dataset,CORPINT,5.1,5,2,Safe,def-area,Operations process row: 
SRC-OPS-INT-182,A,process_list_operations,thi_opera_dtp_108,docs/references/hlk/v3.0/Admin/O5-1/People/Compliance/canonicals/process_list.csv,dataset,CORPINT,5.1,5,2,Safe,def-area,Operations process row: 
SRC-OPS-INT-183,A,process_list_operations,thi_opera_dtp_113,docs/references/hlk/v3.0/Admin/O5-1/People/Compliance/canonicals/process_list.csv,dataset,CORPINT,5.1,5,2,Safe,def-area,Operations process row: 
SRC-OPS-INT-184,A,process_list_operations,thi_opera_dtp_120,docs/references/hlk/v3.0/Admin/O5-1/People/Compliance/canonicals/process_list.csv,dataset,CORPINT,5.1,5,2,Safe,def-area,Operations process row: 
SRC-OPS-INT-185,A,process_list_operations,thi_opera_dtp_121,docs/references/hlk/v3.0/Admin/O5-1/People/Compliance/canonicals/process_list.csv,dataset,CORPINT,5.1,5,2,Safe,def-area,Operations process row: 
SRC-OPS-INT-186,A,process_list_operations,thi_opera_dtp_122,docs/references/hlk/v3.0/Admin/O5-1/People/Compliance/canonicals/process_list.csv,dataset,CORPINT,5.1,5,2,Safe,def-area,Operations process row: 
SRC-OPS-INT-187,A,process_list_operations,thi_opera_dtp_123,docs/references/hlk/v3.0/Admin/O5-1/People/Compliance/canonicals/process_list.csv,dataset,CORPINT,5.1,5,2,Safe,def-area,Operations process row: 
SRC-OPS-INT-188,A,process_list_operations,thi_opera_dtp_124,docs/references/hlk/v3.0/Admin/O5-1/People/Compliance/canonicals/process_list.csv,dataset,CORPINT,5.1,5,2,Safe,def-area,Operations process row: 
SRC-OPS-INT-189,A,process_list_operations,thi_opera_dtp_127,docs/references/hlk/v3.0/Admin/O5-1/People/Compliance/canonicals/process_list.csv,dataset,CORPINT,5.1,5,2,Safe,def-area,Operations process row: 
SRC-OPS-INT-190,A,process_list_operations,thi_opera_dtp_128,docs/references/hlk/v3.0/Admin/O5-1/People/Compliance/canonicals/process_list.csv,dataset,CORPINT,5.1,5,2,Safe,def-area,Operations process row: 
SRC-OPS-INT-191,A,process_list_operations,thi_opera_dtp_129,docs/references/hlk/v3.0/Admin/O5-1/People/Compliance/canonicals/process_list.csv,dataset,CORPINT,5.1,5,2,Safe,def-area,Operations process row: 
SRC-OPS-INT-192,A,process_list_operations,thi_opera_dtp_132,docs/references/hlk/v3.0/Admin/O5-1/People/Compliance/canonicals/process_list.csv,dataset,CORPINT,5.1,5,2,Safe,def-area,Operations process row: 
SRC-OPS-INT-193,A,process_list_operations,thi_opera_dtp_133,docs/references/hlk/v3.0/Admin/O5-1/People/Compliance/canonicals/process_list.csv,dataset,CORPINT,5.1,5,2,Safe,def-area,Operations process row: 
SRC-OPS-INT-194,A,process_list_operations,thi_opera_dtp_134,docs/references/hlk/v3.0/Admin/O5-1/People/Compliance/canonicals/process_list.csv,dataset,CORPINT,5.1,5,2,Safe,def-area,Operations process row: 
SRC-OPS-INT-195,A,process_list_operations,thi_opera_dtp_135,docs/references/hlk/v3.0/Admin/O5-1/People/Compliance/canonicals/process_list.csv,dataset,CORPINT,5.1,5,2,Safe,def-area,Operations process row: 
SRC-OPS-INT-196,A,process_list_operations,thi_opera_dtp_136,docs/references/hlk/v3.0/Admin/O5-1/People/Compliance/canonicals/process_list.csv,dataset,CORPINT,5.1,5,2,Safe,def-area,Operations process row: 
SRC-OPS-INT-197,A,process_list_operations,thi_opera_dtp_137,docs/references/hlk/v3.0/Admin/O5-1/People/Compliance/canonicals/process_list.csv,dataset,CORPINT,5.1,5,2,Safe,def-area,Operations process row: 
SRC-OPS-INT-198,A,process_list_operations,tbd_tbd_dtp_138,docs/references/hlk/v3.0/Admin/O5-1/People/Compliance/canonicals/process_list.csv,dataset,CORPINT,5.1,5,2,Safe,def-area,Operations process row: 
SRC-OPS-INT-199,A,process_list_operations,hol_opera_dtp_148,docs/references/hlk/v3.0/Admin/O5-1/People/Compliance/canonicals/process_list.csv,dataset,CORPINT,5.1,5,2,Safe,def-area,Operations process row: 
SRC-OPS-INT-200,A,process_list_operations,hol_opera_dtp_149,docs/references/hlk/v3.0/Admin/O5-1/People/Compliance/canonicals/process_list.csv,dataset,CORPINT,5.1,5,2,Safe,def-area,Operations process row: 
SRC-OPS-INT-201,A,process_list_operations,hol_opera_dtp_151,docs/references/hlk/v3.0/Admin/O5-1/People/Compliance/canonicals/process_list.csv,dataset,CORPINT,5.1,5,2,Safe,def-area,Operations process row: 
SRC-OPS-INT-202,A,process_list_operations,hol_opera_dtp_152,docs/references/hlk/v3.0/Admin/O5-1/People/Compliance/canonicals/process_list.csv,dataset,CORPINT,5.1,5,2,Safe,def-area,Operations process row: 
SRC-OPS-INT-203,A,process_list_operations,hol_opera_dtp_153,docs/references/hlk/v3.0/Admin/O5-1/People/Compliance/canonicals/process_list.csv,dataset,CORPINT,5.1,5,2,Safe,def-area,Operations process row: 
SRC-OPS-INT-204,A,process_list_operations,hol_ops_sd_5,docs/references/hlk/v3.0/Admin/O5-1/People/Compliance/canonicals/process_list.csv,dataset,CORPINT,5.1,5,2,Safe,def-area,Operations process row: 
SRC-OPS-INT-205,A,process_list_operations,SOP-META_PROCESS_MGMT_001,docs/references/hlk/v3.0/Admin/O5-1/People/Compliance/canonicals/process_list.csv,dataset,CORPINT,5.1,5,2,Safe,def-area,Operations process row: 
SRC-OPS-INT-206,A,process_list_operations,hol_ops_pis_3,docs/references/hlk/v3.0/Admin/O5-1/People/Compliance/canonicals/process_list.csv,dataset,CORPINT,5.1,5,2,Safe,def-area,Operations process row: 
SRC-OPS-INT-207,A,process_list_operations,hol_ops_pdm_4,docs/references/hlk/v3.0/Admin/O5-1/People/Compliance/canonicals/process_list.csv,dataset,CORPINT,5.1,5,2,Safe,def-area,Operations process row: 
SRC-OPS-INT-208,A,process_list_operations,hol_ops_pdiu_6,docs/references/hlk/v3.0/Admin/O5-1/People/Compliance/canonicals/process_list.csv,dataset,CORPINT,5.1,5,2,Safe,def-area,Operations process row: 
SRC-OPS-INT-209,A,process_list_operations,hol_ops_upl_7,docs/references/hlk/v3.0/Admin/O5-1/People/Compliance/canonicals/process_list.csv,dataset,CORPINT,5.1,5,2,Safe,def-area,Operations process row: 
SRC-OPS-INT-210,A,process_list_operations,hol_ops_ecs_8,docs/references/hlk/v3.0/Admin/O5-1/People/Compliance/canonicals/process_list.csv,dataset,CORPINT,5.1,5,2,Safe,def-area,Operations process row: 
SRC-OPS-INT-211,A,process_list_operations,hol_ops_pgf_1,docs/references/hlk/v3.0/Admin/O5-1/People/Compliance/canonicals/process_list.csv,dataset,CORPINT,5.1,5,2,Safe,def-area,Operations process row: 
SRC-OPS-INT-212,A,process_list_operations,hol_ops_slm_2,docs/references/hlk/v3.0/Admin/O5-1/People/Compliance/canonicals/process_list.csv,dataset,CORPINT,5.1,5,2,Safe,def-area,Operations process row: 
SRC-OPS-INT-213,A,process_list_operations,thi_opera_dtp_200,docs/references/hlk/v3.0/Admin/O5-1/People/Compliance/canonicals/process_list.csv,dataset,CORPINT,5.1,5,2,Safe,def-area,Operations process row: 
SRC-OPS-INT-214,A,process_list_operations,thi_opera_dtp_201,docs/references/hlk/v3.0/Admin/O5-1/People/Compliance/canonicals/process_list.csv,dataset,CORPINT,5.1,5,2,Safe,def-area,Operations process row: 
SRC-OPS-INT-215,A,process_list_operations,thi_opera_dtp_202,docs/references/hlk/v3.0/Admin/O5-1/People/Compliance/canonicals/process_list.csv,dataset,CORPINT,5.1,5,2,Safe,def-area,Operations process row: 
SRC-OPS-INT-216,A,process_list_operations,thi_opera_dtp_220,docs/references/hlk/v3.0/Admin/O5-1/People/Compliance/canonicals/process_list.csv,dataset,CORPINT,5.1,5,2,Safe,def-area,Operations process row: 
SRC-OPS-INT-217,A,process_list_operations,thi_opera_dtp_221,docs/references/hlk/v3.0/Admin/O5-1/People/Compliance/canonicals/process_list.csv,dataset,CORPINT,5.1,5,2,Safe,def-area,Operations process row: 
SRC-OPS-INT-218,A,process_list_operations,thi_opera_dtp_222,docs/references/hlk/v3.0/Admin/O5-1/People/Compliance/canonicals/process_list.csv,dataset,CORPINT,5.1,5,2,Safe,def-area,Operations process row: 
SRC-OPS-INT-219,A,process_list_operations,thi_opera_dtp_223,docs/references/hlk/v3.0/Admin/O5-1/People/Compliance/canonicals/process_list.csv,dataset,CORPINT,5.1,5,2,Safe,def-area,Operations process row: 
SRC-OPS-INT-220,A,process_list_operations,thi_opera_dtp_250,docs/references/hlk/v3.0/Admin/O5-1/People/Compliance/canonicals/process_list.csv,dataset,CORPINT,5.1,5,2,Safe,def-area,Operations process row: 
SRC-OPS-INT-221,A,process_list_operations,thi_opera_dtp_251,docs/references/hlk/v3.0/Admin/O5-1/People/Compliance/canonicals/process_list.csv,dataset,CORPINT,5.1,5,2,Safe,def-area,Operations process row: 
SRC-OPS-INT-222,A,process_list_operations,hol_opera_dtp_276,docs/references/hlk/v3.0/Admin/O5-1/People/Compliance/canonicals/process_list.csv,dataset,CORPINT,5.1,5,2,Safe,def-area,Operations process row: 
SRC-OPS-INT-223,A,process_list_operations,thi_opera_dtp_288,docs/references/hlk/v3.0/Admin/O5-1/People/Compliance/canonicals/process_list.csv,dataset,CORPINT,5.1,5,2,Safe,def-area,Operations process row: 
SRC-OPS-INT-224,A,process_list_operations,thi_opera_dtp_289,docs/references/hlk/v3.0/Admin/O5-1/People/Compliance/canonicals/process_list.csv,dataset,CORPINT,5.1,5,2,Safe,def-area,Operations process row: 
SRC-OPS-INT-225,A,process_list_operations,hol_opera_dtp_300,docs/references/hlk/v3.0/Admin/O5-1/People/Compliance/canonicals/process_list.csv,dataset,CORPINT,5.1,5,2,Safe,def-area,Operations process row: 
SRC-OPS-INT-226,A,process_list_operations,gtm_ws_gtm_entity,docs/references/hlk/v3.0/Admin/O5-1/People/Compliance/canonicals/process_list.csv,dataset,CORPINT,5.1,5,2,Safe,def-area,Operations process row: 
SRC-OPS-INT-227,A,process_list_operations,gtm_ws_service_catalog,docs/references/hlk/v3.0/Admin/O5-1/People/Compliance/canonicals/process_list.csv,dataset,CORPINT,5.1,5,2,Safe,def-area,Operations process row: 
SRC-OPS-INT-228,A,process_list_operations,gtm_ws_ops_control,docs/references/hlk/v3.0/Admin/O5-1/People/Compliance/canonicals/process_list.csv,dataset,CORPINT,5.1,5,2,Safe,def-area,Operations process row: 
SRC-OPS-INT-229,A,process_list_operations,gtm_research_dtp_7,docs/references/hlk/v3.0/Admin/O5-1/People/Compliance/canonicals/process_list.csv,dataset,CORPINT,5.1,5,2,Safe,def-area,Operations process row: 
SRC-OPS-INT-230,A,process_list_operations,hol_opera_dtp_310,docs/references/hlk/v3.0/Admin/O5-1/People/Compliance/canonicals/process_list.csv,dataset,CORPINT,5.1,5,2,Safe,def-area,Operations process row: 
SRC-OPS-INT-231,A,process_list_operations,holistika_reach_dtp_003,docs/references/hlk/v3.0/Admin/O5-1/People/Compliance/canonicals/process_list.csv,dataset,CORPINT,5.1,5,2,Safe,def-area,Operations process row: 
SRC-OPS-INT-232,A,process_list_operations,hol_opera_ws_5,docs/references/hlk/v3.0/Admin/O5-1/People/Compliance/canonicals/process_list.csv,dataset,CORPINT,5.1,5,2,Safe,def-area,Operations process row: 
SRC-OPS-INT-233,A,process_list_operations,hol_opera_dtp_311,docs/references/hlk/v3.0/Admin/O5-1/People/Compliance/canonicals/process_list.csv,dataset,CORPINT,5.1,5,2,Safe,def-area,Operations process row: 
SRC-OPS-INT-234,A,process_list_operations,hol_opera_dtp_312,docs/references/hlk/v3.0/Admin/O5-1/People/Compliance/canonicals/process_list.csv,dataset,CORPINT,5.1,5,2,Safe,def-area,Operations process row: 
SRC-OPS-INT-235,A,process_list_operations,hol_eng_prc_estimation_001,docs/references/hlk/v3.0/Admin/O5-1/People/Compliance/canonicals/process_list.csv,dataset,CORPINT,5.1,5,2,Safe,def-area,Operations process row: 
SRC-OPS-INT-236,A,process_list_operations,tbi_ops_dtp_revops_qbr_001,docs/references/hlk/v3.0/Admin/O5-1/People/Compliance/canonicals/process_list.csv,dataset,CORPINT,5.1,5,2,Safe,def-area,Operations process row: 
SRC-OPS-INT-237,A,process_list_operations,tbi_ops_dtp_revops_engagement_scaffold_001,docs/references/hlk/v3.0/Admin/O5-1/People/Compliance/canonicals/process_list.csv,dataset,CORPINT,5.1,5,2,Safe,def-area,Operations process row: 
SRC-OPS-INT-238,A,process_list_operations,tbi_ops_dtp_revops_revenue_rollup_001,docs/references/hlk/v3.0/Admin/O5-1/People/Compliance/canonicals/process_list.csv,dataset,CORPINT,5.1,5,2,Safe,def-area,Operations process row: 
SRC-OPS-INT-239,A,process_list_operations,tbi_ops_dtp_revops_persona_audit_001,docs/references/hlk/v3.0/Admin/O5-1/People/Compliance/canonicals/process_list.csv,dataset,CORPINT,5.1,5,2,Safe,def-area,Operations process row: 
SRC-OPS-INT-240,A,process_list_operations,tbi_ops_dtp_revops_crm_sync_001,docs/references/hlk/v3.0/Admin/O5-1/People/Compliance/canonicals/process_list.csv,dataset,CORPINT,5.1,5,2,Safe,def-area,Operations process row: 
SRC-OPS-INT-241,A,process_list_operations,tbi_ops_dtp_revops_regulator_checkpoint_001,docs/references/hlk/v3.0/Admin/O5-1/People/Compliance/canonicals/process_list.csv,dataset,CORPINT,5.1,5,2,Safe,def-area,Operations process row: 
SRC-OPS-INT-242,A,process_list_operations,tbi_ops_dtp_revops_media_review_001,docs/references/hlk/v3.0/Admin/O5-1/People/Compliance/canonicals/process_list.csv,dataset,CORPINT,5.1,5,2,Safe,def-area,Operations process row: 
SRC-OPS-INT-243,A,process_list_operations,hol_ops_dtp_72,docs/references/hlk/v3.0/Admin/O5-1/People/Compliance/canonicals/process_list.csv,dataset,CORPINT,5.1,5,2,Safe,def-area,Operations process row: 
SRC-OPS-INT-244,A,process_list_operations,ops_pmo_dtp_cohesion_quarterly_001,docs/references/hlk/v3.0/Admin/O5-1/People/Compliance/canonicals/process_list.csv,dataset,CORPINT,5.1,5,2,Safe,def-area,Operations process row: 
SRC-OPS-EXT-001,B,pmbok_domains,PMI PMBOK Guide 7th Ed performance domains,https://www.pmi.org/standards/pmbok/pmbok-7th-edition,report,OSINT,4.1,3,5,Euclid,def-area,Governance/Scope/Schedule/Finance/Stakeholders/Resources/Risk orientation
SRC-OPS-EXT-002,B,pmbok_principles,PMI PMBOK Guide 8th Ed principles,https://www.pmi.org/standards/pmbok,report,OSINT,4.1,3,5,Euclid,def-area,Outcome-focused tailorable delivery
SRC-OPS-EXT-003,B,itil_svs,ITIL 4 Service Value System,https://www.axelos.com/certifications/itil-service-management,webpage,OSINT,4.1,3,5,Euclid,def-area,Project+service inside one value system
SRC-OPS-EXT-004,B,apqc_ops,APQC PCF Operations Management,https://www.apqc.org/process-frameworks,webpage,OSINT,4.1,3,5,Euclid,def-area,Process classification for ops
SRC-OPS-EXT-005,B,team_topologies,Team Topologies platform team pattern,https://teamtopologies.com/,book,OSINT,4.1,3,5,Euclid,def-area,Platform vs stream-aligned; delivery capacity
SRC-OPS-EXT-006,B,revops_gartner,Gartner RevOps definition,https://www.gartner.com/en/sales/insights/revenue-operations,webpage,OSINT,4.1,3,5,Euclid,def-area,Cross-functional revenue alignment
SRC-OPS-EXT-007,B,dama_ops,DAMA-DMBOK Operations data consumption,https://www.dama.org/,book,OSINT,4.1,3,5,Euclid,def-area,Data products consumed by ops
SRC-OPS-EXT-008,B,dora,Accelerate DORA metrics,https://dora.dev/,report,OSINT,4.1,3,5,Euclid,def-area,Delivery performance measurement
SRC-OPS-EXT-009,B,sre_ops,Site Reliability Engineering Google,https://sre.google/sre-book/table-of-contents/,book,OSINT,4.1,3,5,Euclid,def-area,Reliability as ops discipline
SRC-OPS-EXT-010,B,chaos2023,Standish CHAOS Report 2023,https://www.standishgroup.com/,report,OSINT,4.1,3,5,Euclid,def-area,Project failure modes; user involvement
SRC-OPS-EXT-011,B,pmbok_governance,PMBOK Governance performance domain,https://www.pmi.org/standards/portfolio-management,article,OSINT,4.1,3,4,Euclid,def-area,Governance domain for AREA-03
SRC-OPS-EXT-012,B,pmbok_scope,PMBOK Scope performance domain,https://www.axelos.com/certifications/itil-service-management,report,OSINT,3.2,3,4,Euclid,def-area,Scope management orientation
SRC-OPS-EXT-013,B,pmbok_schedule,PMBOK Schedule performance domain,https://www.apqc.org/,report,OSINT,4.1,3,4,Euclid,def-area,Schedule/cadence orientation
SRC-OPS-EXT-014,B,pmbok_finance,PMBOK Finance performance domain,https://www.gartner.com/en/sales/insights/revenue-operations,article,OSINT,3.2,3,4,Euclid,def-area,Delivery finance bridge to FINOPS
SRC-OPS-EXT-015,B,pmbok_stakeholders,PMBOK Stakeholders performance domain,https://sre.google/sre-book/table-of-contents/,report,OSINT,4.1,3,4,Euclid,def-area,Stakeholder comms; PMO ws_3
SRC-OPS-EXT-016,B,pmbok_resources,PMBOK Resources performance domain,https://dora.dev/,report,OSINT,3.2,3,4,Euclid,def-area,Capacity planning
SRC-OPS-EXT-017,B,pmbok_risk,PMBOK Risk performance domain,https://www.dama.org/,article,OSINT,4.1,3,4,Euclid,def-area,Risk register linkage
SRC-OPS-EXT-018,B,itil_incident,ITIL Incident Management practice,https://www.iso.org/,report,OSINT,3.2,3,4,Euclid,def-area,SMO incident loop
SRC-OPS-EXT-019,B,itil_change,ITIL Change Enablement practice,https://kanban.university/,report,OSINT,4.1,3,4,Euclid,def-area,Change governance
SRC-OPS-EXT-020,B,itil_service_desk,ITIL Service Desk practice,https://basecamp.com/shapeup,article,OSINT,3.2,3,4,Euclid,def-area,SMO service desk
SRC-OPS-EXT-021,B,itil_continual_improvement,ITIL Continual Improvement,https://www.pmi.org/standards/portfolio-management,report,OSINT,4.1,3,4,Euclid,def-area,Ops learning loop I94
SRC-OPS-EXT-022,B,revops_qbr,RevOps QBR cadence industry pattern,https://www.axelos.com/certifications/itil-service-management,report,OSINT,3.2,3,4,Euclid,def-area,SOP-REVOPS_QBR alignment
SRC-OPS-EXT-023,B,revops_spine,Engagement revenue spine pattern,https://www.apqc.org/,article,OSINT,4.1,3,4,Euclid,def-area,Supabase FK spine
SRC-OPS-EXT-024,B,revops_adapter,Normalized Adapter Pattern Truto 2026,https://www.gartner.com/en/sales/insights/revenue-operations,report,OSINT,3.2,3,4,Euclid,def-area,8 adapter registries
SRC-OPS-EXT-025,B,pmo_initiative,PMI Portfolio Management Standard,https://sre.google/sre-book/table-of-contents/,report,OSINT,4.1,3,4,Euclid,def-area,INITIATIVE_REGISTRY alignment
SRC-OPS-EXT-026,B,pmo_program,PMI Program Management Standard,https://dora.dev/,article,OSINT,3.2,3,4,Euclid,def-area,Program vs project tag
SRC-OPS-EXT-027,B,engagement_design,Customer Success engagement design,https://www.dama.org/,report,OSINT,4.1,3,4,Euclid,def-area,Engagement sub-area
SRC-OPS-EXT-028,B,wip_inbox,Inbox zero knowledge work pattern,https://www.iso.org/,report,OSINT,3.2,3,4,Euclid,def-area,WIP/inbox automation-first
SRC-OPS-EXT-029,B,mirror_loop,Compliance mirror emit-apply loop,https://kanban.university/,article,OSINT,4.1,3,4,Euclid,def-area,Holistika ops two-plane
SRC-OPS-EXT-030,B,cohesion_doctrine,Operational cohesion cross-area,https://basecamp.com/shapeup,report,OSINT,3.2,3,4,Euclid,def-area,OPERATIONAL_COHESION_DOCTRINE
SRC-OPS-EXT-031,B,executable_catalog,Executable process catalog paired SOP+runbook,https://www.pmi.org/standards/portfolio-management,report,OSINT,4.1,3,4,Euclid,def-area,0/46 pairing cliff
SRC-OPS-EXT-032,B,area_completeness,Area completeness v2 16-component grid,https://www.axelos.com/certifications/itil-service-management,article,OSINT,3.2,3,4,Euclid,def-area,crit@L3 9/10 Operations
SRC-OPS-EXT-033,B,placement_integrity,AREA-15 placement-integrity,https://www.apqc.org/,report,OSINT,4.1,3,4,Euclid,def-area,IntelligenceOps eviction
SRC-OPS-EXT-034,B,file_plan,AREA-16 sub-folder=role FK,https://www.gartner.com/en/sales/insights/revenue-operations,report,OSINT,3.2,3,4,Euclid,def-area,PMO/SMO/RevOps folder RACI
SRC-OPS-EXT-035,B,synthesis_pre_tranche,Synthesis before tranche discipline,https://sre.google/sre-book/table-of-contents/,article,OSINT,4.1,3,4,Euclid,def-area,Pre-commit design sweep
SRC-OPS-EXT-036,B,intent_regression,Intent-ranked regression ICS ordering,https://dora.dev/,report,OSINT,3.2,3,4,Euclid,def-area,Automation-first priority
SRC-OPS-EXT-037,B,deploy_health,Deploy health CICD smoke discipline,https://www.dama.org/,report,OSINT,4.1,3,4,Euclid,def-area,Consumer-repo ops loop
SRC-OPS-EXT-038,B,agentic_delivery,Agentic OS delivery capacity,https://www.iso.org/,article,OSINT,3.2,3,4,Euclid,def-area,AIC two-seat routing
SRC-OPS-EXT-039,B,gtm_ops,GTM ops lead intake holistika_ops,https://kanban.university/,report,OSINT,4.1,3,4,Euclid,def-area,MKTOPS bridge
SRC-OPS-EXT-040,B,adviser_engagement,External adviser engagement PMO plane,https://basecamp.com/shapeup,report,OSINT,3.2,3,4,Euclid,def-area,ADVOPS delivery
SRC-OPS-EXT-041,B,workspace_blueprint,Workspace blueprint engagement folders,https://www.pmi.org/standards/portfolio-management,article,OSINT,4.1,3,4,Euclid,def-area,Think Big delivery shape
SRC-OPS-EXT-042,B,service_catalog,ITIL service catalogue SLA_MATRIX,https://www.axelos.com/certifications/itil-service-management,report,OSINT,3.2,3,4,Euclid,def-area,SMO SERVICE_CATALOG
SRC-OPS-EXT-043,B,contract_adapter,Contract adapter registry SMO,https://www.apqc.org/,report,OSINT,4.1,3,4,Euclid,def-area,CONTRACT_ADAPTER_REGISTRY
SRC-OPS-EXT-044,B,billing_adapter,Billing adapter RevOps,https://www.gartner.com/en/sales/insights/revenue-operations,article,OSINT,3.2,3,4,Euclid,def-area,BILLING_ADAPTER_REGISTRY
SRC-OPS-EXT-045,B,engagement_template,Engagement template registry,https://sre.google/sre-book/table-of-contents/,report,OSINT,4.1,3,4,Euclid,def-area,ENGAGEMENT_TEMPLATE_REGISTRY
SRC-OPS-EXT-046,B,engagement_registry,Engagement instance registry,https://dora.dev/,report,OSINT,3.2,3,4,Euclid,def-area,ENGAGEMENT_REGISTRY join
SRC-OPS-EXT-047,B,madeira_handoff,Madeira RevOps handoff,https://www.dama.org/,article,OSINT,4.1,3,4,Euclid,def-area,I76 delivery bridge
SRC-OPS-EXT-048,B,finops_bridge,FINOPS bridge SOP RevOps,https://www.iso.org/,report,OSINT,3.2,3,4,Euclid,def-area,Cross-area revenue facts
SRC-OPS-EXT-049,B,data_contract,Data contract cross-area ops,https://kanban.university/,report,OSINT,4.1,3,4,Euclid,def-area,DC-HOL-FINOPS consumer
SRC-OPS-EXT-050,B,quality_fabric,Quality Fabric 5-axis compose,https://basecamp.com/shapeup,article,OSINT,3.2,3,4,Euclid,def-area,Delivery artifact bar
SRC-OPS-EXT-051,B,pwf_governance,PASS-WITH-FOLLOWUP closure discipline,https://www.pmi.org/standards/portfolio-management,report,OSINT,4.1,3,4,Euclid,def-area,Wave-close ops evidence
SRC-OPS-EXT-052,B,index_integrity,Index integrity sweep,https://www.axelos.com/certifications/itil-service-management,report,OSINT,3.2,3,4,Euclid,def-area,Planning README cohesion
SRC-OPS-EXT-053,B,research_action,Research action 8-stage loop,https://www.apqc.org/,article,OSINT,4.1,3,4,Euclid,def-area,P0 research bar
SRC-OPS-EXT-054,B,applied_research,Applied research discipline,https://www.gartner.com/en/sales/insights/revenue-operations,report,OSINT,3.2,3,4,Euclid,def-area,Doctrine external cites
SRC-OPS-EXT-055,B,inline_ratify,Inline ratify operator gates,https://sre.google/sre-book/table-of-contents/,report,OSINT,4.1,3,4,Euclid,def-area,CSV gate discipline
SRC-OPS-EXT-056,B,checkpoint,Agent checkpoint pause records,https://dora.dev/,article,OSINT,3.2,3,4,Euclid,def-area,Long initiative ops cadence
SRC-OPS-EXT-057,B,conflict_surfacing,Option-5 conflict surfacing,https://www.dama.org/,report,OSINT,4.1,3,4,Euclid,def-area,Multi-task ops push
SRC-OPS-EXT-058,B,holistika_sql_gate,Operator SQL gate two-plane,https://www.iso.org/,report,OSINT,3.2,3,4,Euclid,def-area,Mirror sync PASS terminal 16
SRC-OPS-EXT-059,B,supabase_cron,Supabase cron registry EG-3,https://kanban.university/,article,OSINT,4.1,3,4,Euclid,def-area,Scheduled ops automation
SRC-OPS-EXT-060,B,neo4j_keepalive,Neo4j aura keepalive GHA,https://basecamp.com/shapeup,report,OSINT,3.2,3,4,Euclid,def-area,Graph ops hygiene
SRC-OPS-EXT-061,B,cicd_baseline,CICD baseline SOP fleet hygiene,https://www.pmi.org/standards/portfolio-management,report,OSINT,4.1,3,4,Euclid,def-area,GHA pre-commit-fast PASS
SRC-OPS-EXT-062,B,sentry_release,Sentry release format ops observability,https://www.axelos.com/certifications/itil-service-management,article,OSINT,3.2,3,4,Euclid,def-area,Deploy evidence
SRC-OPS-EXT-063,B,playwright_baseline,Playwright multi-viewport smoke,https://www.apqc.org/,report,OSINT,4.1,3,4,Euclid,def-area,Visual ops verification
SRC-OPS-EXT-064,B,release_gate,Release gate advisory stack,https://www.gartner.com/en/sales/insights/revenue-operations,report,OSINT,3.2,3,4,Euclid,def-area,Validator umbrella
SRC-OPS-EXT-065,B,verification_profiles,Verification profiles pre_commit_fast,https://sre.google/sre-book/table-of-contents/,article,OSINT,4.1,3,4,Euclid,def-area,Golden path
SRC-OPS-EXT-066,B,initiative_registry,Initiative registry OPS tracking,https://dora.dev/,report,OSINT,3.2,3,4,Euclid,def-area,PMO governance
SRC-OPS-EXT-067,B,ops_register,OPS_REGISTER standing obligations,https://www.dama.org/,report,OSINT,4.1,3,4,Euclid,def-area,Inbox/WIP loop tracker
SRC-OPS-EXT-068,B,decision_register,Decision register lineage,https://www.iso.org/,article,OSINT,3.2,3,4,Euclid,def-area,D-IH-94-C reserved
SRC-OPS-EXT-069,B,people_methodology,People methodology enforcement home,https://kanban.university/,report,OSINT,4.1,3,4,Euclid,def-area,Disciplines vs delivery
SRC-OPS-EXT-070,B,intelligenceops_eviction,IntelligenceOps research-application misplacement,https://basecamp.com/shapeup,report,OSINT,3.2,3,4,Euclid,def-area,P4 placement charter only
SRC-OPS-EXT-071,B,legalops_forward,LegalOps 8th area forward,https://www.pmi.org/standards/portfolio-management,article,OSINT,4.1,3,4,Euclid,def-area,Not in Operations scope
SRC-OPS-EXT-072,B,entity_axis,Entity axis Think Big vs Holistika,https://www.axelos.com/certifications/itil-service-management,report,OSINT,3.2,3,4,Euclid,def-area,Operations entity=Think Big
SRC-OPS-EXT-073,B,delivery_tag,Project vs service delivery tag,https://www.apqc.org/,report,OSINT,4.1,3,4,Euclid,def-area,PMO+SMO unified doctrine
SRC-OPS-EXT-074,B,automation_first,Automation-first pairing tranche,https://www.gartner.com/en/sales/insights/revenue-operations,article,OSINT,3.2,3,4,Euclid,def-area,Operator Q2 priority
SRC-OPS-EXT-075,B,capacity_6_8h,Substantive execution capacity 6-8h/day,https://sre.google/sre-book/table-of-contents/,report,OSINT,4.1,3,4,Euclid,def-area,Operator Q3 until GTM
SRC-OPS-EXT-076,B,i88_ops_slice,I88 cross-area ops wiring slice,https://dora.dev/,report,OSINT,3.2,3,4,Euclid,def-area,FINOPS+Research deep examples
SRC-OPS-EXT-077,B,i93_revops,I93 RevOps MKTOPS harmonization research,https://www.dama.org/,article,OSINT,4.1,3,4,Euclid,def-area,Cross-area SOP methods
SRC-OPS-EXT-078,B,i95_cluster,I95 cluster burndown rank 5 Operations,https://www.iso.org/,report,OSINT,3.2,3,4,Euclid,def-area,HCAM articulation dependency
SRC-OPS-EXT-079,B,i94_p3,I94 P3 Operations PMBOK reframe,https://kanban.university/,report,OSINT,4.1,3,4,Euclid,def-area,This sweep inception
SRC-OPS-EXT-080,B,round3_assessment,Round-3 Operations assessment,https://basecamp.com/shapeup,article,OSINT,3.2,3,4,Euclid,def-area,IntelligenceOps eviction rec
SRC-OPS-EXT-081,B,operational_sweep,Full sweep P0-P6 charter,https://www.pmi.org/standards/portfolio-management,report,OSINT,4.1,3,4,Euclid,def-area,Placement moves deferred P5
SRC-OPS-EXT-082,B,pmo_vault_promotion,PMO vault promotion gate,https://www.axelos.com/certifications/itil-service-management,report,OSINT,3.2,3,4,Euclid,def-area,SOP-PMO_VAULT_PROMOTION
SRC-OPS-EXT-083,B,initiative_harmonisation,Initiative process harmonisation,https://www.apqc.org/,article,OSINT,4.1,3,4,Euclid,def-area,SOP crosswalk
SRC-OPS-EXT-084,B,external_adviser,External adviser engagement router,https://www.gartner.com/en/sales/insights/revenue-operations,report,OSINT,3.2,3,4,Euclid,def-area,PMO ADVOPS plane
SRC-OPS-EXT-085,B,holistika_ops_discovery,Holistika ops discovery PMO,https://sre.google/sre-book/table-of-contents/,report,OSINT,4.1,3,4,Euclid,def-area,Company-plane ops
SRC-OPS-EXT-086,B,kb_readability,KB human readability charter PMO,https://dora.dev/,article,OSINT,3.2,3,4,Euclid,def-area,Delivery knowledge UX
SRC-OPS-EXT-087,B,client_delivery_hub,PMO client delivery hub topic,https://www.dama.org/,report,OSINT,4.1,3,4,Euclid,def-area,ERP engagement surfaces
SRC-OPS-EXT-088,B,business_strategy,PMO business-strategy bundle,https://www.iso.org/,report,OSINT,3.2,3,4,Euclid,def-area,L6 re-home forward I95
SRC-OPS-EXT-089,B,trello_registry,Research backlog trello registry PMO,https://kanban.university/,article,OSINT,4.1,3,4,Euclid,def-area,WIP intake evidence
SRC-OPS-EXT-090,B,pricing_model,PMO pricing model strategy doc,https://basecamp.com/shapeup,report,OSINT,3.2,3,4,Euclid,def-area,RevOps bridge not duplicate
SRC-OPS-EXT-091,B,investment_thesis,Investment thesis PMO strategy,https://www.pmi.org/standards/portfolio-management,report,OSINT,4.1,3,4,Euclid,def-area,GTM ops context
SRC-OPS-EXT-092,B,sales_motion,Sales motion PMO strategy,https://www.axelos.com/certifications/itil-service-management,article,OSINT,3.2,3,4,Euclid,def-area,RevOps demand bridge
SRC-OPS-EXT-093,B,madeira_platform,Madeira platform strategy PMO,https://www.apqc.org/,report,OSINT,4.1,3,4,Euclid,def-area,I76 delivery context
SRC-OPS-EXT-094,B,gtm_mops,I14 holistika internal GTM mops,https://www.gartner.com/en/sales/insights/revenue-operations,report,OSINT,3.2,3,4,Euclid,def-area,Lead intake SQL gate
SRC-OPS-EXT-095,B,compliance_mirror,Compliance mirror sync GHA,https://sre.google/sre-book/table-of-contents/,article,OSINT,4.1,3,4,Euclid,def-area,Terminal 16 PASS evidence
SRC-OPS-EXT-096,B,validate_research,validate_research_action.py,https://dora.dev/,report,OSINT,3.2,3,4,Euclid,def-area,Ledger schema gate
SRC-OPS-EXT-097,B,validate_area,validate_area_completeness.py Operations,https://www.dama.org/,report,OSINT,4.1,3,4,Euclid,def-area,AREA-03 unblock target
SRC-OPS-EXT-098,B,validate_hlk,validate_hlk.py umbrella,https://www.iso.org/,article,OSINT,3.2,3,4,Euclid,def-area,HLK compliance gate
SRC-OPS-EXT-099,B,pre_commit_fast,verify.py pre_commit_fast,https://kanban.university/,report,OSINT,4.1,3,4,Euclid,def-area,CI golden path
SRC-OPS-EXT-100,B,files_modified,files-modified.csv traceability,https://basecamp.com/shapeup,report,OSINT,3.2,3,4,Euclid,def-area,I94 planning CSV
SRC-OPS-EXT-101,B,changelog,CHANGELOG Unreleased entry,https://www.pmi.org/standards/portfolio-management,article,OSINT,4.1,3,4,Euclid,def-area,Operator-visible delta
SRC-OPS-EXT-102,B,precedence,PRECEDENCE.md Operations doctrine rows,https://www.axelos.com/certifications/itil-service-management,report,OSINT,3.2,3,4,Euclid,def-area,Canonical registration
SRC-OPS-EXT-103,B,operations_readme,Operations/README.md AREA-13,https://www.apqc.org/,report,OSINT,4.1,3,4,Euclid,def-area,Area index contract
SRC-OPS-EXT-104,B,operations_charter,OPERATIONS_AREA_CHARTER AREA-02,https://www.gartner.com/en/sales/insights/revenue-operations,article,OSINT,3.2,3,4,Euclid,def-area,Root area charter
SRC-OPS-EXT-105,B,operations_doctrine,OPERATIONS_DELIVERY_DISCIPLINE AREA-03,https://sre.google/sre-book/table-of-contents/,report,OSINT,4.1,3,4,Euclid,def-area,PMBOK 7 domains
SRC-OPS-EXT-106,B,operations_rule,akos-operations-delivery.mdc AREA-11,https://dora.dev/,report,OSINT,3.2,3,4,Euclid,def-area,Cursor rule pairing
SRC-OPS-EXT-107,B,operations_skill,operations-delivery-craft SKILL,https://www.dama.org/,article,OSINT,4.1,3,4,Euclid,def-area,Paired skill craft
SRC-OPS-EXT-108,B,p2_pairing_preview,12-process SOP+runbook pairing P2,https://www.iso.org/,report,OSINT,3.2,3,4,Euclid,def-area,Automation-first hol_opera
SRC-OPS-EXT-109,B,p4_placement,P4 IntelligenceOps placement charter,https://kanban.university/,report,OSINT,4.1,3,4,Euclid,def-area,No file moves without gate
SRC-OPS-EXT-110,B,p5_entity,P5 entity Envoy rework,https://basecamp.com/shapeup,article,OSINT,3.2,3,4,Euclid,def-area,Out of P3 scope
SRC-OPS-EXT-111,B,p6_legal,P6 Legal 8th area,https://www.pmi.org/standards/portfolio-management,report,OSINT,4.1,3,4,Euclid,def-area,Parallel not blocking
SRC-OPS-EXT-112,B,p7_subfolder,P7 AREA-16 remediation,https://www.axelos.com/certifications/itil-service-management,report,OSINT,3.2,3,4,Euclid,def-area,Canonical CSV gate
SRC-OPS-EXT-113,B,p8_regression,P8 Data regression v2,https://www.apqc.org/,article,OSINT,4.1,3,4,Euclid,def-area,Closure preservation
SRC-OPS-EXT-114,B,p9_closure,P9 closure UAT 11-section,https://www.gartner.com/en/sales/insights/revenue-operations,report,OSINT,3.2,3,4,Euclid,def-area,I94 programme end
SRC-OPS-EXT-115,B,iso22301,ISO 22301 business continuity,https://sre.google/sre-book/table-of-contents/,report,OSINT,4.1,3,4,Euclid,def-area,SMO continuity loop
SRC-OPS-EXT-116,B,iso20000,ISO 20000 service management,https://dora.dev/,article,OSINT,3.2,3,4,Euclid,def-area,SMO service catalog bar
SRC-OPS-EXT-117,B,cobit2019,COBIT 2019 governance framework,https://www.dama.org/,report,OSINT,4.1,3,4,Euclid,def-area,PMO governance domain
SRC-OPS-EXT-118,B,safe_agile,SAFe agile portfolio ops,https://www.iso.org/,report,OSINT,3.2,3,4,Euclid,def-area,PMO program portfolio
SRC-OPS-EXT-119,B,kanban_maturity,Kanban maturity model,https://kanban.university/,article,OSINT,4.1,3,4,Euclid,def-area,WIP/inbox flow metrics
SRC-OPS-EXT-120,B,toc_goldratt,Theory of Constraints ops,https://basecamp.com/shapeup,report,OSINT,3.2,3,4,Euclid,def-area,Delivery bottleneck focus
SRC-OPS-EXT-121,B,soc2_ops,SOC2 operational controls,https://www.pmi.org/standards/portfolio-management,report,OSINT,4.1,3,4,Euclid,def-area,Holistika ops evidence
SRC-OPS-EXT-122,B,nist_csf_ops,NIST CSF operational tier,https://www.axelos.com/certifications/itil-service-management,article,OSINT,3.2,3,4,Euclid,def-area,Tech handoff security
